salary,degree
57334.93867,Bachelor's
77730.35975,Bachelor's
74850.97896,Bachelor's
66438.05632,Bachelor's
56790.09331,Bachelor's
60842.70341,Bachelor's
80349.58238,Bachelor's
42896.59388,Bachelor's
42841.15299,Bachelor's
70133.54993,Bachelor's
45671.89422,Bachelor's
29655.77346,Bachelor's
70171.72447,Bachelor's
76213.5888,Bachelor's
60658.85814,Bachelor's
66416.31078,Bachelor's
49539.15384,Bachelor's
72257.39197,Bachelor's
71570.2132,Bachelor's
47476.87035,Bachelor's
56979.69473,Bachelor's
55571.03779,Bachelor's
50869.1092,Bachelor's
72849.33556,Bachelor's
96213.08051,Bachelor's
34546.83271,Bachelor's
64577.11358,Bachelor's
76035.58462,Bachelor's
87248.04601,Bachelor's
87841.06322,Bachelor's
51960.2433,Bachelor's
62886.49063,Bachelor's
72884.59178,Bachelor's
42817.3884,Bachelor's
53469.10612,Bachelor's
74482.77248,Bachelor's
56920.0396,Bachelor's
63393.65008,Bachelor's
38884.83703,Bachelor's
81369.56298,Bachelor's
82080.28491,Bachelor's
72055.97471,Bachelor's
66911.15683,Bachelor's
62545.25527,Bachelor's
79245.00177,Bachelor's
83986.32775,Bachelor's
54213.53902,Bachelor's
65848.37066,Bachelor's
47739.15254,Bachelor's
97117.7834,Bachelor's
70166.10469,Bachelor's
50078.14837,Bachelor's
48416.76822,Bachelor's
70675.89252,Bachelor's
70585.73653,Bachelor's
74085.99343,Bachelor's
57558.20993,Bachelor's
67218.32848,Bachelor's
73380.88683,Bachelor's
53518.43678,Bachelor's
40621.50939,Bachelor's
54045.96124,Bachelor's
33990.48165,Bachelor's
69388.39952,Bachelor's
67249.23866,Bachelor's
53098.11853,Bachelor's
72502.14058,Bachelor's
55971.06217,Bachelor's
47989.63501,Bachelor's
74559.30938,Bachelor's
71286.03363,Bachelor's
42129.52438,Bachelor's
76064.02086,Bachelor's
60980.5738,Bachelor's
67847.58211,Bachelor's
52823.76526,Bachelor's
72956.77645,Bachelor's
99259.21442,Bachelor's
51207.54068,Bachelor's
51001.05064,Bachelor's
62910.2039,Bachelor's
69721.94028,Bachelor's
66215.7872,Bachelor's
58354.5435,Bachelor's
61846.00306,Bachelor's
43737.93697,Bachelor's
48643.89739,Bachelor's
66896.87931,Bachelor's
44385.99297,Bachelor's
44912.44867,Bachelor's
62535.65299,Bachelor's
57322.9917,Bachelor's
75995.76499,Bachelor's
91840.75047,Bachelor's
44656.59727,Bachelor's
52299.59258,Bachelor's
49253.39375,Bachelor's
55720.85109,Bachelor's
80038.11307,Bachelor's
68568.96428,Bachelor's
79983.22161,Bachelor's
65518.86814,Bachelor's
61642.86519,Bachelor's
106038.2879,Bachelor's
91688.0296,Bachelor's
58581.16234,Bachelor's
57317.75908,Bachelor's
76842.19586,Bachelor's
68511.62066,Bachelor's
69408.80631,Bachelor's
56842.48931,Bachelor's
70847.61517,Bachelor's
55626.41817,Bachelor's
53559.5557,Bachelor's
71504.86197,Bachelor's
70077.28249,Bachelor's
69179.34181,Bachelor's
48285.59763,Bachelor's
74811.35206,Bachelor's
54588.16094,Bachelor's
82243.30599,Bachelor's
59011.24803,Bachelor's
70764.03798,Bachelor's
51932.4031,Bachelor's
78624.42967,Bachelor's
51078.97451,Bachelor's
88768.31849,Bachelor's
60437.04371,Bachelor's
72956.00982,Bachelor's
58132.62746,Bachelor's
51317.56494,Bachelor's
76683.11564,Bachelor's
45357.00612,Bachelor's
48127.88596,Bachelor's
69600.51506,Bachelor's
71543.66864,Bachelor's
57307.03775,Bachelor's
71628.06861,Bachelor's
53505.60035,Bachelor's
80932.24885,Bachelor's
55189.0644,Bachelor's
58454.03125,Bachelor's
78699.3009,Bachelor's
74312.35432,Bachelor's
71717.34298,Bachelor's
64983.73011,Bachelor's
86568.78352,Bachelor's
59080.97742,Bachelor's
71311.97197,Bachelor's
46700.09739,Bachelor's
51891.7184,Bachelor's
58838.27264,Bachelor's
54270.24362,Bachelor's
69163.51572,Bachelor's
62143.93137,Bachelor's
46766.03696,Bachelor's
54474.67155,Bachelor's
70533.35311,Bachelor's
46810.17944,Bachelor's
60521.07767,Bachelor's
46435.37315,Bachelor's
79225.75825,Bachelor's
77620.92273,Bachelor's
57186.38236,Bachelor's
68071.24153,Bachelor's
83121.73475,Bachelor's
71439.56794,Bachelor's
57624.03819,Bachelor's
92016.34618,Bachelor's
77411.53465,Bachelor's
60433.48985,Bachelor's
51584.66427,Bachelor's
61550.68539,Bachelor's
46868.98427,Bachelor's
94926.20103,Bachelor's
48476.82524,Bachelor's
73812.12956,Bachelor's
51958.10462,Bachelor's
61347.66354,Bachelor's
64236.98172,Bachelor's
70380.88086,Bachelor's
82354.72766,Bachelor's
57108.66164,Bachelor's
64816.66969,Bachelor's
89593.51001,Bachelor's
71244.29084,Bachelor's
81908.88688,Bachelor's
66148.48377,Bachelor's
73430.08017,Bachelor's
50190.10283,Bachelor's
61349.87126,Bachelor's
77090.08683,Bachelor's
76620.36484,Bachelor's
83143.7873,Bachelor's
64041.78944,Bachelor's
67091.23198,Bachelor's
81410.19358,Bachelor's
57756.54621,Bachelor's
41296.1944,Bachelor's
71282.16678,Bachelor's
103850.2864,Bachelor's
51786.25662,Bachelor's
38380.82422,Bachelor's
58845.34887,Bachelor's
63034.31975,Bachelor's
81628.017,Bachelor's
78561.31433,Bachelor's
58471.04475,Bachelor's
52568.18006,Bachelor's
94584.72851,Bachelor's
73915.65347,Bachelor's
54980.95938,Bachelor's
46583.67411,Bachelor's
61776.37167,Bachelor's
44295.14378,Bachelor's
58440.72288,Bachelor's
41140.11894,Bachelor's
94984.3536,Bachelor's
77833.55617,Bachelor's
62636.30398,Bachelor's
84428.55255,Bachelor's
92445.61791,Bachelor's
68531.26465,Bachelor's
67482.16958,Bachelor's
75789.84273,Bachelor's
57392.28673,Bachelor's
53790.32033,Bachelor's
47551.97159,Bachelor's
44280.66945,Bachelor's
67750.06834,Bachelor's
66826.05228,Bachelor's
85369.64996,Bachelor's
78547.00031,Bachelor's
86840.805,Bachelor's
58233.73073,Bachelor's
83029.27778,Bachelor's
54951.06695,Bachelor's
59825.08528,Bachelor's
95832.94945,Bachelor's
57283.53599,Bachelor's
47229.19448,Bachelor's
56789.52329,Bachelor's
49641.25597,Bachelor's
89717.2234,Bachelor's
74554.64886,Bachelor's
64123.42617,Bachelor's
71634.1995,Bachelor's
31117.57217,Bachelor's
72653.42332,Bachelor's
89755.53033,Bachelor's
81650.87889,Bachelor's
63783.73121,Bachelor's
74195.16631,Bachelor's
78822.66712,Bachelor's
74094.74199,Bachelor's
45616.70206,Bachelor's
45912.42157,Bachelor's
63788.47991,Bachelor's
60182.60235,Bachelor's
63375.85048,Bachelor's
78787.83968,Bachelor's
79623.68728,Bachelor's
58116.37376,Bachelor's
50064.53179,Bachelor's
53403.33305,Bachelor's
69588.06787,Bachelor's
59276.12426,Bachelor's
42227.05352,Bachelor's
94556.39628,Bachelor's
80452.13777,Bachelor's
74298.27198,Bachelor's
40028.0902,Bachelor's
84092.37281,Bachelor's
52638.93977,Bachelor's
51284.95848,Bachelor's
74127.50288,Bachelor's
38162.15286,Bachelor's
51330.29833,Bachelor's
93699.40618,Bachelor's
43278.50087,Bachelor's
70655.75302,Bachelor's
59439.62807,Bachelor's
78105.56938,Bachelor's
87521.62176,Bachelor's
53530.96704,Bachelor's
49337.161,Bachelor's
74288.53447,Bachelor's
63665.00551,Bachelor's
66092.47982,Bachelor's
54513.29998,Bachelor's
62712.69715,Bachelor's
66725.55438,Bachelor's
71657.26551,Bachelor's
59135.42037,Bachelor's
41446.32281,Bachelor's
55774.20772,Bachelor's
60406.93731,Bachelor's
36869.67647,Bachelor's
66089.37392,Bachelor's
68720.70417,Bachelor's
63528.17686,Bachelor's
68122.32233,Bachelor's
65263.6711,Bachelor's
49567.48271,Bachelor's
80741.60552,Bachelor's
71229.86434,Bachelor's
72750.8227,Bachelor's
69618.24288,Bachelor's
43886.10021,Bachelor's
57253.26351,Bachelor's
35351.81259,Bachelor's
61522.1481,Bachelor's
58515.0227,Bachelor's
37012.64771,Bachelor's
59170.33921,Bachelor's
40617.70222,Bachelor's
40069.75534,Bachelor's
54855.33648,Bachelor's
78065.63725,Bachelor's
50818.00228,Bachelor's
73569.15337,Bachelor's
68799.14066,Bachelor's
81784.65208,Bachelor's
71529.95157,Bachelor's
73871.25602,Bachelor's
27189.62778,Bachelor's
64402.89717,Bachelor's
91270.1446,Bachelor's
84578.789,Bachelor's
77446.02373,Bachelor's
91068.01223,Bachelor's
63374.50325,Bachelor's
53087.00218,Bachelor's
80750.54775,Bachelor's
81168.48099,Bachelor's
54085.88074,Bachelor's
58494.54358,Bachelor's
76638.74317,Bachelor's
63306.71244,Bachelor's
63856.363,Bachelor's
84993.03899,Bachelor's
46789.38774,Bachelor's
80367.27391,Bachelor's
55979.87505,Bachelor's
70756.79679,Bachelor's
66787.60641,Bachelor's
69235.47855,Bachelor's
73221.08252,Bachelor's
85434.57107,Bachelor's
46469.91496,Bachelor's
62247.30001,Bachelor's
66071.27007,Bachelor's
51402.3515,Bachelor's
58647.21441,Bachelor's
48225.17777,Bachelor's
57884.19488,Bachelor's
35171.53488,Bachelor's
63567.12684,Bachelor's
70092.57522,Bachelor's
46734.40874,Bachelor's
69808.59582,Bachelor's
55345.02773,Bachelor's
62320.7793,Bachelor's
68703.66462,Bachelor's
62296.44187,Bachelor's
74192.53702,Bachelor's
76219.81368,Bachelor's
61034.88916,Bachelor's
65391.06259,Bachelor's
60466.58336,Bachelor's
95894.95123,Bachelor's
47034.44236,Bachelor's
48441.12636,Bachelor's
64004.04561,Bachelor's
75141.19939,Bachelor's
87574.19623,Bachelor's
37671.88852,Bachelor's
92019.38493,Bachelor's
47231.38735,Bachelor's
62120.25075,Bachelor's
57814.93971,Bachelor's
83735.4158,Bachelor's
54642.84949,Bachelor's
62454.10364,Bachelor's
51221.82806,Bachelor's
63387.69817,Bachelor's
68973.19787,Bachelor's
79701.075,Bachelor's
60120.92136,Bachelor's
51111.20835,Bachelor's
68273.11723,Bachelor's
73708.26028,Bachelor's
50050.82573,Bachelor's
68835.91581,Bachelor's
70707.6502,Bachelor's
20984.56897,Bachelor's
53703.51466,Bachelor's
56570.19317,Bachelor's
84489.30206,Bachelor's
65555.01648,Bachelor's
96181.62906,Bachelor's
75133.80658,Bachelor's
67463.34316,Bachelor's
41268.30776,Bachelor's
38023.33025,Bachelor's
65609.14392,Bachelor's
52710.25872,Bachelor's
38708.33146,Bachelor's
78840.35152,Bachelor's
57580.48002,Bachelor's
77428.79813,Bachelor's
81600.1807,Bachelor's
86683.97587,Bachelor's
44009.67452,Bachelor's
39031.04603,Bachelor's
70322.53947,Bachelor's
87690.78413,Bachelor's
65577.70272,Bachelor's
66064.4634,Bachelor's
46373.35675,Bachelor's
35077.08134,Bachelor's
72898.00491,Bachelor's
61875.77611,Bachelor's
73483.85631,Bachelor's
92015.68092,Bachelor's
67741.68328,Bachelor's
83680.92087,Bachelor's
49221.43762,Bachelor's
65857.60599,Bachelor's
75286.46206,Bachelor's
44956.46165,Bachelor's
80844.82643,Bachelor's
63559.52202,Bachelor's
71792.44138,Bachelor's
63310.60178,Bachelor's
67183.11883,Bachelor's
74729.64634,Bachelor's
70422.12044,Bachelor's
75994.41481,Bachelor's
85879.05844,Bachelor's
62264.2197,Bachelor's
80339.53952,Bachelor's
49031.80558,Bachelor's
73130.08018,Bachelor's
71831.81908,Bachelor's
84723.74873,Bachelor's
56798.22556,Bachelor's
33629.3922,Bachelor's
62049.96625,Bachelor's
66282.10214,Bachelor's
92807.845,Bachelor's
81452.63966,Bachelor's
44270.89486,Bachelor's
72867.32556,Bachelor's
53626.81899,Bachelor's
63519.43853,Bachelor's
86527.23928,Bachelor's
70866.37445,Bachelor's
72725.032,Bachelor's
75183.1546,Bachelor's
51282.1772,Bachelor's
55373.30589,Bachelor's
41187.10944,Bachelor's
53937.80102,Bachelor's
73024.87117,Bachelor's
77845.72912,Bachelor's
60343.50373,Bachelor's
34233.5653,Bachelor's
76533.49664,Bachelor's
55759.77949,Bachelor's
52060.4538,Bachelor's
76069.83304,Bachelor's
72876.02673,Bachelor's
61052.66006,Bachelor's
44590.7669,Bachelor's
59211.53699,Bachelor's
64292.44504,Bachelor's
85860.06495,Bachelor's
52157.23925,Bachelor's
42954.4198,Bachelor's
30636.93673,Bachelor's
65221.03064,Bachelor's
87120.63407,Bachelor's
87855.09536,Bachelor's
86323.42043,Bachelor's
54816.79984,Bachelor's
52662.17428,Bachelor's
79374.29263,Bachelor's
75737.50018,Bachelor's
56774.22887,Bachelor's
53042.90643,Bachelor's
66967.94194,Bachelor's
42126.80819,Bachelor's
90930.106,Bachelor's
75880.13339,Bachelor's
74990.26074,Bachelor's
84054.56515,Bachelor's
74455.06264,Bachelor's
85303.35729,Bachelor's
100648.4104,Bachelor's
49134.7052,Bachelor's
75127.03881,Bachelor's
65595.04002,Bachelor's
62134.85339,Bachelor's
49811.28692,Bachelor's
73556.91093,Bachelor's
37078.95934,Bachelor's
62085.38281,Bachelor's
55073.63817,Bachelor's
55080.41055,Bachelor's
65217.36523,Bachelor's
54062.05778,Bachelor's
58937.91917,Bachelor's
48256.58776,Bachelor's
85301.02979,Bachelor's
54103.90903,Bachelor's
73775.46678,Bachelor's
43034.85158,Bachelor's
45996.45767,Bachelor's
83418.40286,Bachelor's
58985.4187,Bachelor's
54550.70864,Bachelor's
74722.69812,Bachelor's
82201.03033,Bachelor's
54620.55398,Bachelor's
64201.99765,Bachelor's
64534.98088,Bachelor's
51227.17156,Bachelor's
74696.65911,Bachelor's
60319.64197,Bachelor's
67151.02811,Bachelor's
78487.03783,Bachelor's
65058.16672,Bachelor's
64688.52834,Bachelor's
55727.45874,Bachelor's
68906.83128,Bachelor's
74433.62304,Bachelor's
93146.79212,Bachelor's
92694.21355,Bachelor's
60916.90918,Bachelor's
60447.68924,Bachelor's
88467.20997,Bachelor's
71438.5377,Bachelor's
56472.62552,Bachelor's
80565.72349,Bachelor's
52836.08844,Bachelor's
68776.45488,Bachelor's
62676.8129,Bachelor's
65718.85151,Bachelor's
41939.59589,Bachelor's
50561.07303,Bachelor's
46210.53952,Bachelor's
31697.12315,Bachelor's
52503.31647,Bachelor's
74932.89908,Bachelor's
63037.26216,Bachelor's
58755.8306,Bachelor's
80199.82894,Bachelor's
47113.88133,Bachelor's
52869.19652,Bachelor's
57697.41933,Bachelor's
88562.92527,Bachelor's
38815.09745,Bachelor's
84100.55733,Bachelor's
63359.66455,Bachelor's
57198.824,Bachelor's
50798.90895,Bachelor's
78369.80878,Bachelor's
86624.0343,Bachelor's
82538.31423,Bachelor's
65423.88525,Bachelor's
57695.64754,Bachelor's
44718.92421,Bachelor's
74891.16077,Bachelor's
68996.08711,Bachelor's
59808.16265,Bachelor's
43761.46475,Bachelor's
85087.06832,Bachelor's
67783.91372,Bachelor's
76047.82379,Bachelor's
70987.11654,Bachelor's
67202.0749,Bachelor's
47204.0008,Bachelor's
63120.49392,Bachelor's
79500.43182,Bachelor's
75521.15752,Bachelor's
51395.34707,Bachelor's
69419.34531,Bachelor's
72986.34538,Bachelor's
42382.04633,Bachelor's
36142.94202,Bachelor's
42982.66628,Bachelor's
57885.40934,Bachelor's
71656.09913,Bachelor's
70020.1288,Bachelor's
64836.13437,Bachelor's
66880.03513,Bachelor's
65219.95874,Bachelor's
37369.05538,Bachelor's
62485.41861,Bachelor's
65631.27049,Bachelor's
93596.4087,Bachelor's
57943.58576,Bachelor's
71354.9202,Bachelor's
43405.18716,Bachelor's
48922.3012,Bachelor's
72035.1423,Bachelor's
80294.17344,Bachelor's
59951.87573,Bachelor's
42964.02097,Bachelor's
69417.26137,Bachelor's
50844.22502,Bachelor's
44931.16009,Bachelor's
78630.81859,Bachelor's
59523.07193,Bachelor's
73153.64419,Bachelor's
67907.93918,Bachelor's
73277.62495,Bachelor's
72882.92989,Bachelor's
78677.50133,Bachelor's
79297.26085,Bachelor's
82520.71208,Bachelor's
80936.52562,Bachelor's
76207.21908,Bachelor's
60537.28155,Bachelor's
68700.95146,Bachelor's
65866.54454,Bachelor's
63850.68657,Bachelor's
78473.58087,Bachelor's
35752.44584,Bachelor's
59101.22113,Bachelor's
80452.80981,Bachelor's
56071.88501,Bachelor's
97155.11036,Bachelor's
74802.39811,Bachelor's
62281.23445,Bachelor's
56913.17889,Bachelor's
70312.06364,Bachelor's
58492.41561,Bachelor's
63059.88763,Bachelor's
62928.39211,Bachelor's
85310.39588,Bachelor's
44430.93642,Bachelor's
63656.53374,Bachelor's
52304.96137,Bachelor's
85186.01457,Bachelor's
58803.16972,Bachelor's
48133.01711,Bachelor's
55932.22864,Bachelor's
81677.83279,Bachelor's
79047.09158,Bachelor's
39321.99917,Bachelor's
88014.23667,Bachelor's
81636.19525,Bachelor's
34548.22052,Bachelor's
75123.32387,Bachelor's
89582.95,Bachelor's
75826.75987,Bachelor's
92769.92442,Bachelor's
62679.24905,Bachelor's
73323.86057,Bachelor's
69314.08494,Bachelor's
66541.83705,Bachelor's
99001.16086,Bachelor's
73426.53744,Bachelor's
58726.63732,Bachelor's
85660.99883,Bachelor's
39641.55945,Bachelor's
78662.23924,Bachelor's
75638.85084,Bachelor's
79615.27182,Bachelor's
64521.94744,Bachelor's
73098.07156,Bachelor's
46883.18389,Bachelor's
50336.19016,Bachelor's
59902.21801,Bachelor's
51550.94669,Bachelor's
42160.49554,Bachelor's
44755.74724,Bachelor's
42033.53612,Bachelor's
38782.16279,Bachelor's
46418.78388,Bachelor's
87318.28855,Bachelor's
55170.38779,Bachelor's
69722.66011,Bachelor's
60732.41975,Bachelor's
39863.14449,Bachelor's
77746.99487,Bachelor's
77657.45558,Bachelor's
52340.94463,Bachelor's
84616.48133,Bachelor's
50844.29515,Bachelor's
74281.61757,Bachelor's
50965.74943,Bachelor's
57759.77166,Bachelor's
55244.30416,Bachelor's
74144.40129,Bachelor's
61809.51957,Bachelor's
66874.56247,Bachelor's
75553.50217,Bachelor's
67258.21479,Bachelor's
51881.82064,Bachelor's
65071.17141,Bachelor's
84351.78119,Bachelor's
46182.20592,Bachelor's
56154.03989,Bachelor's
64521.05433,Bachelor's
66324.53104,Bachelor's
62843.46074,Bachelor's
60842.55173,Bachelor's
67984.64054,Bachelor's
49953.42727,Bachelor's
54443.94,Bachelor's
76512.24044,Bachelor's
67796.06109,Bachelor's
65619.00314,Bachelor's
84870.60813,Bachelor's
51701.03119,Bachelor's
70372.36856,Bachelor's
83638.98109,Bachelor's
60694.51785,Bachelor's
85134.46075,Bachelor's
96318.32619,Bachelor's
80384.32268,Bachelor's
34082.16273,Bachelor's
83953.03005,Bachelor's
46955.51962,Bachelor's
77442.78248,Bachelor's
72341.77883,Bachelor's
53203.77342,Bachelor's
93290.34509,Bachelor's
53465.63296,Bachelor's
96848.92947,Bachelor's
40526.5798,Bachelor's
78464.84143,Bachelor's
67311.96385,Bachelor's
54464.71084,Bachelor's
82487.07402,Bachelor's
55120.97214,Bachelor's
41486.62145,Bachelor's
87940.33036,Bachelor's
61021.08472,Bachelor's
80274.35384,Bachelor's
46111.74244,Bachelor's
88962.70661,Bachelor's
48219.18026,Bachelor's
85624.47608,Bachelor's
84907.67537,Bachelor's
64508.18053,Bachelor's
34225.40788,Bachelor's
58949.64705,Bachelor's
39139.40709,Bachelor's
74470.90736,Bachelor's
53907.80528,Bachelor's
82140.50714,Bachelor's
73688.27297,Bachelor's
78683.98569,Bachelor's
51504.66068,Bachelor's
57884.1653,Bachelor's
70813.38249,Bachelor's
80890.96769,Bachelor's
78066.02885,Bachelor's
81230.65252,Bachelor's
58342.88565,Bachelor's
87332.33378,Bachelor's
77691.82283,Bachelor's
84233.81981,Bachelor's
77768.77891,Bachelor's
61241.64326,Bachelor's
64654.56132,Bachelor's
65416.44844,Bachelor's
69306.76121,Bachelor's
57851.46262,Bachelor's
58844.88249,Bachelor's
84537.59182,Bachelor's
56430.58455,Bachelor's
82631.25289,Bachelor's
59700.23843,Bachelor's
75788.2929,Bachelor's
64461.15904,Bachelor's
57590.99199,Bachelor's
61996.23281,Bachelor's
58093.40321,Bachelor's
49606.74421,Bachelor's
33586.25643,Bachelor's
61090.61522,Bachelor's
53941.5686,Bachelor's
50725.43529,Bachelor's
81071.60502,Bachelor's
57394.17676,Bachelor's
59445.16621,Bachelor's
65444.69623,Bachelor's
94507.82831,Bachelor's
66897.20598,Bachelor's
62980.8161,Bachelor's
85443.86721,Bachelor's
47066.40508,Bachelor's
65972.54879,Bachelor's
53672.86136,Bachelor's
67573.11351,Bachelor's
54397.87398,Bachelor's
85719.79968,Bachelor's
85813.12648,Bachelor's
67552.99143,Bachelor's
78525.99426,Bachelor's
85332.52215,Bachelor's
16430.49245,Bachelor's
53566.81802,Bachelor's
74871.43367,Bachelor's
72501.85107,Bachelor's
81876.83748,Bachelor's
73212.17085,Bachelor's
60300.05994,Bachelor's
49586.76603,Bachelor's
63722.36267,Bachelor's
86917.63937,Bachelor's
52503.85475,Bachelor's
73917.54197,Bachelor's
82065.25834,Bachelor's
80866.4955,Bachelor's
68290.34676,Bachelor's
63698.73747,Bachelor's
58858.57377,Bachelor's
64917.03051,Bachelor's
59788.05509,Bachelor's
56383.00247,Bachelor's
49759.62846,Bachelor's
65693.32019,Bachelor's
68464.19679,Bachelor's
55509.87021,Bachelor's
55283.78736,Bachelor's
68787.36604,Bachelor's
57208.6311,Bachelor's
78798.93472,Bachelor's
89668.83549,Bachelor's
76224.88533,Bachelor's
60933.30321,Bachelor's
60360.67232,Bachelor's
57999.4868,Bachelor's
52071.04427,Bachelor's
41444.39993,Bachelor's
82963.85924,Bachelor's
55196.84456,Bachelor's
56271.59582,Bachelor's
38876.03929,Bachelor's
93988.92082,Bachelor's
65291.1934,Bachelor's
53190.25493,Bachelor's
64961.1943,Bachelor's
75285.85992,Bachelor's
58781.46993,Bachelor's
59746.27436,Bachelor's
87008.2722,Bachelor's
94569.33905,Bachelor's
84644.29441,Bachelor's
76658.37164,Bachelor's
70441.86887,Bachelor's
72187.70746,Bachelor's
82947.49193,Bachelor's
84803.36242,Bachelor's
58398.86507,Bachelor's
67284.4749,Bachelor's
59417.28346,Bachelor's
56910.38053,Bachelor's
51630.47406,Bachelor's
61086.84555,Bachelor's
42975.37019,Bachelor's
30142.71439,Bachelor's
46959.00236,Bachelor's
73693.87514,Bachelor's
51888.106,Bachelor's
57433.12866,Bachelor's
58385.74037,Bachelor's
55093.45243,Bachelor's
59379.35404,Bachelor's
57289.42451,Bachelor's
76569.68915,Bachelor's
62729.25456,Bachelor's
55822.44709,Bachelor's
70535.88087,Bachelor's
73152.69071,Bachelor's
66024.64266,Bachelor's
76450.26865,Bachelor's
50084.83511,Bachelor's
60610.53646,Bachelor's
99359.62917,Bachelor's
86966.82235,Bachelor's
71828.5203,Bachelor's
47815.85042,Bachelor's
54103.86306,Bachelor's
37127.14437,Bachelor's
43540.64887,Bachelor's
64194.3382,Bachelor's
64731.80966,Bachelor's
72945.50501,Bachelor's
115315.5543,Bachelor's
63593.19644,Bachelor's
51593.68497,Bachelor's
43364.89472,Bachelor's
64741.32875,Bachelor's
48155.36569,Bachelor's
68746.28769,Bachelor's
52691.61496,Bachelor's
44583.58322,Bachelor's
69545.86828,Bachelor's
69245.94635,Bachelor's
47471.85009,Bachelor's
85067.85161,Bachelor's
51651.64537,Bachelor's
58596.31088,Bachelor's
72282.84485,Bachelor's
64839.33567,Bachelor's
46075.40405,Bachelor's
59182.49055,Bachelor's
81368.87346,Bachelor's
48294.62236,Bachelor's
77342.555,Bachelor's
49498.69058,Bachelor's
45538.0548,Bachelor's
70939.2622,Bachelor's
79954.04321,Bachelor's
67965.61006,Bachelor's
58659.87738,Bachelor's
54157.72462,Bachelor's
68591.10812,Bachelor's
59998.91041,Bachelor's
52459.40672,Bachelor's
89788.38172,Bachelor's
30960.9621,Bachelor's
71448.78847,Bachelor's
54268.79547,Bachelor's
56899.63857,Bachelor's
66147.07434,Bachelor's
51673.60615,Bachelor's
86849.32544,Bachelor's
64613.31327,Bachelor's
63051.37555,Bachelor's
59496.11066,Bachelor's
59436.9158,Bachelor's
70867.19786,Bachelor's
67402.02991,Bachelor's
82533.15909,Bachelor's
51708.33423,Bachelor's
65956.79612,Bachelor's
49972.19357,Bachelor's
63237.93038,Bachelor's
88832.44842,Bachelor's
86906.67173,Bachelor's
61638.6617,Bachelor's
65129.22965,Bachelor's
45635.10308,Bachelor's
59581.66873,Bachelor's
72996.5695,Bachelor's
95882.72359,Bachelor's
59355.2866,Bachelor's
69645.58574,Bachelor's
76739.31747,Bachelor's
55668.68682,Bachelor's
61152.11329,Bachelor's
76472.42137,Bachelor's
64364.17058,Bachelor's
66497.63251,Bachelor's
71989.79387,Bachelor's
50497.75681,Bachelor's
70026.35588,Bachelor's
43128.94425,Bachelor's
69121.24435,Bachelor's
73841.59128,Bachelor's
56207.49714,Bachelor's
60258.55954,Bachelor's
84284.20906,Bachelor's
61774.52547,Bachelor's
72090.19869,Bachelor's
95017.46029,Bachelor's
59140.59296,Bachelor's
54547.85133,Bachelor's
78202.33881,Bachelor's
96711.07866,Bachelor's
73500.50804,Bachelor's
54861.90623,Bachelor's
74485.56176,Bachelor's
50365.42256,Bachelor's
44868.54206,Bachelor's
54958.73119,Bachelor's
73554.50492,Bachelor's
68985.75578,Bachelor's
69749.10156,Bachelor's
58515.95939,Bachelor's
68837.63456,Bachelor's
65108.76696,Bachelor's
39941.05331,Bachelor's
58453.57695,Bachelor's
67577.35047,Bachelor's
32653.63274,Bachelor's
63299.4353,Bachelor's
72841.36687,Bachelor's
66384.22753,Bachelor's
91838.37134,Bachelor's
59320.52034,Bachelor's
67308.45121,Bachelor's
90227.6565,Bachelor's
63416.5419,Bachelor's
43740.80347,Bachelor's
94164.49818,Bachelor's
62282.60837,Bachelor's
51526.17909,Bachelor's
71792.65582,Bachelor's
44588.02478,Bachelor's
70784.62861,Bachelor's
81707.10978,Bachelor's
61339.17764,Bachelor's
67088.56294,Bachelor's
60708.9877,Bachelor's
77238.57152,Bachelor's
67701.23805,Bachelor's
75754.83202,Bachelor's
66460.10884,Bachelor's
84264.74427,Bachelor's
24349.07415,Bachelor's
44990.11248,Bachelor's
67764.7746,Bachelor's
64647.49417,Bachelor's
52873.79156,Bachelor's
63652.08359,Bachelor's
52803.40479,Bachelor's
59208.23074,Bachelor's
40695.75096,Bachelor's
55033.27349,Bachelor's
67397.33721,Bachelor's
68842.77392,Bachelor's
49248.99744,Bachelor's
77865.16181,Bachelor's
74448.05361,Bachelor's
84225.5027,Bachelor's
77020.35232,Bachelor's
75173.10471,Bachelor's
74173.12229,Bachelor's
51776.38469,Bachelor's
91278.29742,Bachelor's
63003.01869,Bachelor's
42293.61846,Bachelor's
74743.76727,Bachelor's
76704.57165,Bachelor's
65385.48079,Bachelor's
51411.63944,Bachelor's
68999.9487,Bachelor's
94741.36849,Bachelor's
91414.72538,Bachelor's
65274.14677,Bachelor's
59353.81455,Bachelor's
52756.68856,Bachelor's
65989.09282,Bachelor's
28310.88396,Bachelor's
55640.72644,Bachelor's
14829.21924,Bachelor's
27007.85956,Bachelor's
70995.96308,Bachelor's
66872.21,Bachelor's
66686.96432,Bachelor's
44076.4237,Bachelor's
68832.76638,Bachelor's
45765.87165,Bachelor's
82445.43481,Bachelor's
84109.76726,Bachelor's
68453.35545,Bachelor's
32240.23938,Bachelor's
69340.54651,Bachelor's
79035.75839,Bachelor's
67865.55617,Bachelor's
50918.04659,Bachelor's
59988.81052,Bachelor's
67357.44695,Bachelor's
75560.6903,Bachelor's
90897.49149,Bachelor's
86778.56489,Bachelor's
66270.49008,Bachelor's
63533.91345,Bachelor's
82761.63137,Bachelor's
52965.75647,Bachelor's
64843.0387,Bachelor's
51731.38061,Bachelor's
53510.87245,Bachelor's
55469.17509,Bachelor's
49742.87583,Bachelor's
72679.0161,Bachelor's
66334.82691,Bachelor's
48633.76493,Bachelor's
88873.71153,Bachelor's
70454.47515,Bachelor's
69042.71141,Bachelor's
43244.17207,Bachelor's
72794.65018,Bachelor's
62785.00232,Bachelor's
50534.75389,Bachelor's
67246.74488,Bachelor's
67183.29936,Bachelor's
56025.82129,Bachelor's
77269.78014,Bachelor's
29199.40371,Bachelor's
72785.5847,Bachelor's
56805.61076,Bachelor's
54903.38505,Bachelor's
46080.79817,Bachelor's
50486.86226,Bachelor's
60937.46816,Bachelor's
57768.21898,Bachelor's
60482.18345,Bachelor's
83699.09911,Bachelor's
59851.38242,Bachelor's
75568.65554,Bachelor's
83003.03096,Bachelor's
65503.40809,Bachelor's
95577.94296,Bachelor's
79501.42942,Bachelor's
47617.2354,Bachelor's
62821.12997,Bachelor's
75888.8167,Bachelor's
59855.32086,Bachelor's
58011.61851,Bachelor's
67950.07343,Bachelor's
57377.47217,Bachelor's
71294.46996,Bachelor's
87088.28768,Bachelor's
53755.11268,Bachelor's
68907.44427,Bachelor's
51571.31546,Bachelor's
46114.51809,Bachelor's
39930.9347,Bachelor's
84718.00863,Bachelor's
79177.68998,Bachelor's
56295.99655,Bachelor's
88293.86023,Bachelor's
66664.43708,Bachelor's
78295.63976,Bachelor's
41578.34316,Bachelor's
50177.90596,Bachelor's
79582.69515,Bachelor's
59525.58837,Bachelor's
51826.60407,Bachelor's
59509.58972,Bachelor's
64066.95143,Bachelor's
70214.32676,Bachelor's
51099.84557,Bachelor's
81158.57285,Bachelor's
102829.4298,Bachelor's
73520.08296,Bachelor's
58687.98098,Bachelor's
69879.6748,Bachelor's
45401.19637,Bachelor's
43082.4427,Bachelor's
63139.0019,Bachelor's
59842.50498,Bachelor's
54118.0779,Bachelor's
55576.01227,Bachelor's
64243.94212,Bachelor's
80932.74013,Bachelor's
78447.98928,Bachelor's
58066.08245,Bachelor's
82867.74428,Bachelor's
53112.03501,Bachelor's
47682.4379,Bachelor's
65895.94643,Bachelor's
59382.32372,Bachelor's
28042.1294,Bachelor's
64430.26719,Bachelor's
65605.17344,Bachelor's
51567.28441,Bachelor's
95323.9512,Bachelor's
78098.30937,Bachelor's
77189.35778,Bachelor's
93263.46086,Bachelor's
82475.90249,Bachelor's
52698.2558,Bachelor's
81026.2918,Bachelor's
84264.81198,Bachelor's
66786.04058,Bachelor's
58878.24593,Bachelor's
70368.49817,Bachelor's
22343.44806,Bachelor's
73775.10196,Bachelor's
61385.05378,Bachelor's
36565.95543,Bachelor's
46828.84603,Bachelor's
70952.10548,Bachelor's
48776.04767,Bachelor's
49730.7043,Bachelor's
64497.70819,Bachelor's
31261.33794,Bachelor's
67211.34649,Bachelor's
75978.42133,Bachelor's
75041.12836,Bachelor's
93957.86191,Bachelor's
47126.80578,Bachelor's
59859.19495,Bachelor's
49266.98107,Bachelor's
66933.51725,Bachelor's
69578.63326,Bachelor's
62772.35403,Bachelor's
86112.2711,Bachelor's
70390.93923,Bachelor's
73916.1636,Bachelor's
63448.05174,Bachelor's
76555.69451,Bachelor's
72451.02948,Bachelor's
69668.48231,Bachelor's
35326.11378,Bachelor's
57665.64962,Bachelor's
52466.86784,Bachelor's
95552.81485,Bachelor's
70706.50282,Bachelor's
68981.45724,Bachelor's
75896.318,Bachelor's
45913.26902,Bachelor's
50753.41476,Bachelor's
61357.45991,Bachelor's
76852.5294,Bachelor's
62652.99723,Bachelor's
91245.70975,Bachelor's
83368.01081,Bachelor's
84528.81453,Bachelor's
77116.02607,Bachelor's
89670.12406,Bachelor's
70543.54136,Bachelor's
50182.66273,Bachelor's
69500.08425,Bachelor's
40203.52004,Bachelor's
62800.58842,Bachelor's
61830.3664,Bachelor's
78588.52819,Bachelor's
79716.29372,Bachelor's
86851.93488,Bachelor's
77937.90734,Bachelor's
58060.84029,Bachelor's
78476.57929,Bachelor's
54616.47355,Bachelor's
76912.69115,Bachelor's
75253.10203,Bachelor's
67676.38729,Bachelor's
64655.43609,Bachelor's
66413.07568,Bachelor's
51784.39736,Bachelor's
75140.36476,Bachelor's
69741.90242,Bachelor's
38526.32405,Bachelor's
97230.87768,Bachelor's
52875.29314,Bachelor's
66500.27808,Bachelor's
41438.81317,Bachelor's
77323.56644,Bachelor's
80313.38016,Bachelor's
71816.67252,Bachelor's
75710.84395,Bachelor's
42876.54846,Bachelor's
78637.39359,Bachelor's
46688.57269,Bachelor's
69226.62378,Bachelor's
56008.73851,Bachelor's
99242.48419,Bachelor's
65454.39462,Bachelor's
61130.01448,Bachelor's
60509.59215,Bachelor's
58199.22653,Bachelor's
71790.37244,Bachelor's
64758.14746,Bachelor's
71701.67032,Bachelor's
64421.01775,Bachelor's
72267.75176,Bachelor's
53311.41873,Bachelor's
64439.61099,Bachelor's
87988.16886,Bachelor's
74688.05711,Bachelor's
64097.18899,Bachelor's
67293.47319,Bachelor's
78819.00171,Bachelor's
64230.48346,Bachelor's
48923.51773,Bachelor's
70132.61748,Bachelor's
56069.59222,Bachelor's
95124.62965,Bachelor's
86363.61528,Bachelor's
77458.81694,Bachelor's
87691.14866,Bachelor's
84820.11374,Bachelor's
73646.581,Bachelor's
98564.28877,Bachelor's
61235.91685,Bachelor's
58515.56652,Bachelor's
59220.66319,Bachelor's
47298.07241,Bachelor's
78954.04948,Bachelor's
74720.82688,Bachelor's
46908.05661,Bachelor's
60858.0023,Bachelor's
58280.67183,Bachelor's
64889.90747,Bachelor's
69418.24717,Bachelor's
77128.65558,Bachelor's
61967.22407,Bachelor's
47926.75137,Bachelor's
59373.38469,Bachelor's
60424.61414,Bachelor's
73687.3109,Bachelor's
75616.04045,Bachelor's
85560.69145,Bachelor's
65985.02988,Bachelor's
71425.77459,Bachelor's
82203.90713,Bachelor's
58858.72417,Bachelor's
91016.99844,Bachelor's
103464.0022,Bachelor's
52876.44727,Bachelor's
61588.93565,Bachelor's
60343.80069,Bachelor's
54150.72988,Bachelor's
68774.56692,Bachelor's
94868.5483,Bachelor's
70567.75841,Bachelor's
70037.3553,Bachelor's
71826.91953,Bachelor's
70271.07586,Bachelor's
85422.46841,Bachelor's
65579.25915,Bachelor's
73849.68284,Bachelor's
67327.80834,Bachelor's
69187.76698,Bachelor's
36987.41893,Bachelor's
66673.7778,Bachelor's
56621.87883,Bachelor's
81674.61372,Bachelor's
63782.58819,Bachelor's
62376.8803,Bachelor's
61675.91792,Bachelor's
87433.25752,Bachelor's
78109.61724,Bachelor's
81614.69486,Bachelor's
91535.83211,Bachelor's
49499.65933,Bachelor's
70567.69928,Bachelor's
72357.49819,Bachelor's
49450.92337,Bachelor's
74457.67314,Bachelor's
66904.56894,Bachelor's
62209.40742,Bachelor's
62227.41024,Bachelor's
40094.67367,Bachelor's
48393.90826,Bachelor's
41586.85678,Bachelor's
62412.3126,Bachelor's
58725.84021,Bachelor's
52017.31589,Bachelor's
47531.77867,Bachelor's
77812.94276,Bachelor's
66117.53559,Bachelor's
65418.73447,Bachelor's
70825.71111,Bachelor's
29867.34212,Bachelor's
53445.50661,Bachelor's
53843.00749,Bachelor's
56820.94511,Bachelor's
74500.35707,Bachelor's
64954.96742,Bachelor's
50077.58552,Bachelor's
83059.10523,Bachelor's
90079.05907,Bachelor's
75334.00419,Bachelor's
76007.46764,Bachelor's
72449.95288,Bachelor's
49130.9898,Bachelor's
43624.16929,Bachelor's
43123.358,Bachelor's
97396.64935,Bachelor's
46982.46029,Bachelor's
58957.34414,Bachelor's
77037.93932,Bachelor's
34906.12683,Bachelor's
71638.76397,Bachelor's
64785.09554,Bachelor's
78468.22678,Bachelor's
59273.84098,Bachelor's
63717.35227,Bachelor's
74099.62749,Bachelor's
49775.0277,Bachelor's
49394.39845,Bachelor's
73734.48074,Bachelor's
89159.25477,Bachelor's
70926.87285,Bachelor's
52058.16013,Bachelor's
66756.94496,Bachelor's
82700.94749,Bachelor's
71515.34982,Bachelor's
60566.15225,Bachelor's
45291.94041,Bachelor's
76713.66851,Bachelor's
50984.04667,Bachelor's
84155.85535,Bachelor's
67327.68823,Bachelor's
68621.78165,Bachelor's
74040.42149,Bachelor's
76366.77545,Bachelor's
44776.27026,Bachelor's
52233.77597,Bachelor's
67962.51509,Bachelor's
77213.21619,Bachelor's
75245.0013,Bachelor's
63438.21925,Bachelor's
63987.92802,Bachelor's
52647.87104,Bachelor's
92274.05336,Bachelor's
47419.8631,Bachelor's
47173.39959,Bachelor's
69100.43943,Bachelor's
62487.82868,Bachelor's
62492.18397,Bachelor's
68714.04013,Bachelor's
61306.49101,Bachelor's
69659.8732,Bachelor's
88517.16614,Bachelor's
60306.08489,Bachelor's
75108.22237,Bachelor's
45289.90376,Bachelor's
65391.62619,Bachelor's
109248.9841,Bachelor's
66442.14251,Bachelor's
75415.0865,Bachelor's
78332.73252,Bachelor's
45454.78039,Bachelor's
73092.22084,Bachelor's
104148.1374,Bachelor's
66927.84521,Bachelor's
89488.86376,Bachelor's
64555.91429,Bachelor's
44141.4219,Bachelor's
74820.36719,Bachelor's
56589.25676,Bachelor's
45489.42134,Bachelor's
44666.85379,Bachelor's
52215.45054,Bachelor's
73910.11471,Bachelor's
51808.76298,Bachelor's
49088.64775,Bachelor's
64116.33197,Bachelor's
62373.93207,Bachelor's
105758.1941,Bachelor's
69014.74966,Bachelor's
87270.78893,Bachelor's
41486.06322,Bachelor's
69533.05764,Bachelor's
61725.19103,Bachelor's
62161.59721,Bachelor's
54713.129,Bachelor's
64841.71382,Bachelor's
80231.0593,Bachelor's
71779.11281,Bachelor's
77315.31401,Bachelor's
75736.56354,Bachelor's
30935.69896,Bachelor's
64631.29419,Bachelor's
45540.0671,Bachelor's
52928.00735,Bachelor's
56294.03355,Bachelor's
58628.67495,Bachelor's
33922.25611,Bachelor's
45889.59242,Bachelor's
60920.63131,Bachelor's
46395.42737,Bachelor's
44855.02545,Bachelor's
48356.72643,Bachelor's
80092.2245,Bachelor's
60779.46936,Bachelor's
67961.45664,Bachelor's
62670.69665,Bachelor's
59008.18157,Bachelor's
67149.3002,Bachelor's
48899.75308,Bachelor's
74570.614,Bachelor's
82595.2154,Bachelor's
84326.43328,Bachelor's
66981.12679,Bachelor's
77937.57021,Bachelor's
70366.30097,Bachelor's
81746.60205,Bachelor's
61653.16597,Bachelor's
90097.27224,Bachelor's
64288.63968,Bachelor's
70737.9555,Bachelor's
58496.95344,Bachelor's
88529.69482,Bachelor's
79670.67438,Bachelor's
63331.76766,Bachelor's
77822.20109,Bachelor's
69246.3079,Bachelor's
94555.05826,Bachelor's
62966.96243,Bachelor's
70139.72632,Bachelor's
64160.50738,Bachelor's
57731.18308,Bachelor's
88951.37119,Bachelor's
60571.38958,Bachelor's
75914.37172,Bachelor's
46759.3482,Bachelor's
52945.55893,Bachelor's
49055.50789,Bachelor's
86828.50378,Bachelor's
27327.4838,Bachelor's
69792.97773,Bachelor's
65557.1501,Bachelor's
50355.9009,Bachelor's
72181.82782,Bachelor's
61750.95799,Bachelor's
87032.94052,Bachelor's
83309.91037,Bachelor's
63125.62675,Bachelor's
76523.93855,Bachelor's
71314.3007,Bachelor's
73973.35832,Bachelor's
42948.95633,Bachelor's
84053.10198,Bachelor's
90102.85886,Bachelor's
54322.39845,Bachelor's
77459.55243,Bachelor's
65451.16216,Bachelor's
30955.71348,Bachelor's
58482.87963,Bachelor's
39350.81004,Bachelor's
67814.31658,Bachelor's
77323.64961,Bachelor's
64867.29258,Bachelor's
51792.76332,Bachelor's
79973.13409,Bachelor's
62203.4403,Bachelor's
75608.31542,Bachelor's
57818.19767,Bachelor's
71303.86551,Bachelor's
53111.90398,Bachelor's
52580.38378,Bachelor's
94469.17047,Bachelor's
55911.87126,Bachelor's
53351.08401,Bachelor's
78201.62477,Bachelor's
58807.59473,Bachelor's
75187.82435,Bachelor's
61371.49578,Bachelor's
58667.48705,Bachelor's
68567.16917,Bachelor's
62125.12777,Bachelor's
47082.14404,Bachelor's
93774.80076,Bachelor's
80719.23137,Bachelor's
77668.26432,Bachelor's
70251.53511,Bachelor's
80345.17058,Bachelor's
70827.5259,Bachelor's
67650.32009,Bachelor's
63115.52331,Bachelor's
51756.09244,Bachelor's
72331.18562,Bachelor's
56155.57228,Bachelor's
64952.83941,Bachelor's
63694.0468,Bachelor's
73642.03168,Bachelor's
72798.9096,Bachelor's
38851.52738,Bachelor's
47761.53422,Bachelor's
71122.62655,Bachelor's
59620.80419,Bachelor's
70147.87937,Bachelor's
74566.00007,Bachelor's
66373.80587,Bachelor's
30708.87737,Bachelor's
65085.09658,Bachelor's
85412.0643,Bachelor's
59926.89612,Bachelor's
58842.24331,Bachelor's
69380.59459,Bachelor's
47805.44467,Bachelor's
54358.88887,Bachelor's
83185.16571,Bachelor's
62871.77785,Bachelor's
52210.78013,Bachelor's
52110.98408,Bachelor's
58235.21695,Bachelor's
62209.58694,Bachelor's
64525.00225,Bachelor's
60997.44841,Bachelor's
67057.44637,Bachelor's
73390.17047,Bachelor's
61753.97594,Bachelor's
96118.02454,Bachelor's
71570.48902,Bachelor's
53349.19805,Bachelor's
46061.76218,Bachelor's
76303.01903,Bachelor's
56629.47807,Bachelor's
67373.10759,Bachelor's
83448.69131,Bachelor's
72391.36077,Bachelor's
70436.40558,Bachelor's
52966.35391,Bachelor's
72072.45607,Bachelor's
47161.62482,Bachelor's
61527.06306,Bachelor's
54369.03226,Bachelor's
72207.06312,Bachelor's
54862.4717,Bachelor's
47298.82388,Bachelor's
63301.78475,Bachelor's
67736.75852,Bachelor's
71144.10725,Bachelor's
24300.68934,Bachelor's
43593.92253,Bachelor's
104139.0094,Bachelor's
66849.88776,Bachelor's
89497.32041,Bachelor's
61803.72241,Bachelor's
76124.74183,Bachelor's
77752.35261,Bachelor's
68539.26496,Bachelor's
79403.82135,Bachelor's
63611.51963,Bachelor's
60288.01693,Bachelor's
97243.02932,Bachelor's
68288.17594,Bachelor's
68558.44129,Bachelor's
96842.7308,Bachelor's
64167.41906,Bachelor's
82963.07319,Bachelor's
40034.5312,Bachelor's
79273.86435,Bachelor's
71475.52801,Bachelor's
92033.76971,Bachelor's
37065.33248,Bachelor's
62525.32701,Bachelor's
71398.20739,Bachelor's
69715.11001,Bachelor's
54343.90556,Bachelor's
64022.19515,Bachelor's
72993.34635,Bachelor's
60589.81698,Bachelor's
52575.01524,Bachelor's
58570.66381,Bachelor's
47875.67432,Bachelor's
37620.19735,Bachelor's
67281.89658,Bachelor's
14609.61376,Bachelor's
65328.14298,Bachelor's
63013.79292,Bachelor's
64884.78217,Bachelor's
77069.60899,Bachelor's
55766.9377,Bachelor's
73412.56198,Bachelor's
79860.4806,Bachelor's
36248.14302,Bachelor's
67298.58848,Bachelor's
45308.09504,Bachelor's
81456.42927,Bachelor's
35046.09385,Bachelor's
74651.88576,Bachelor's
64660.42265,Bachelor's
49415.38398,Bachelor's
58252.85005,Bachelor's
75744.93355,Bachelor's
64446.29494,Bachelor's
91624.9512,Bachelor's
54820.24436,Bachelor's
86519.89847,Bachelor's
35543.27585,Bachelor's
71962.72129,Bachelor's
47365.40648,Bachelor's
78142.05122,Bachelor's
85121.00051,Bachelor's
53663.61416,Bachelor's
63818.44523,Bachelor's
81800.17993,Bachelor's
68728.28829,Bachelor's
65521.76959,Bachelor's
78873.39045,Bachelor's
74376.3151,Bachelor's
64911.28471,Bachelor's
38372.83514,Bachelor's
55594.00651,Bachelor's
41726.14776,Bachelor's
64528.1704,Bachelor's
71172.88184,Bachelor's
59385.02941,Bachelor's
81300.81806,Bachelor's
73858.41069,Bachelor's
79087.10038,Bachelor's
79958.45896,Bachelor's
57819.35324,Bachelor's
83621.57217,Bachelor's
60414.04509,Bachelor's
49889.57481,Bachelor's
52339.25196,Bachelor's
50645.16666,Bachelor's
80712.4526,Bachelor's
69332.69236,Bachelor's
55346.59566,Bachelor's
72396.52168,Bachelor's
46758.76101,Bachelor's
88699.73833,Bachelor's
45187.2459,Bachelor's
56472.60768,Bachelor's
75137.32627,Bachelor's
61947.39234,Bachelor's
67114.98321,Bachelor's
70855.9059,Bachelor's
58002.7175,Bachelor's
69281.12353,Bachelor's
87529.0229,Bachelor's
56999.28619,Bachelor's
77238.53137,Bachelor's
92372.96597,Bachelor's
54653.59551,Bachelor's
65750.07574,Bachelor's
82112.29373,Bachelor's
70516.38968,Bachelor's
64804.55876,Bachelor's
86266.11734,Bachelor's
49643.31386,Bachelor's
52721.24554,Bachelor's
81722.07526,Bachelor's
67655.57895,Bachelor's
65945.60778,Bachelor's
59994.96134,Bachelor's
44820.88483,Bachelor's
68635.80848,Bachelor's
76713.69328,Bachelor's
61785.77976,Bachelor's
49365.61024,Bachelor's
75468.15841,Bachelor's
76287.24242,Bachelor's
82508.52621,Bachelor's
51686.90143,Bachelor's
92484.98435,Bachelor's
50822.70735,Bachelor's
59089.39208,Bachelor's
59421.30743,Bachelor's
39596.59879,Bachelor's
96627.38876,Bachelor's
73861.89236,Bachelor's
53499.75668,Bachelor's
71031.67199,Bachelor's
66292.88719,Bachelor's
55979.14828,Bachelor's
70195.52825,Bachelor's
60700.02653,Bachelor's
89225.98466,Bachelor's
72981.26995,Bachelor's
85627.71764,Bachelor's
73342.97174,Bachelor's
90493.57793,Bachelor's
58794.53904,Bachelor's
85014.21107,Bachelor's
55189.14254,Bachelor's
69789.86367,Bachelor's
63929.64239,Bachelor's
53029.86146,Bachelor's
55536.22682,Bachelor's
72112.67827,Bachelor's
69668.04305,Bachelor's
48840.80784,Bachelor's
62532.68053,Bachelor's
55375.95765,Bachelor's
72581.28679,Bachelor's
47476.65968,Bachelor's
60063.76791,Bachelor's
71419.88099,Bachelor's
69348.22955,Bachelor's
84763.27249,Bachelor's
62477.29861,Bachelor's
73082.64596,Bachelor's
53285.94006,Bachelor's
51519.49688,Bachelor's
69191.7874,Bachelor's
60645.12708,Bachelor's
78386.9325,Bachelor's
64726.9364,Bachelor's
61661.09869,Bachelor's
42792.70713,Bachelor's
61913.88126,Bachelor's
83902.61925,Bachelor's
41801.59747,Bachelor's
50115.69057,Bachelor's
56852.93407,Bachelor's
64186.773,Bachelor's
75519.59124,Bachelor's
64812.90233,Bachelor's
30440.69729,Bachelor's
48052.63392,Bachelor's
53503.5115,Bachelor's
47258.7948,Bachelor's
29744.07455,Bachelor's
59850.03455,Bachelor's
70592.24853,Bachelor's
50359.85479,Bachelor's
84848.22692,Bachelor's
70043.57554,Bachelor's
68636.54313,Bachelor's
83814.56426,Bachelor's
63932.45919,Bachelor's
69369.66207,Bachelor's
66352.86188,Bachelor's
67906.65972,Bachelor's
73672.17614,Bachelor's
63689.81837,Bachelor's
51542.89445,Bachelor's
34632.55748,Bachelor's
67298.33975,Bachelor's
68447.47822,Bachelor's
62260.62962,Bachelor's
26233.32242,Bachelor's
59090.75308,Bachelor's
62701.71324,Bachelor's
65599.96886,Bachelor's
46780.52906,Bachelor's
72368.64482,Bachelor's
45071.66791,Bachelor's
70070.9847,Bachelor's
71066.31794,Bachelor's
64229.12617,Bachelor's
73817.5838,Bachelor's
39289.23258,Bachelor's
48115.86077,Bachelor's
60941.46987,Bachelor's
76213.74104,Bachelor's
50201.89121,Bachelor's
71491.03033,Bachelor's
76513.13259,Bachelor's
54828.66858,Bachelor's
29097.79174,Bachelor's
73495.07702,Bachelor's
87314.28336,Bachelor's
82522.5757,Bachelor's
52183.37348,Bachelor's
41749.30469,Bachelor's
58995.69859,Bachelor's
33167.7016,Bachelor's
61386.61409,Bachelor's
55042.63113,Bachelor's
78394.21951,Bachelor's
73828.3887,Bachelor's
48664.81188,Bachelor's
59309.29284,Bachelor's
70936.44826,Bachelor's
79073.18326,Bachelor's
83755.79198,Bachelor's
44203.66711,Bachelor's
81046.30631,Bachelor's
51481.06133,Bachelor's
67304.03543,Bachelor's
75287.67707,Bachelor's
51348.10374,Bachelor's
62217.66117,Bachelor's
73313.46004,Bachelor's
35672.34547,Bachelor's
84238.54659,Bachelor's
79877.98053,Bachelor's
63083.04734,Bachelor's
56912.73329,Bachelor's
48653.97779,Bachelor's
59798.74579,Bachelor's
58906.95787,Bachelor's
74893.06159,Bachelor's
62908.28858,Bachelor's
88850.39095,Bachelor's
72303.03902,Bachelor's
63965.57504,Bachelor's
75612.96838,Bachelor's
85191.85266,Bachelor's
62833.80294,Bachelor's
83037.55836,Bachelor's
50670.1838,Bachelor's
43591.4205,Bachelor's
43209.20107,Bachelor's
67932.41369,Bachelor's
79618.12202,Bachelor's
60983.54429,Bachelor's
74675.19603,Bachelor's
90481.89323,Bachelor's
56571.78728,Bachelor's
34011.83447,Bachelor's
52667.04376,Bachelor's
81683.72067,Bachelor's
89574.64755,Bachelor's
76462.331,Bachelor's
61518.31021,Bachelor's
50476.42899,Bachelor's
81988.04303,Bachelor's
54003.71318,Bachelor's
49200.54883,Bachelor's
43971.80224,Bachelor's
67503.9739,Bachelor's
51140.29305,Bachelor's
53947.8296,Bachelor's
57346.31647,Bachelor's
61911.21231,Bachelor's
62730.64847,Bachelor's
56480.30808,Bachelor's
51350.87763,Bachelor's
82317.57193,Bachelor's
61895.54389,Bachelor's
97356.74524,Bachelor's
97748.92544,Bachelor's
49869.87816,Bachelor's
83449.0835,Bachelor's
72035.24746,Bachelor's
58980.39028,Bachelor's
63791.51276,Bachelor's
50364.09594,Bachelor's
76169.46996,Bachelor's
63304.13032,Bachelor's
85862.5968,Bachelor's
96300.55751,Bachelor's
75482.41927,Bachelor's
83361.99,Bachelor's
63247.04518,Bachelor's
59012.27586,Bachelor's
83762.48137,Bachelor's
64862.9246,Bachelor's
40193.30903,Bachelor's
40231.54026,Bachelor's
98217.77628,Bachelor's
71947.42649,Bachelor's
109733.178,Bachelor's
65103.57515,Bachelor's
100141.0761,Bachelor's
50937.89005,Bachelor's
66599.79675,Bachelor's
46025.30772,Bachelor's
51600.86198,Bachelor's
64644.64859,Bachelor's
73912.3945,Bachelor's
76525.10938,Bachelor's
65078.74625,Bachelor's
61478.74198,Bachelor's
74204.31275,Bachelor's
53249.98228,Bachelor's
57736.49594,Bachelor's
70171.35759,Bachelor's
51890.9379,Bachelor's
69086.38429,Bachelor's
54875.70071,Bachelor's
56275.0747,Bachelor's
50604.6381,Bachelor's
68853.9879,Bachelor's
68650.83018,Bachelor's
69560.54244,Bachelor's
54759.80949,Bachelor's
78680.92297,Bachelor's
44620.18456,Bachelor's
77443.46554,Bachelor's
34911.74055,Bachelor's
73083.05845,Bachelor's
77103.95646,Bachelor's
67615.01263,Bachelor's
38796.14568,Bachelor's
70823.06935,Bachelor's
74098.22626,Bachelor's
74307.13251,Bachelor's
66552.25415,Bachelor's
60686.15599,Bachelor's
68887.47057,Bachelor's
54052.23757,Bachelor's
71417.42611,Bachelor's
79708.98431,Bachelor's
81792.09041,Bachelor's
77113.85916,Bachelor's
56640.79842,Bachelor's
86825.2598,Bachelor's
68274.58639,Bachelor's
91867.03946,Bachelor's
104342.3627,Bachelor's
32434.80212,Bachelor's
63161.31298,Bachelor's
66028.70942,Bachelor's
53821.02413,Bachelor's
49705.04973,Bachelor's
66880.05534,Bachelor's
64094.46276,Bachelor's
59693.06148,Bachelor's
57777.65212,Bachelor's
83264.27133,Bachelor's
77725.40809,Bachelor's
49210.69691,Bachelor's
74341.5519,Bachelor's
70128.13915,Bachelor's
68794.56932,Bachelor's
69746.93083,Bachelor's
45111.78135,Bachelor's
63239.28146,Bachelor's
48087.12886,Bachelor's
60604.35597,Bachelor's
80155.28643,Bachelor's
55939.17731,Bachelor's
55491.4064,Bachelor's
55974.56858,Bachelor's
53721.35545,Bachelor's
67363.78644,Bachelor's
66722.40405,Bachelor's
70653.12547,Bachelor's
53067.20783,Bachelor's
72539.04706,Bachelor's
107867.393,Bachelor's
78118.54402,Bachelor's
56905.8578,Bachelor's
83915.8263,Bachelor's
78990.20539,Bachelor's
75587.95337,Bachelor's
37974.91373,Bachelor's
55434.20603,Bachelor's
53736.11685,Bachelor's
61772.36119,Bachelor's
78735.27112,Bachelor's
67451.1808,Bachelor's
66804.57311,Bachelor's
67724.70434,Bachelor's
89927.17569,Bachelor's
76184.34708,Bachelor's
69747.30738,Bachelor's
73178.56252,Bachelor's
92433.53906,Bachelor's
24308.75259,Bachelor's
82568.2672,Bachelor's
90210.9672,Bachelor's
52742.25649,Bachelor's
50111.42372,Bachelor's
61081.39769,Bachelor's
77980.19063,Bachelor's
69889.83286,Bachelor's
58774.33011,Bachelor's
86044.29547,Bachelor's
65377.31335,Bachelor's
57693.52323,Bachelor's
91084.1364,Bachelor's
63353.26222,Bachelor's
47621.8213,Bachelor's
60802.13602,Bachelor's
69470.00208,Bachelor's
65559.24855,Bachelor's
64896.42198,Bachelor's
58603.78669,Bachelor's
54639.64397,Bachelor's
71039.6646,Bachelor's
81287.06289,Bachelor's
78745.10115,Bachelor's
52439.51234,Bachelor's
65515.28963,Bachelor's
47828.72804,Bachelor's
96789.5161,Bachelor's
60526.99014,Bachelor's
59732.35288,Bachelor's
58667.74757,Bachelor's
74992.28019,Bachelor's
76543.09981,Bachelor's
85160.06069,Bachelor's
64070.30618,Bachelor's
55011.27099,Bachelor's
54895.97814,Bachelor's
65156.79857,Bachelor's
62327.0878,Bachelor's
48505.21861,Bachelor's
78588.37609,Bachelor's
43658.2093,Bachelor's
80150.73406,Bachelor's
52946.81589,Bachelor's
51783.42239,Bachelor's
60644.26826,Bachelor's
61607.72242,Bachelor's
69740.54903,Bachelor's
90295.05265,Bachelor's
68974.9508,Bachelor's
51361.22893,Bachelor's
53108.52909,Bachelor's
62553.61185,Bachelor's
53744.83277,Bachelor's
53850.24097,Bachelor's
57988.55772,Bachelor's
52745.36172,Bachelor's
63030.274,Bachelor's
67754.84598,Bachelor's
89476.93864,Bachelor's
67376.56579,Bachelor's
18040.6649,Bachelor's
68308.18424,Bachelor's
66244.84091,Bachelor's
76291.97376,Bachelor's
77027.26535,Bachelor's
83609.91942,Bachelor's
40707.26455,Bachelor's
58303.82529,Bachelor's
70160.00005,Bachelor's
60113.34334,Bachelor's
50020.76757,Bachelor's
63550.21848,Bachelor's
58062.46024,Bachelor's
22951.01079,Bachelor's
55917.3226,Bachelor's
80384.1797,Bachelor's
57824.66588,Bachelor's
57983.57958,Bachelor's
60555.05387,Bachelor's
78849.28711,Bachelor's
76808.61943,Bachelor's
70073.84218,Bachelor's
46224.68046,Bachelor's
56287.93225,Bachelor's
86196.52215,Bachelor's
83738.15785,Bachelor's
95882.0748,Bachelor's
58636.6936,Bachelor's
74327.72304,Bachelor's
64258.14859,Bachelor's
67253.2964,Bachelor's
55518.24401,Bachelor's
60530.0808,Bachelor's
80925.55168,Bachelor's
87251.27308,Bachelor's
43075.938,Bachelor's
76712.54907,Bachelor's
62504.35644,Bachelor's
49620.90373,Bachelor's
76063.36879,Bachelor's
70745.18902,Bachelor's
53715.93671,Bachelor's
62793.74601,Bachelor's
62599.08199,Bachelor's
52005.05911,Bachelor's
76604.40969,Bachelor's
48871.27508,Bachelor's
52527.3494,Bachelor's
54864.39828,Bachelor's
50482.99289,Bachelor's
55977.53825,Bachelor's
97420.78954,Bachelor's
65775.91655,Bachelor's
79081.25,Bachelor's
85726.36274,Bachelor's
50213.86722,Bachelor's
65451.77334,Bachelor's
67725.90035,Bachelor's
64681.06915,Bachelor's
69377.17392,Bachelor's
59394.07121,Bachelor's
58198.58919,Bachelor's
73473.99254,Bachelor's
28545.10206,Bachelor's
61026.09416,Bachelor's
70400.06788,Bachelor's
48614.75711,Bachelor's
76342.10317,Bachelor's
68554.10276,Bachelor's
64809.29159,Bachelor's
78050.65628,Bachelor's
57713.24981,Bachelor's
49237.32569,Bachelor's
46171.32537,Bachelor's
64776.43524,Bachelor's
51802.02677,Bachelor's
31657.92834,Bachelor's
76815.87133,Bachelor's
70183.35276,Bachelor's
36303.74254,Bachelor's
76948.65982,Bachelor's
65862.12931,Bachelor's
86049.39233,Bachelor's
77558.18314,Bachelor's
76284.01072,Bachelor's
68685.81334,Bachelor's
80446.07637,Bachelor's
61736.60157,Bachelor's
48305.79252,Bachelor's
76338.32683,Bachelor's
54295.70461,Bachelor's
62837.02299,Bachelor's
60174.0592,Bachelor's
37953.74109,Bachelor's
70952.04307,Bachelor's
64435.68149,Bachelor's
85882.62945,Bachelor's
86828.94501,Bachelor's
66597.70393,Bachelor's
69229.06983,Bachelor's
65787.83138,Bachelor's
38343.95943,Bachelor's
74565.48157,Bachelor's
100962.5651,Bachelor's
50470.55052,Bachelor's
67413.16044,Bachelor's
47130.45023,Bachelor's
48003.58918,Bachelor's
66018.91551,Bachelor's
64221.66511,Bachelor's
59145.76924,Bachelor's
66355.06168,Bachelor's
50287.85967,Bachelor's
74379.14954,Bachelor's
54456.71512,Bachelor's
63483.37285,Bachelor's
81615.7,Bachelor's
73859.46225,Bachelor's
76417.86701,Bachelor's
40307.01259,Bachelor's
80271.10274,Bachelor's
62336.98007,Bachelor's
43518.1396,Bachelor's
59847.31875,Bachelor's
84996.03311,Bachelor's
65703.18544,Bachelor's
72066.24705,Bachelor's
60679.76804,Bachelor's
67175.71914,Bachelor's
80669.467,Bachelor's
38953.94437,Bachelor's
59989.11271,Bachelor's
69868.4564,Bachelor's
46737.69864,Bachelor's
54877.24365,Bachelor's
67078.61314,Bachelor's
73315.89429,Bachelor's
70436.9723,Bachelor's
67577.55833,Bachelor's
42516.62644,Bachelor's
61329.06012,Bachelor's
77277.85778,Bachelor's
63130.7463,Bachelor's
74521.09144,Bachelor's
44595.31387,Bachelor's
75367.02781,Bachelor's
76261.91735,Bachelor's
63303.72674,Bachelor's
71177.88144,Bachelor's
64839.94007,Bachelor's
70949.61098,Bachelor's
65052.73978,Bachelor's
46381.78095,Bachelor's
68784.79436,Bachelor's
59549.9733,Bachelor's
62236.57215,Bachelor's
84774.80441,Bachelor's
44903.43831,Bachelor's
76462.86348,Bachelor's
63167.46813,Bachelor's
77634.10464,Bachelor's
104876.6296,Bachelor's
84899.72926,Bachelor's
85992.90293,Bachelor's
47895.35654,Bachelor's
51818.06981,Bachelor's
49292.39902,Bachelor's
62055.99458,Bachelor's
62583.65249,Bachelor's
45252.92215,Bachelor's
66376.35795,Bachelor's
71128.65094,Bachelor's
63832.51656,Bachelor's
58380.90342,Bachelor's
71565.89004,Bachelor's
64457.36405,Bachelor's
60940.79684,Bachelor's
75579.85645,Bachelor's
61000.4763,Bachelor's
53047.64256,Bachelor's
97854.737,Bachelor's
77756.82477,Bachelor's
61384.04002,Bachelor's
78147.94981,Bachelor's
72276.76144,Bachelor's
86082.50716,Bachelor's
51648.50233,Bachelor's
54687.49101,Bachelor's
66582.83333,Bachelor's
46784.79783,Bachelor's
81228.49325,Bachelor's
55316.10723,Bachelor's
70456.85919,Bachelor's
71769.71458,Bachelor's
54239.46007,Bachelor's
52145.56108,Bachelor's
78604.13374,Bachelor's
52245.86333,Bachelor's
55596.25933,Bachelor's
70871.43046,Bachelor's
75186.49737,Bachelor's
94869.8105,Bachelor's
72852.6485,Bachelor's
43909.98972,Bachelor's
95117.35407,Bachelor's
62201.55091,Bachelor's
51977.23197,Bachelor's
49898.05519,Bachelor's
71772.7943,Bachelor's
69618.00034,Bachelor's
66162.68831,Bachelor's
58181.35671,Bachelor's
69424.56695,Bachelor's
64285.38969,Bachelor's
66901.34771,Bachelor's
66796.26586,Bachelor's
84985.33878,Bachelor's
61710.23459,Bachelor's
73728.83474,Bachelor's
54341.14322,Bachelor's
80793.70494,Bachelor's
66400.50902,Bachelor's
78319.01493,Bachelor's
27889.22892,Bachelor's
58627.29313,Bachelor's
86402.77803,Bachelor's
58499.69773,Bachelor's
61774.98836,Bachelor's
71171.10846,Bachelor's
58967.13098,Bachelor's
59977.26673,Bachelor's
60446.18397,Bachelor's
70838.88984,Bachelor's
78253.16458,Bachelor's
78345.4942,Bachelor's
58864.71183,Bachelor's
66941.93661,Bachelor's
48459.48049,Bachelor's
74690.01379,Bachelor's
82123.40878,Bachelor's
54110.06569,Bachelor's
38770.20633,Bachelor's
56322.23857,Bachelor's
86379.55729,Bachelor's
67768.3843,Bachelor's
68709.09598,Bachelor's
72543.58669,Bachelor's
71484.92981,Bachelor's
63210.09449,Bachelor's
35849.13255,Bachelor's
79777.57099,Bachelor's
62358.26235,Bachelor's
88043.43747,Bachelor's
88148.74852,Bachelor's
68081.51294,Bachelor's
66587.88273,Bachelor's
55869.66826,Bachelor's
69453.68926,Bachelor's
93564.17429,Bachelor's
61344.51108,Bachelor's
60454.22066,Bachelor's
74863.59767,Bachelor's
67767.39324,Bachelor's
22531.39586,Bachelor's
51537.88401,Bachelor's
71687.28637,Bachelor's
48187.68759,Bachelor's
49557.39475,Bachelor's
66521.22627,Bachelor's
47133.21342,Bachelor's
92502.49601,Bachelor's
101069.0856,Bachelor's
54153.01749,Bachelor's
70390.06991,Bachelor's
91266.52204,Bachelor's
61924.99911,Bachelor's
33895.50371,Bachelor's
81323.22885,Bachelor's
86468.64875,Bachelor's
53237.75255,Bachelor's
89981.97606,Bachelor's
55499.95565,Bachelor's
93616.90339,Bachelor's
60977.49667,Bachelor's
70087.02045,Bachelor's
87821.77985,Bachelor's
46896.89,Bachelor's
67444.38875,Bachelor's
42056.54926,Bachelor's
58758.18575,Bachelor's
78189.60091,Bachelor's
54539.59327,Bachelor's
55234.17383,Bachelor's
62630.59456,Bachelor's
49360.18222,Bachelor's
67978.23541,Bachelor's
88707.49421,Bachelor's
74142.98606,Bachelor's
71941.87037,Bachelor's
58196.64311,Bachelor's
88169.25734,Bachelor's
41158.00126,Bachelor's
64132.64586,Bachelor's
62401.61162,Bachelor's
38728.17613,Bachelor's
83550.05933,Bachelor's
50073.81192,Bachelor's
53894.95327,Bachelor's
66566.28439,Bachelor's
96712.53659,Bachelor's
70004.70773,Bachelor's
80899.95049,Bachelor's
71088.23412,Bachelor's
73514.12583,Bachelor's
54684.27451,Bachelor's
81493.95737,Bachelor's
72351.9684,Bachelor's
34106.40382,Bachelor's
42192.84018,Bachelor's
51647.81228,Bachelor's
54666.70801,Bachelor's
65151.48797,Bachelor's
79796.42059,Bachelor's
46249.71215,Bachelor's
65925.3949,Bachelor's
53594.9455,Bachelor's
84519.08636,Bachelor's
62595.53313,Bachelor's
61901.04518,Bachelor's
56421.3935,Bachelor's
62787.16885,Bachelor's
71928.32821,Bachelor's
75988.37629,Bachelor's
82055.91684,Bachelor's
31179.41316,Bachelor's
66634.96061,Bachelor's
77219.48109,Bachelor's
85427.92462,Bachelor's
55969.87375,Bachelor's
49777.25361,Bachelor's
78143.35612,Bachelor's
81581.90181,Bachelor's
61919.69854,Bachelor's
70046.71551,Bachelor's
79054.635,Bachelor's
55084.55111,Bachelor's
75190.50531,Bachelor's
76028.83197,Bachelor's
48923.25968,Bachelor's
54322.77005,Bachelor's
64792.56498,Bachelor's
49325.92379,Bachelor's
68880.67724,Bachelor's
60120.87828,Bachelor's
86155.39264,Bachelor's
70982.77385,Bachelor's
49291.6139,Bachelor's
69156.05844,Bachelor's
52918.07693,Bachelor's
78362.82429,Bachelor's
52376.49923,Bachelor's
86951.19937,Bachelor's
72576.80101,Bachelor's
51646.76455,Bachelor's
100737.219,Bachelor's
61872.52008,Bachelor's
50510.92781,Bachelor's
58078.98375,Bachelor's
50312.68193,Bachelor's
40360.33662,Bachelor's
84603.40863,Bachelor's
59582.73763,Bachelor's
74531.7879,Bachelor's
61645.44452,Bachelor's
102008.0813,Bachelor's
71375.84522,Bachelor's
91422.74062,Bachelor's
56773.26928,Bachelor's
75005.16757,Bachelor's
50648.98121,Bachelor's
64024.28843,Bachelor's
61407.97131,Bachelor's
87138.10316,Bachelor's
100094.7155,Bachelor's
65988.80744,Bachelor's
57826.36922,Bachelor's
77876.24914,Bachelor's
77227.29135,Bachelor's
61135.42714,Bachelor's
59851.30281,Bachelor's
72971.40835,Bachelor's
79398.70591,Bachelor's
77406.80401,Bachelor's
58046.33547,Bachelor's
68518.51067,Bachelor's
58945.55366,Bachelor's
72860.38721,Bachelor's
79201.90436,Bachelor's
79646.2391,Bachelor's
58845.001,Bachelor's
84088.00145,Bachelor's
67795.45873,Bachelor's
55177.248,Bachelor's
44836.14759,Bachelor's
68905.32826,Bachelor's
70315.28188,Bachelor's
48800.02631,Bachelor's
55070.0799,Bachelor's
63150.97352,Bachelor's
27593.29576,Bachelor's
34132.39299,Bachelor's
56510.09804,Bachelor's
58539.38731,Bachelor's
66604.56643,Bachelor's
58270.26448,Bachelor's
69891.53741,Bachelor's
46033.86456,Bachelor's
75900.57333,Bachelor's
53539.05247,Bachelor's
67613.00042,Bachelor's
64719.76746,Bachelor's
59905.52794,Bachelor's
71076.78395,Bachelor's
55048.45521,Bachelor's
87360.75807,Bachelor's
86555.46929,Bachelor's
60333.58353,Bachelor's
43778.89821,Bachelor's
68676.20212,Bachelor's
76634.28032,Bachelor's
72445.81565,Bachelor's
51523.90496,Bachelor's
62462.38535,Bachelor's
70683.70398,Bachelor's
80585.50666,Bachelor's
73960.67495,Bachelor's
31445.36424,Bachelor's
62285.87525,Bachelor's
35639.70605,Bachelor's
61226.47014,Bachelor's
28358.86412,Bachelor's
44504.68325,Bachelor's
86314.18863,Bachelor's
51474.00472,Bachelor's
62660.17534,Bachelor's
44595.50044,Bachelor's
62678.72866,Bachelor's
103042.7792,Bachelor's
51123.95193,Bachelor's
30808.27673,Bachelor's
58067.91077,Bachelor's
62938.45342,Bachelor's
55086.34764,Bachelor's
68993.67421,Bachelor's
60960.13222,Bachelor's
69314.71735,Bachelor's
85983.74962,Bachelor's
68583.16125,Bachelor's
62252.85912,Bachelor's
87164.36636,Bachelor's
64783.33589,Bachelor's
40806.5841,Bachelor's
46159.19459,Bachelor's
79152.69046,Bachelor's
52373.3881,Bachelor's
98056.94033,Bachelor's
103210.0016,Bachelor's
83707.26152,Bachelor's
31396.74976,Bachelor's
35224.14554,Bachelor's
68831.94053,Bachelor's
69443.59069,Bachelor's
60776.18614,Bachelor's
51268.6272,Bachelor's
50596.70761,Bachelor's
56297.62035,Bachelor's
70784.88793,Bachelor's
69348.05079,Bachelor's
63396.46549,Bachelor's
59963.90978,Bachelor's
71598.33597,Bachelor's
96628.07631,Bachelor's
62274.36352,Bachelor's
51020.88,Bachelor's
67947.52445,Bachelor's
42331.10163,Bachelor's
90036.53117,Bachelor's
61165.36808,Bachelor's
70676.67884,Bachelor's
70041.43538,Bachelor's
54855.27766,Bachelor's
87332.30884,Bachelor's
68940.71893,Bachelor's
51348.57103,Bachelor's
62056.00344,Bachelor's
91263.02021,Bachelor's
52824.46028,Bachelor's
86038.80159,Bachelor's
52442.41571,Bachelor's
32057.61941,Bachelor's
48991.68339,Bachelor's
74472.10373,Bachelor's
67650.08453,Bachelor's
46162.60938,Bachelor's
65025.96008,Bachelor's
86148.39073,Bachelor's
76526.36187,Bachelor's
51826.81185,Bachelor's
58138.43882,Bachelor's
42305.74895,Bachelor's
79649.20982,Bachelor's
49258.36525,Bachelor's
43777.44096,Bachelor's
41294.81796,Bachelor's
56140.44524,Bachelor's
69465.56146,Bachelor's
38273.4535,Bachelor's
90651.89631,Bachelor's
60372.83708,Bachelor's
94422.16118,Bachelor's
39153.58294,Bachelor's
53305.61465,Bachelor's
48468.07418,Bachelor's
60122.06218,Bachelor's
66978.70796,Bachelor's
61843.75991,Bachelor's
78835.19107,Bachelor's
73668.83558,Bachelor's
35800.42036,Bachelor's
68899.77509,Bachelor's
66199.46405,Bachelor's
54143.81187,Bachelor's
78512.53033,Bachelor's
70829.78633,Bachelor's
61561.6666,Bachelor's
52996.57711,Bachelor's
61272.7596,Bachelor's
49418.7459,Bachelor's
61714.69437,Bachelor's
59298.61849,Bachelor's
64151.77429,Bachelor's
75101.68306,Bachelor's
61113.06037,Bachelor's
104747.2277,Bachelor's
40018.06205,Bachelor's
72957.13026,Bachelor's
70273.26141,Bachelor's
50353.56507,Bachelor's
101015.3631,Bachelor's
52168.46683,Bachelor's
40070.18718,Bachelor's
73582.40356,Bachelor's
58383.4746,Bachelor's
49792.9816,Bachelor's
59036.60148,Bachelor's
62768.54407,Bachelor's
63107.65487,Bachelor's
77964.81777,Bachelor's
54254.3784,Bachelor's
51807.07253,Bachelor's
35560.79567,Bachelor's
90192.03341,Bachelor's
35792.83152,Bachelor's
81439.84956,Bachelor's
59532.07664,Bachelor's
67906.58884,Bachelor's
67587.80594,Bachelor's
57389.04842,Bachelor's
60973.06762,Bachelor's
87152.24217,Bachelor's
37926.08495,Bachelor's
59833.3286,Bachelor's
77268.89684,Bachelor's
73782.01183,Bachelor's
63110.66768,Bachelor's
73209.5361,Bachelor's
59437.8869,Bachelor's
61401.09796,Bachelor's
69097.80574,Bachelor's
73583.65892,Bachelor's
55672.44139,Bachelor's
45476.34006,Bachelor's
88303.80103,Bachelor's
51167.43321,Bachelor's
52609.71697,Bachelor's
62407.01363,Bachelor's
69587.14566,Bachelor's
69114.18714,Bachelor's
50609.14087,Bachelor's
72317.36181,Bachelor's
66638.67003,Bachelor's
48297.86259,Bachelor's
76158.32131,Bachelor's
75516.72048,Bachelor's
52627.69534,Bachelor's
57115.17884,Bachelor's
39481.21986,Bachelor's
78126.18135,Bachelor's
57344.62437,Bachelor's
99361.3758,Bachelor's
47207.13367,Bachelor's
55767.73394,Bachelor's
65960.81115,Bachelor's
65848.90742,Bachelor's
59244.31891,Bachelor's
80702.92984,Bachelor's
33967.36278,Bachelor's
56225.9108,Bachelor's
70968.67505,Bachelor's
88991.31063,Bachelor's
64441.0568,Bachelor's
61382.54162,Bachelor's
64982.75875,Bachelor's
53526.40051,Bachelor's
70049.1555,Bachelor's
59912.77213,Bachelor's
63969.27485,Bachelor's
84829.93293,Bachelor's
70213.0011,Bachelor's
67976.75168,Bachelor's
69501.45487,Bachelor's
59355.60439,Bachelor's
63267.67669,Bachelor's
61627.84152,Bachelor's
71560.60635,Bachelor's
70035.03134,Bachelor's
72131.54678,Bachelor's
96163.50905,Bachelor's
54449.50559,Bachelor's
59789.62973,Bachelor's
76612.27311,Bachelor's
46918.15199,Bachelor's
69234.82675,Bachelor's
41409.85705,Bachelor's
73483.64534,Bachelor's
75447.2981,Bachelor's
70993.48188,Bachelor's
83903.78152,Bachelor's
54957.60395,Bachelor's
50698.41467,Bachelor's
48271.03213,Bachelor's
49661.78707,Bachelor's
73430.21507,Bachelor's
25827.88148,Bachelor's
65017.94725,Bachelor's
60219.83657,Bachelor's
63953.36754,Bachelor's
36351.21294,Bachelor's
74127.20422,Bachelor's
75664.91729,Bachelor's
56671.59073,Bachelor's
43994.0342,Bachelor's
93551.03011,Bachelor's
79169.27412,Bachelor's
44364.29331,Bachelor's
44338.25213,Bachelor's
56234.9085,Bachelor's
41250.21055,Bachelor's
76284.33399,Bachelor's
75823.59156,Bachelor's
50921.68713,Bachelor's
67112.8781,Bachelor's
56072.11681,Bachelor's
61217.8436,Bachelor's
61949.44392,Bachelor's
66786.56503,Bachelor's
62855.92259,Bachelor's
69108.76057,Bachelor's
51849.45016,Bachelor's
96579.65434,Bachelor's
34678.47815,Bachelor's
56087.2577,Bachelor's
47801.96452,Bachelor's
46159.8102,Bachelor's
52558.1944,Bachelor's
78735.44698,Bachelor's
62353.32182,Bachelor's
38243.11015,Bachelor's
57503.3943,Bachelor's
72999.86839,Bachelor's
55555.32671,Bachelor's
49550.10223,Bachelor's
41490.85833,Bachelor's
80866.45336,Bachelor's
55849.74245,Bachelor's
62259.07081,Bachelor's
45489.66172,Bachelor's
49039.23309,Bachelor's
73677.79853,Bachelor's
54482.09362,Bachelor's
55478.04891,Bachelor's
68209.62714,Bachelor's
50324.22853,Bachelor's
72870.5031,Bachelor's
52931.16372,Bachelor's
61646.5082,Bachelor's
70215.08216,Bachelor's
67240.58544,Bachelor's
64493.27394,Bachelor's
60809.20472,Bachelor's
49980.7938,Bachelor's
72870.79919,Bachelor's
71741.78663,Bachelor's
47601.06178,Bachelor's
86127.79603,Bachelor's
38844.07975,Bachelor's
70521.78736,Bachelor's
74883.63075,Bachelor's
66076.1121,Bachelor's
95228.16523,Bachelor's
69436.75348,Bachelor's
73013.21317,Bachelor's
80523.41946,Bachelor's
51207.66186,Bachelor's
43572.90438,Bachelor's
44048.88634,Bachelor's
54797.94284,Bachelor's
44482.73685,Bachelor's
77567.92342,Bachelor's
65277.86542,Bachelor's
89205.18384,Bachelor's
67392.7168,Bachelor's
60609.07731,Bachelor's
61063.15493,Bachelor's
78628.75885,Bachelor's
36048.84893,Bachelor's
74441.97538,Bachelor's
64629.49977,Bachelor's
90514.45261,Bachelor's
74149.55841,Bachelor's
44380.25565,Bachelor's
71956.90973,Bachelor's
62910.40822,Bachelor's
32567.68401,Bachelor's
70848.49738,Bachelor's
80482.13132,Bachelor's
77079.58258,Bachelor's
63219.36473,Bachelor's
57633.27678,Bachelor's
68881.67538,Bachelor's
71390.05297,Bachelor's
50252.15226,Bachelor's
57888.21902,Bachelor's
66617.21053,Bachelor's
69752.09707,Bachelor's
51197.70734,Bachelor's
52287.32526,Bachelor's
80681.53411,Bachelor's
19114.90581,Bachelor's
58720.90633,Bachelor's
87731.71131,Bachelor's
95124.8463,Bachelor's
98014.27796,Bachelor's
53248.43973,Bachelor's
62690.54134,Bachelor's
62521.17957,Bachelor's
82861.79788,Bachelor's
88395.65763,Bachelor's
61677.47536,Bachelor's
95416.16058,Bachelor's
64911.67913,Bachelor's
59413.827,Bachelor's
61348.92215,Bachelor's
60450.13973,Bachelor's
78879.4935,Bachelor's
72442.73787,Bachelor's
24948.31789,Bachelor's
78825.32552,Bachelor's
85828.57242,Bachelor's
53007.76204,Bachelor's
51040.16561,Bachelor's
54947.33585,Bachelor's
39590.12188,Bachelor's
83503.10605,Bachelor's
58980.84566,Bachelor's
68120.18414,Bachelor's
94730.45018,Bachelor's
84029.32737,Bachelor's
56184.43673,Bachelor's
77151.95918,Bachelor's
88793.85723,Bachelor's
82404.12101,Bachelor's
67032.60618,Bachelor's
61292.26449,Bachelor's
61221.42397,Bachelor's
58334.45022,Bachelor's
56001.05211,Bachelor's
44141.44215,Bachelor's
75248.51927,Bachelor's
63907.51906,Bachelor's
62425.92022,Bachelor's
59741.24614,Bachelor's
88796.66891,Bachelor's
55030.41031,Bachelor's
69891.89401,Bachelor's
71098.13874,Bachelor's
97882.88902,Bachelor's
61355.89374,Bachelor's
49489.56719,Bachelor's
89111.9268,Bachelor's
54226.34146,Bachelor's
82578.66274,Bachelor's
70727.8529,Bachelor's
55860.74838,Bachelor's
72480.51606,Bachelor's
71862.86017,Bachelor's
63114.34845,Bachelor's
55859.97014,Bachelor's
61672.53882,Bachelor's
72533.90755,Bachelor's
88314.61383,Bachelor's
63466.58089,Bachelor's
61801.25774,Bachelor's
56205.13674,Bachelor's
65942.58798,Bachelor's
99369.09263,Bachelor's
81300.31928,Bachelor's
77126.77388,Bachelor's
40885.5699,Bachelor's
52199.39095,Bachelor's
95058.29183,Bachelor's
55172.71077,Bachelor's
47291.31237,Bachelor's
63364.22084,Bachelor's
80080.59308,Bachelor's
66171.37052,Bachelor's
52767.86514,Bachelor's
62236.47578,Bachelor's
67314.90402,Bachelor's
62057.36416,Bachelor's
62015.86831,Bachelor's
76501.15877,Bachelor's
53101.05754,Bachelor's
68648.49693,Bachelor's
52577.08854,Bachelor's
58742.64717,Bachelor's
97956.75325,Bachelor's
93526.7749,Bachelor's
53556.19357,Bachelor's
62929.6171,Bachelor's
54117.42444,Bachelor's
52402.9556,Bachelor's
64008.13631,Bachelor's
49832.43659,Bachelor's
56090.39176,Bachelor's
57127.48778,Bachelor's
54364.76692,Bachelor's
71563.38861,Bachelor's
66374.45454,Bachelor's
81540.73225,Bachelor's
58850.47158,Bachelor's
64924.51818,Bachelor's
35828.16921,Bachelor's
55649.90401,Bachelor's
75225.86392,Bachelor's
67376.34215,Bachelor's
67252.86206,Bachelor's
67128.49747,Bachelor's
61204.03319,Bachelor's
32969.23753,Bachelor's
36331.7941,Bachelor's
86751.03886,Bachelor's
41120.86481,Bachelor's
69574.80375,Bachelor's
67497.01097,Bachelor's
59423.53693,Bachelor's
71942.44432,Bachelor's
54605.22104,Bachelor's
67380.44949,Bachelor's
69150.72789,Bachelor's
57452.14953,Bachelor's
63988.1157,Bachelor's
59738.1411,Bachelor's
66058.57439,Bachelor's
55987.44009,Bachelor's
57869.32765,Bachelor's
51040.69939,Bachelor's
36636.87512,Bachelor's
49629.59486,Bachelor's
49217.32879,Bachelor's
57050.93448,Bachelor's
71894.37357,Bachelor's
65972.83311,Bachelor's
75888.30546,Bachelor's
80077.51584,Bachelor's
46352.3563,Bachelor's
72903.30335,Bachelor's
72170.45226,Bachelor's
60997.30124,Bachelor's
50964.52467,Bachelor's
66442.92468,Bachelor's
46819.82964,Bachelor's
79451.1766,Bachelor's
88016.92738,Bachelor's
46090.82793,Bachelor's
51486.53434,Bachelor's
56156.89207,Bachelor's
64129.04801,Bachelor's
79737.23652,Bachelor's
66209.5522,Bachelor's
47625.63891,Bachelor's
80632.78627,Bachelor's
64712.26713,Bachelor's
47357.57559,Bachelor's
74029.43569,Bachelor's
64882.4987,Bachelor's
42347.06118,Bachelor's
75906.19062,Bachelor's
78285.29421,Bachelor's
75150.45102,Bachelor's
65751.24315,Bachelor's
47339.37979,Bachelor's
37267.71273,Bachelor's
60318.6645,Bachelor's
53767.35725,Bachelor's
77943.35625,Bachelor's
50191.01473,Bachelor's
96382.15056,Bachelor's
90144.88043,Bachelor's
65616.06121,Bachelor's
48190.26719,Bachelor's
65282.2371,Bachelor's
71861.01327,Bachelor's
74049.89112,Bachelor's
46937.61791,Bachelor's
88999.99078,Bachelor's
77214.56762,Bachelor's
67093.80559,Bachelor's
91146.41549,Bachelor's
77278.35731,Bachelor's
64595.48474,Bachelor's
63623.25796,Bachelor's
66073.95118,Bachelor's
80692.60573,Bachelor's
49618.74762,Bachelor's
89428.80257,Bachelor's
53410.95719,Bachelor's
84988.03022,Bachelor's
50784.86429,Bachelor's
52128.95636,Bachelor's
48092.91869,Bachelor's
70178.81072,Bachelor's
87869.38904,Bachelor's
61635.98225,Bachelor's
63354.32909,Bachelor's
56674.65843,Bachelor's
57310.5486,Bachelor's
53129.20303,Bachelor's
79470.32696,Bachelor's
75834.58238,Bachelor's
73817.40257,Bachelor's
40445.21155,Bachelor's
59891.12777,Bachelor's
71593.35024,Bachelor's
68383.65871,Bachelor's
64343.77464,Bachelor's
42972.97272,Bachelor's
57481.55143,Bachelor's
69172.37049,Bachelor's
76560.06183,Bachelor's
44933.50107,Bachelor's
66785.06922,Bachelor's
70904.1454,Bachelor's
64327.47484,Bachelor's
44925.54152,Bachelor's
63175.06749,Bachelor's
73441.21979,Bachelor's
54163.93721,Bachelor's
56370.09255,Bachelor's
93289.58239,Bachelor's
65231.69895,Bachelor's
68422.68183,Bachelor's
46855.22643,Bachelor's
38695.73815,Bachelor's
88883.95999,Bachelor's
84402.54533,Bachelor's
69583.33178,Bachelor's
70212.85383,Bachelor's
42622.54702,Bachelor's
77550.9244,Bachelor's
62761.00109,Bachelor's
69568.516,Bachelor's
55975.73673,Bachelor's
64690.20503,Bachelor's
69540.92377,Bachelor's
75383.20194,Bachelor's
50281.66743,Bachelor's
63837.76431,Bachelor's
57870.23,Bachelor's
73033.30066,Bachelor's
57751.42399,Bachelor's
81550.92396,Bachelor's
59225.35868,Bachelor's
64042.401,Bachelor's
60403.74145,Bachelor's
69395.69143,Bachelor's
43301.85665,Bachelor's
74438.127,Bachelor's
77478.83378,Bachelor's
67189.08704,Bachelor's
61319.58174,Bachelor's
77943.42412,Bachelor's
72103.70716,Bachelor's
69406.66945,Bachelor's
85019.91022,Bachelor's
69290.8393,Bachelor's
97288.54765,Bachelor's
68668.99319,Bachelor's
65076.57734,Bachelor's
45525.26387,Bachelor's
49142.38318,Bachelor's
34051.36752,Bachelor's
78765.49286,Bachelor's
63570.95335,Bachelor's
84567.72102,Bachelor's
62198.68086,Bachelor's
69019.80379,Bachelor's
62748.8862,Bachelor's
60699.39611,Bachelor's
50429.11073,Bachelor's
66538.32193,Bachelor's
52716.98348,Bachelor's
69530.64586,Bachelor's
72451.60357,Bachelor's
74810.97443,Bachelor's
53423.83464,Bachelor's
61040.51335,Bachelor's
55407.5165,Bachelor's
80926.68229,Bachelor's
93150.46035,Bachelor's
49698.83915,Bachelor's
79713.1043,Bachelor's
53100.76863,Bachelor's
57860.54569,Bachelor's
46906.87752,Bachelor's
65105.28223,Bachelor's
53067.82751,Bachelor's
62342.93355,Bachelor's
83838.86616,Bachelor's
74150.96464,Bachelor's
35683.27217,Bachelor's
88304.59527,Bachelor's
38131.40672,Bachelor's
54552.65532,Bachelor's
87949.59675,Bachelor's
77224.04907,Bachelor's
74287.03776,Bachelor's
67186.04543,Bachelor's
70146.81977,Bachelor's
73908.89158,Bachelor's
82741.07549,Bachelor's
53772.36845,Bachelor's
62122.86438,Bachelor's
65532.44293,Bachelor's
48221.86771,Bachelor's
74790.07711,Bachelor's
45076.79877,Bachelor's
67012.61984,Bachelor's
42878.13441,Bachelor's
78218.25324,Bachelor's
47165.87235,Bachelor's
67948.65693,Bachelor's
55169.09921,Bachelor's
83767.00827,Bachelor's
47525.29434,Bachelor's
61811.66053,Bachelor's
59309.86941,Bachelor's
62300.77784,Bachelor's
65418.5389,Bachelor's
74980.21504,Bachelor's
55053.97071,Bachelor's
43216.14855,Bachelor's
66532.44503,Bachelor's
52126.66806,Bachelor's
52169.16268,Bachelor's
67967.57639,Bachelor's
55942.25611,Bachelor's
65843.852,Bachelor's
45837.49649,Bachelor's
41727.02505,Bachelor's
81224.30357,Bachelor's
84634.59848,Bachelor's
69675.58068,Bachelor's
58612.50402,Bachelor's
78447.8971,Bachelor's
72620.72991,Bachelor's
68151.44456,Bachelor's
67165.31982,Bachelor's
50929.51381,Bachelor's
58944.62578,Bachelor's
42522.94458,Bachelor's
66843.42927,Bachelor's
44731.93825,Bachelor's
77495.35632,Bachelor's
79564.77626,Bachelor's
72978.43023,Bachelor's
84384.95598,Bachelor's
52363.39612,Bachelor's
87142.41846,Bachelor's
79196.23294,Bachelor's
75518.71138,Bachelor's
39722.27415,Bachelor's
65940.77241,Bachelor's
57674.66192,Bachelor's
59294.50139,Bachelor's
80963.0721,Bachelor's
34290.68302,Bachelor's
80568.43084,Bachelor's
63804.62371,Bachelor's
71377.16287,Bachelor's
41923.08148,Bachelor's
61184.2953,Bachelor's
87826.58227,Bachelor's
58658.62575,Bachelor's
75557.71667,Bachelor's
76650.75168,Bachelor's
48443.54597,Bachelor's
61086.57533,Bachelor's
56705.92471,Bachelor's
48954.62869,Bachelor's
63002.33938,Bachelor's
63786.13172,Bachelor's
51058.47658,Bachelor's
60655.11734,Bachelor's
84890.13423,Bachelor's
58374.5427,Bachelor's
84101.8462,Bachelor's
67973.96441,Bachelor's
72636.2907,Bachelor's
85932.51413,Bachelor's
46548.96926,Bachelor's
67207.36881,Bachelor's
52889.96966,Bachelor's
57600.35315,Bachelor's
64297.98125,Bachelor's
42579.67517,Bachelor's
77210.6319,Bachelor's
35860.6662,Bachelor's
28649.51415,Bachelor's
80453.26419,Bachelor's
75216.55108,Bachelor's
84203.28757,Bachelor's
60415.15335,Bachelor's
57143.51339,Bachelor's
81676.07225,Bachelor's
56366.23027,Bachelor's
63428.96206,Bachelor's
61776.20927,Bachelor's
74161.55606,Bachelor's
57233.60336,Bachelor's
41476.34839,Bachelor's
56508.36574,Bachelor's
54506.33844,Bachelor's
67869.2003,Bachelor's
66610.97374,Bachelor's
41972.16419,Bachelor's
61928.94654,Bachelor's
60016.24117,Bachelor's
74787.09904,Bachelor's
82302.81611,Bachelor's
59073.56556,Bachelor's
64797.17493,Bachelor's
83763.389,Bachelor's
60089.06246,Bachelor's
51272.20056,Bachelor's
27876.83702,Bachelor's
89821.00969,Bachelor's
82838.07034,Bachelor's
49664.76094,Bachelor's
54139.48094,Bachelor's
74556.03933,Bachelor's
60766.51112,Bachelor's
72309.48476,Bachelor's
29127.41838,Bachelor's
33122.36803,Bachelor's
85843.59608,Bachelor's
65161.95931,Bachelor's
53643.73237,Bachelor's
85497.4328,Bachelor's
39501.11226,Bachelor's
74473.05583,Bachelor's
55677.22156,Bachelor's
65049.51008,Bachelor's
51745.63778,Bachelor's
48571.66769,Bachelor's
73096.67411,Bachelor's
85874.07793,Bachelor's
93089.80518,Bachelor's
65364.00739,Bachelor's
51929.18763,Bachelor's
100721.0056,Bachelor's
25007.14184,Bachelor's
77388.88417,Bachelor's
57412.62284,Bachelor's
64449.95984,Bachelor's
78152.46562,Bachelor's
70445.60062,Bachelor's
77852.93227,Bachelor's
34112.56838,Bachelor's
49898.78873,Bachelor's
70950.09938,Bachelor's
77472.72612,Bachelor's
61229.98106,Bachelor's
67395.47071,Bachelor's
30928.3667,Bachelor's
64609.96568,Bachelor's
79217.41962,Bachelor's
66753.14607,Bachelor's
82168.38993,Bachelor's
85356.27059,Bachelor's
85608.37583,Bachelor's
69606.49618,Bachelor's
22902.22693,Bachelor's
55371.27374,Bachelor's
63783.52173,Bachelor's
68646.23483,Bachelor's
73372.6296,Bachelor's
76157.08737,Bachelor's
71299.60351,Bachelor's
61628.83498,Bachelor's
79023.7813,Bachelor's
41436.50403,Bachelor's
97093.04715,Bachelor's
56209.68999,Bachelor's
84121.4557,Bachelor's
86406.83178,Bachelor's
46576.07739,Bachelor's
59007.88887,Bachelor's
89884.09068,Bachelor's
71205.85378,Bachelor's
59903.09187,Bachelor's
97629.56938,Bachelor's
54258.14162,Bachelor's
104920.8576,Bachelor's
57302.48459,Bachelor's
81666.65197,Bachelor's
70697.97846,Bachelor's
63176.58574,Bachelor's
78966.06591,Bachelor's
72502.18022,Bachelor's
72083.8508,Bachelor's
49273.62947,Bachelor's
86249.86239,Bachelor's
76386.48843,Bachelor's
52359.63758,Bachelor's
52101.73898,Bachelor's
77519.48914,Bachelor's
59238.81662,Bachelor's
70456.74754,Bachelor's
82598.31312,Bachelor's
84139.85015,Bachelor's
62169.63453,Bachelor's
59745.17756,Bachelor's
59367.20111,Bachelor's
68954.51186,Bachelor's
86926.75008,Bachelor's
59549.07071,Bachelor's
80102.00304,Bachelor's
51925.51471,Bachelor's
82259.49221,Bachelor's
63352.91731,Bachelor's
71987.86948,Bachelor's
63427.82388,Bachelor's
58268.89375,Bachelor's
75328.36405,Bachelor's
76126.70934,Bachelor's
54600.87228,Bachelor's
76947.54971,Bachelor's
39942.68666,Bachelor's
93341.80699,Bachelor's
51027.78351,Bachelor's
75617.0489,Bachelor's
74876.96942,Bachelor's
39809.68772,Bachelor's
63205.46687,Bachelor's
76597.20041,Bachelor's
75499.50978,Bachelor's
51735.1049,Bachelor's
74376.73411,Bachelor's
74118.11202,Bachelor's
56046.6781,Bachelor's
73273.56717,Bachelor's
56139.12875,Bachelor's
49332.85656,Bachelor's
46984.51612,Bachelor's
72610.21006,Bachelor's
70615.30873,Bachelor's
60158.61755,Bachelor's
66512.52742,Bachelor's
65950.27456,Bachelor's
54805.74629,Bachelor's
30937.10158,Bachelor's
55689.09626,Bachelor's
79911.30138,Bachelor's
60131.94057,Bachelor's
37958.67738,Bachelor's
59231.34148,Bachelor's
58349.31427,Bachelor's
50821.89697,Bachelor's
97915.41394,Bachelor's
70273.51091,Bachelor's
108955.1066,Bachelor's
66692.18967,Bachelor's
79218.00993,Bachelor's
51923.11156,Bachelor's
41393.39643,Bachelor's
65483.97112,Bachelor's
50858.46367,Bachelor's
60359.8186,Bachelor's
57388.8337,Bachelor's
54313.81039,Bachelor's
59020.40024,Bachelor's
68258.57071,Bachelor's
68109.02267,Bachelor's
90592.40618,Bachelor's
86541.11063,Bachelor's
54682.70856,Bachelor's
68052.958,Bachelor's
58342.53539,Bachelor's
69651.05363,Bachelor's
72985.33304,Bachelor's
70205.24887,Bachelor's
76416.54823,Bachelor's
61071.18556,Bachelor's
39689.64528,Bachelor's
89041.28081,Bachelor's
45777.90139,Bachelor's
71156.48978,Bachelor's
62059.27706,Bachelor's
78201.07088,Bachelor's
48680.56469,Bachelor's
71912.52954,Bachelor's
51698.45327,Bachelor's
64940.26284,Bachelor's
85523.03002,Bachelor's
79126.32869,Bachelor's
75452.18019,Bachelor's
70969.1061,Bachelor's
40084.17292,Bachelor's
76780.22816,Bachelor's
46200.20647,Bachelor's
59850.19389,Bachelor's
63323.78691,Bachelor's
76457.78366,Bachelor's
50325.35445,Bachelor's
50173.71784,Bachelor's
81234.32191,Bachelor's
54438.49762,Bachelor's
66541.95128,Bachelor's
40810.43046,Bachelor's
56728.75679,Bachelor's
75807.92651,Bachelor's
87745.23585,Bachelor's
65470.27644,Bachelor's
82975.39897,Bachelor's
77596.43078,Bachelor's
53105.13323,Bachelor's
98994.02775,Bachelor's
39124.52694,Bachelor's
44863.81471,Bachelor's
60145.12208,Bachelor's
61925.58013,Bachelor's
90355.70638,Bachelor's
55654.62952,Bachelor's
73271.24533,Bachelor's
46974.08998,Bachelor's
87603.82965,Bachelor's
78819.76541,Bachelor's
71619.10533,Bachelor's
60228.21796,Bachelor's
75906.40156,Bachelor's
88028.5982,Bachelor's
89075.8854,Bachelor's
61212.56571,Bachelor's
93152.76049,Bachelor's
79260.53952,Bachelor's
73356.14923,Bachelor's
69475.79534,Bachelor's
64456.42863,Bachelor's
56091.97206,Bachelor's
57871.62381,Bachelor's
73192.04355,Bachelor's
66751.73916,Bachelor's
51777.88815,Bachelor's
67816.89451,Bachelor's
44176.87715,Bachelor's
60492.31872,Bachelor's
54451.95969,Bachelor's
42589.09158,Bachelor's
66311.13363,Bachelor's
62610.27171,Bachelor's
85699.40307,Bachelor's
74316.8174,Bachelor's
83169.63402,Bachelor's
62744.44718,Bachelor's
38956.33431,Bachelor's
68143.77807,Bachelor's
59696.07529,Bachelor's
64135.47303,Bachelor's
51438.96553,Bachelor's
67033.77038,Bachelor's
47025.13253,Bachelor's
53860.90024,Bachelor's
77127.67789,Bachelor's
71947.85667,Bachelor's
47001.9771,Bachelor's
43797.07733,Bachelor's
56760.23703,Bachelor's
33650.65658,Bachelor's
69317.11602,Bachelor's
81840.05608,Bachelor's
71533.73133,Bachelor's
64386.67955,Bachelor's
94733.46033,Bachelor's
67196.95932,Bachelor's
56798.56971,Bachelor's
65858.1383,Bachelor's
58919.15725,Bachelor's
76915.31868,Bachelor's
56162.52516,Bachelor's
77444.79104,Bachelor's
54852.06082,Bachelor's
61214.75956,Bachelor's
49557.66905,Bachelor's
39318.31936,Bachelor's
65409.4223,Bachelor's
77706.28605,Bachelor's
71815.74052,Bachelor's
41277.6118,Bachelor's
62467.61295,Bachelor's
34063.35661,Bachelor's
49364.42236,Bachelor's
81098.46621,Bachelor's
56067.65966,Bachelor's
79552.28107,Bachelor's
62846.77799,Bachelor's
61303.66871,Bachelor's
73837.26963,Bachelor's
72447.445,Bachelor's
65458.60756,Bachelor's
58133.92792,Bachelor's
84577.79249,Bachelor's
72503.52737,Bachelor's
60745.07052,Bachelor's
64046.95846,Bachelor's
74576.299,Bachelor's
80523.97836,Bachelor's
63114.90599,Bachelor's
71867.16484,Bachelor's
74100.24351,Bachelor's
66221.62581,Bachelor's
43967.84022,Bachelor's
97964.58969,Bachelor's
74305.45557,Bachelor's
54121.27803,Bachelor's
70901.43724,Bachelor's
71325.34955,Bachelor's
58191.73019,Bachelor's
78759.09115,Bachelor's
48553.59074,Bachelor's
52154.10536,Bachelor's
80976.64043,Bachelor's
83173.09305,Bachelor's
71559.63662,Bachelor's
58165.8441,Bachelor's
70344.18963,Bachelor's
54050.17979,Bachelor's
79339.10925,Bachelor's
91327.79491,Bachelor's
62874.24875,Bachelor's
67702.48816,Bachelor's
65753.78495,Bachelor's
80478.8904,Bachelor's
96028.76491,Bachelor's
62320.96941,Bachelor's
60469.55475,Bachelor's
46273.17755,Bachelor's
62687.38772,Bachelor's
72940.9145,Bachelor's
75036.66067,Bachelor's
42689.739,Bachelor's
93141.21917,Bachelor's
72648.74054,Bachelor's
64201.30594,Bachelor's
38980.30485,Bachelor's
74960.32955,Bachelor's
62900.58372,Bachelor's
92575.4652,Bachelor's
54639.37021,Bachelor's
82481.83517,Bachelor's
82046.02322,Bachelor's
48346.42327,Bachelor's
65055.338,Bachelor's
56864.25508,Bachelor's
64675.29402,Bachelor's
60087.55794,Bachelor's
91855.40907,Bachelor's
77547.51525,Bachelor's
74058.30169,Bachelor's
53130.47615,Bachelor's
55753.15685,Bachelor's
76721.91836,Bachelor's
62315.74734,Bachelor's
45777.7275,Bachelor's
80548.15863,Bachelor's
85544.84512,Bachelor's
55415.15741,Bachelor's
65202.91046,Bachelor's
99422.76936,Bachelor's
44961.247,Bachelor's
56617.16436,Bachelor's
87141.5901,Bachelor's
63467.56115,Bachelor's
77020.58364,Bachelor's
75461.964,Bachelor's
91962.53167,Bachelor's
63626.58256,Bachelor's
66578.65118,Bachelor's
56173.63431,Bachelor's
73401.53433,Bachelor's
54132.11608,Bachelor's
79062.65565,Bachelor's
34733.29368,Bachelor's
61032.80825,Bachelor's
54810.12616,Bachelor's
92062.37398,Bachelor's
55908.8739,Bachelor's
95349.14342,Bachelor's
68489.78027,Bachelor's
79660.9531,Bachelor's
64741.28576,Bachelor's
77925.16439,Bachelor's
62045.92833,Bachelor's
63881.56512,Bachelor's
61818.38025,Bachelor's
80901.60166,Bachelor's
49735.69503,Bachelor's
76547.32289,Bachelor's
66333.86399,Bachelor's
61125.72072,Bachelor's
56725.63448,Bachelor's
68102.7053,Bachelor's
39432.51014,Bachelor's
47084.75555,Bachelor's
45905.63152,Bachelor's
51320.2032,Bachelor's
70020.84032,Bachelor's
91343.6912,Bachelor's
80743.36323,Bachelor's
31164.77049,Bachelor's
19024.24756,Bachelor's
84492.39777,Bachelor's
71398.15274,Bachelor's
71788.81875,Bachelor's
50649.24379,Bachelor's
65662.32168,Bachelor's
62426.70259,Bachelor's
49117.93849,Bachelor's
44508.18784,Bachelor's
65570.76981,Bachelor's
51102.96008,Bachelor's
47244.67485,Bachelor's
59863.20099,Bachelor's
65614.67844,Bachelor's
47983.65523,Bachelor's
58641.83563,Bachelor's
25544.55854,Bachelor's
79438.78866,Bachelor's
61055.5907,Bachelor's
75488.10957,Bachelor's
63682.64558,Bachelor's
87034.0615,Bachelor's
27783.83759,Bachelor's
49457.27057,Bachelor's
66468.35836,Bachelor's
50239.29072,Bachelor's
40280.74013,Bachelor's
69943.94527,Bachelor's
71143.4851,Bachelor's
88121.46037,Bachelor's
70535.08737,Bachelor's
46154.72278,Bachelor's
58364.52125,Bachelor's
59379.49079,Bachelor's
65401.82623,Bachelor's
68352.0304,Bachelor's
69296.77846,Bachelor's
79340.84425,Bachelor's
63838.98393,Bachelor's
74819.62945,Bachelor's
70449.02164,Bachelor's
74120.58149,Bachelor's
29871.82831,Bachelor's
77842.7535,Bachelor's
61845.95119,Bachelor's
62444.02836,Bachelor's
53391.69234,Bachelor's
57006.64948,Bachelor's
64374.68279,Bachelor's
84584.13113,Bachelor's
64490.7683,Bachelor's
67621.58588,Bachelor's
50057.47451,Bachelor's
73273.35711,Bachelor's
88257.79829,Bachelor's
48368.1748,Bachelor's
73693.61244,Bachelor's
37294.75111,Bachelor's
36584.85604,Bachelor's
62204.73507,Bachelor's
58165.23449,Bachelor's
65826.39189,Bachelor's
51811.22214,Bachelor's
56916.89243,Bachelor's
63839.16199,Bachelor's
71146.86085,Bachelor's
93384.65518,Bachelor's
55032.23915,Bachelor's
58554.64445,Bachelor's
67544.04837,Bachelor's
54980.31226,Bachelor's
83167.94707,Bachelor's
66279.71264,Bachelor's
60079.16593,Bachelor's
66103.70579,Bachelor's
66912.55487,Bachelor's
56667.69988,Bachelor's
97842.52093,Bachelor's
54004.37948,Bachelor's
84051.2745,Bachelor's
51201.7839,Bachelor's
19250.55167,Bachelor's
75375.39246,Bachelor's
58384.00016,Bachelor's
82135.58863,Bachelor's
59235.77286,Bachelor's
75913.29061,Bachelor's
32197.63524,Bachelor's
52440.9612,Bachelor's
63150.25268,Bachelor's
80285.50679,Bachelor's
66954.93999,Bachelor's
58199.74614,Bachelor's
50137.5877,Bachelor's
62269.94313,Bachelor's
46476.10786,Bachelor's
64190.13213,Bachelor's
47209.40947,Bachelor's
67893.62461,Bachelor's
42807.53609,Bachelor's
62496.09718,Bachelor's
65282.75293,Bachelor's
72475.68409,Bachelor's
71059.34248,Bachelor's
89908.69382,Bachelor's
56825.47352,Bachelor's
65256.96561,Bachelor's
26401.43912,Bachelor's
81582.50971,Bachelor's
73195.29189,Bachelor's
73057.85738,Bachelor's
54886.26654,Bachelor's
40558.23581,Bachelor's
81831.07409,Bachelor's
52155.65155,Bachelor's
72044.51696,Bachelor's
48324.83968,Bachelor's
66346.31609,Bachelor's
45420.33512,Bachelor's
57475.44819,Bachelor's
59222.47878,Bachelor's
60283.55785,Bachelor's
40009.85669,Bachelor's
57342.85249,Bachelor's
54538.72637,Bachelor's
71414.33749,Bachelor's
60296.69484,Bachelor's
65426.79423,Bachelor's
85958.9423,Bachelor's
75443.89854,Bachelor's
51683.91455,Bachelor's
46218.25153,Bachelor's
84398.55952,Bachelor's
67410.50111,Bachelor's
72350.9437,Bachelor's
71530.84423,Bachelor's
66316.17627,Bachelor's
58463.0324,Bachelor's
74938.64776,Bachelor's
62004.3264,Bachelor's
58071.07557,Bachelor's
59898.70686,Bachelor's
68025.58822,Bachelor's
72556.57686,Bachelor's
72853.23278,Bachelor's
65553.53324,Bachelor's
30431.15884,Bachelor's
48035.11652,Bachelor's
63092.01119,Bachelor's
37059.91019,Bachelor's
64120.66254,Bachelor's
30053.18945,Bachelor's
69844.6466,Bachelor's
57298.38098,Bachelor's
65184.21243,Bachelor's
73348.76063,Bachelor's
47848.8984,Bachelor's
101389.0707,Bachelor's
75267.21182,Bachelor's
71866.76317,Bachelor's
40074.3054,Bachelor's
77578.3055,Bachelor's
60660.78078,Bachelor's
73682.43394,Bachelor's
91554.89572,Bachelor's
84039.46132,Bachelor's
99437.60708,Bachelor's
69172.36155,Bachelor's
49170.19747,Bachelor's
68016.97062,Bachelor's
50107.31778,Bachelor's
105805.8583,Bachelor's
57484.78129,Bachelor's
56376.86259,Bachelor's
43260.89702,Bachelor's
76564.39213,Bachelor's
74002.79723,Bachelor's
48692.05038,Bachelor's
82843.08524,Bachelor's
75797.60362,Bachelor's
67669.88291,Bachelor's
35519.56257,Bachelor's
40645.28752,Bachelor's
71195.65529,Bachelor's
65141.32334,Bachelor's
67747.48085,Bachelor's
52356.79821,Bachelor's
70848.34514,Bachelor's
71008.13167,Bachelor's
58168.86142,Bachelor's
65195.86583,Bachelor's
76771.26014,Bachelor's
68771.91718,Bachelor's
80690.89881,Bachelor's
85058.01199,Bachelor's
81967.9825,Bachelor's
61200.39462,Bachelor's
50894.62137,Bachelor's
40899.62505,Bachelor's
68151.28441,Bachelor's
67416.55777,Bachelor's
87765.98034,Bachelor's
34967.89999,Bachelor's
49082.54026,Bachelor's
56449.10208,Bachelor's
42619.41593,Bachelor's
52645.15915,Bachelor's
52129.60299,Bachelor's
27637.70478,Bachelor's
38859.90757,Bachelor's
62145.81994,Bachelor's
79117.3861,Bachelor's
75602.8478,Bachelor's
85836.94027,Bachelor's
78055.90686,Bachelor's
70877.66538,Bachelor's
85049.63103,Bachelor's
73082.28316,Bachelor's
100696.9299,Bachelor's
92708.50825,Bachelor's
60564.13983,Bachelor's
61170.63878,Bachelor's
73186.62017,Bachelor's
62920.36728,Bachelor's
45290.38455,Bachelor's
66012.08733,Bachelor's
58136.73403,Bachelor's
38230.02973,Bachelor's
35232.53212,Bachelor's
67519.02109,Bachelor's
93008.26833,Bachelor's
83384.02928,Bachelor's
77934.05374,Bachelor's
40902.87855,Bachelor's
70441.28308,Bachelor's
71231.50936,Bachelor's
71226.99625,Bachelor's
66824.12575,Bachelor's
60577.35726,Bachelor's
76866.97089,Bachelor's
90668.29666,Bachelor's
68014.91059,Bachelor's
76001.41305,Bachelor's
70884.43937,Bachelor's
29449.05999,Bachelor's
27469.39436,Bachelor's
66483.00467,Bachelor's
67654.42557,Bachelor's
91588.37248,Bachelor's
88481.97185,Bachelor's
64438.15061,Bachelor's
72681.03436,Bachelor's
68353.65513,Bachelor's
53146.4711,Bachelor's
100344.6345,Bachelor's
53844.22827,Bachelor's
62323.19818,Bachelor's
59937.41015,Bachelor's
51120.07614,Bachelor's
75435.43539,Bachelor's
84320.14875,Bachelor's
57108.05206,Bachelor's
75091.47639,Bachelor's
79868.78057,Bachelor's
79485.03356,Bachelor's
92259.29936,Bachelor's
91631.41995,Bachelor's
48444.54097,Bachelor's
67587.49333,Bachelor's
68975.56003,Bachelor's
65212.2336,Bachelor's
57001.21407,Bachelor's
61678.49026,Bachelor's
78781.78864,Bachelor's
60707.04882,Bachelor's
47836.54458,Bachelor's
60240.66482,Bachelor's
92583.5741,Bachelor's
66197.777,Bachelor's
48122.61667,Bachelor's
59981.73547,Bachelor's
37906.34227,Bachelor's
66042.32302,Bachelor's
83813.24763,Bachelor's
91495.73152,Bachelor's
73318.18374,Bachelor's
41429.7202,Bachelor's
57355.411,Bachelor's
65898.32748,Bachelor's
57778.70957,Bachelor's
45351.55422,Bachelor's
82378.21047,Bachelor's
40303.4095,Bachelor's
79996.83484,Bachelor's
55962.64632,Bachelor's
77550.18137,Bachelor's
51064.1198,Bachelor's
73408.19894,Bachelor's
31918.55483,Bachelor's
77770.1696,Bachelor's
87903.33606,Bachelor's
46587.87655,Bachelor's
80051.59809,Bachelor's
51575.44984,Bachelor's
40676.04465,Bachelor's
73565.87705,Bachelor's
48704.27997,Bachelor's
83180.95029,Bachelor's
60223.93816,Bachelor's
78931.25132,Bachelor's
86313.50241,Bachelor's
54639.91974,Bachelor's
61343.62665,Bachelor's
64770.33048,Bachelor's
71616.9566,Bachelor's
49914.29798,Bachelor's
51744.12202,Bachelor's
58789.01914,Bachelor's
65859.1185,Bachelor's
65802.71643,Bachelor's
47367.36007,Bachelor's
81614.35498,Bachelor's
46367.70719,Bachelor's
76794.56997,Bachelor's
85675.37536,Bachelor's
57812.89034,Bachelor's
76144.98236,Bachelor's
79285.83437,Bachelor's
51237.15564,Bachelor's
55769.64121,Bachelor's
77608.9556,Bachelor's
92100.96967,Bachelor's
60009.46814,Bachelor's
69009.10917,Bachelor's
54070.94634,Bachelor's
59137.69623,Bachelor's
53629.05798,Bachelor's
80089.58612,Bachelor's
69288.81868,Bachelor's
85244.59822,Bachelor's
62146.31561,Bachelor's
74823.76638,Bachelor's
79213.89062,Bachelor's
91567.14711,Bachelor's
86281.5882,Bachelor's
36298.86326,Bachelor's
58813.29955,Bachelor's
86311.52617,Bachelor's
65127.96919,Bachelor's
98932.74764,Bachelor's
59132.84064,Bachelor's
64550.03645,Bachelor's
71601.53173,Bachelor's
43612.62315,Bachelor's
67345.55181,Bachelor's
54331.54426,Bachelor's
32123.50021,Bachelor's
63259.48461,Bachelor's
56383.21397,Bachelor's
82893.48099,Bachelor's
81458.86629,Bachelor's
69305.93172,Bachelor's
67861.47349,Bachelor's
86554.65836,Bachelor's
68810.509,Bachelor's
72818.23233,Bachelor's
52119.73222,Bachelor's
75463.39317,Bachelor's
62961.57369,Bachelor's
68687.55223,Bachelor's
90633.99126,Bachelor's
86210.11766,Bachelor's
66109.08291,Bachelor's
80109.2596,Bachelor's
85938.12581,Bachelor's
65900.52581,Bachelor's
35266.69452,Bachelor's
35729.34594,Bachelor's
35301.76611,Bachelor's
72950.88453,Bachelor's
73836.34823,Bachelor's
68348.57232,Bachelor's
76651.12148,Bachelor's
53014.92289,Bachelor's
65507.8573,Bachelor's
61819.6575,Bachelor's
63293.66614,Bachelor's
61377.39177,Bachelor's
43647.21374,Bachelor's
78889.80851,Bachelor's
83000.49417,Bachelor's
53280.94682,Bachelor's
19563.90238,Bachelor's
70153.56103,Bachelor's
63764.7724,Bachelor's
75004.12696,Bachelor's
71233.03348,Bachelor's
49885.93038,Bachelor's
78993.32046,Bachelor's
49366.85385,Bachelor's
56948.01564,Bachelor's
50744.92688,Bachelor's
72667.47723,Bachelor's
65109.33812,Bachelor's
81276.33896,Bachelor's
74508.64087,Bachelor's
70958.39521,Bachelor's
52426.92093,Bachelor's
85871.70188,Bachelor's
75275.5917,Bachelor's
69913.30544,Bachelor's
43562.32265,Bachelor's
85325.86396,Bachelor's
66656.09804,Bachelor's
44161.67523,Bachelor's
83331.30531,Bachelor's
73890.50528,Bachelor's
64110.86955,Bachelor's
72165.84924,Bachelor's
97500.58051,Bachelor's
61374.1381,Bachelor's
82537.15565,Bachelor's
64018.51612,Bachelor's
41769.07283,Bachelor's
53971.53213,Bachelor's
77512.63139,Bachelor's
40702.41556,Bachelor's
44216.5273,Bachelor's
68947.5643,Bachelor's
64709.64464,Bachelor's
50862.55915,Bachelor's
84403.90369,Bachelor's
64560.38075,Bachelor's
79822.24909,Bachelor's
104310.1136,Bachelor's
66065.49526,Bachelor's
20963.61185,Bachelor's
61566.60525,Bachelor's
53153.511,Bachelor's
63868.33787,Bachelor's
79439.0164,Bachelor's
63646.34402,Bachelor's
84336.099,Bachelor's
77825.26079,Bachelor's
69665.98017,Bachelor's
61839.86473,Bachelor's
76465.49762,Bachelor's
30499.6971,Bachelor's
64655.70615,Bachelor's
60690.96618,Bachelor's
80517.2457,Bachelor's
102261.281,Bachelor's
63604.13281,Bachelor's
54218.03341,Bachelor's
53944.90135,Bachelor's
67800.07112,Bachelor's
86730.24032,Bachelor's
63208.28107,Bachelor's
92672.0495,Bachelor's
54222.44801,Bachelor's
73834.16384,Bachelor's
76699.34594,Bachelor's
52574.5351,Bachelor's
67546.92767,Bachelor's
60974.5314,Bachelor's
43815.24192,Bachelor's
60628.21805,Bachelor's
78155.70525,Bachelor's
56878.64056,Bachelor's
69038.81501,Bachelor's
49519.76723,Bachelor's
49464.80856,Bachelor's
86048.54848,Bachelor's
74743.92691,Bachelor's
77400.32557,Bachelor's
67163.0545,Bachelor's
73154.77785,Bachelor's
62098.42522,Bachelor's
60963.34577,Bachelor's
40531.79714,Bachelor's
59461.56975,Bachelor's
84915.82392,Bachelor's
60805.63427,Bachelor's
60646.06053,Bachelor's
70692.94158,Bachelor's
30814.98545,Bachelor's
65714.82245,Bachelor's
81364.69296,Bachelor's
62052.22437,Bachelor's
57206.20345,Bachelor's
70017.75108,Bachelor's
54534.68647,Bachelor's
74401.12408,Bachelor's
76258.06852,Bachelor's
69121.86407,Bachelor's
62384.10829,Bachelor's
66320.15451,Bachelor's
87193.47945,Bachelor's
62599.09053,Bachelor's
95934.15391,Bachelor's
80355.68246,Bachelor's
77974.5061,Bachelor's
68109.49005,Bachelor's
39348.99849,Bachelor's
49616.6284,Bachelor's
64935.49587,Bachelor's
62501.07756,Bachelor's
70472.66361,Bachelor's
45164.52298,Bachelor's
74588.64865,Bachelor's
65613.54859,Bachelor's
56501.48731,Bachelor's
55400.00294,Bachelor's
62465.76228,Bachelor's
63659.9258,Bachelor's
64774.89988,Bachelor's
46009.12352,Bachelor's
85835.10951,Bachelor's
47061.12333,Bachelor's
49669.09211,Bachelor's
66098.77187,Bachelor's
53269.8549,Bachelor's
70402.83827,Bachelor's
68737.3203,Bachelor's
77807.4563,Bachelor's
91871.48836,Bachelor's
66023.70925,Bachelor's
69875.4827,Bachelor's
84466.68638,Bachelor's
68134.3683,Bachelor's
48325.08799,Bachelor's
63457.5841,Bachelor's
43945.33518,Bachelor's
52847.60438,Bachelor's
61059.56706,Bachelor's
63407.1771,Bachelor's
66430.27814,Bachelor's
58354.43139,Bachelor's
65833.26167,Bachelor's
70131.34648,Bachelor's
75013.61321,Bachelor's
63634.09048,Bachelor's
71859.28292,Bachelor's
43360.25421,Bachelor's
44685.70689,Bachelor's
80231.18112,Bachelor's
66837.79317,Bachelor's
50116.30025,Bachelor's
75027.91649,Bachelor's
66550.90079,Bachelor's
77866.75525,Bachelor's
62578.22471,Bachelor's
69965.36948,Bachelor's
70208.36739,Bachelor's
76340.63842,Bachelor's
59762.9517,Bachelor's
63143.72835,Bachelor's
40365.62224,Bachelor's
58998.29231,Bachelor's
56130.12505,Bachelor's
75094.01476,Bachelor's
38824.41533,Bachelor's
65317.54574,Bachelor's
52062.94721,Bachelor's
34209.92366,Bachelor's
61261.17126,Bachelor's
61017.57851,Bachelor's
87322.17241,Bachelor's
81687.47731,Bachelor's
67177.5496,Bachelor's
86840.08581,Bachelor's
91383.3029,Bachelor's
47425.56911,Bachelor's
51559.25197,Bachelor's
46335.17381,Bachelor's
71378.62274,Bachelor's
63892.36463,Bachelor's
49196.48924,Bachelor's
41117.21165,Bachelor's
80662.73183,Bachelor's
64324.32761,Bachelor's
65406.99647,Bachelor's
43502.10664,Bachelor's
48830.31538,Bachelor's
80054.49832,Bachelor's
84201.94772,Bachelor's
80011.02488,Bachelor's
61557.10057,Bachelor's
30780.55983,Bachelor's
48249.56856,Bachelor's
25257.98949,Bachelor's
62909.49352,Bachelor's
75692.28983,Bachelor's
102213.0262,Bachelor's
66811.34414,Bachelor's
88942.70265,Bachelor's
60693.19313,Bachelor's
42884.05913,Bachelor's
41046.4467,Bachelor's
71848.74365,Bachelor's
48090.86264,Bachelor's
87757.26871,Bachelor's
57824.52751,Bachelor's
63734.55808,Bachelor's
47580.52687,Bachelor's
76786.52536,Bachelor's
50620.15973,Bachelor's
60130.23416,Bachelor's
60350.10593,Bachelor's
43773.63887,Bachelor's
50082.27953,Bachelor's
61532.99924,Bachelor's
54142.61447,Bachelor's
63898.73288,Bachelor's
47058.1234,Bachelor's
46213.65831,Bachelor's
80109.80092,Bachelor's
78134.04186,Bachelor's
83235.40016,Bachelor's
78934.84343,Bachelor's
46062.57839,Bachelor's
43107.98923,Bachelor's
71753.7218,Bachelor's
56539.15155,Bachelor's
60843.54506,Bachelor's
53494.74417,Bachelor's
85470.2126,Bachelor's
69264.3324,Bachelor's
46333.83622,Bachelor's
70175.03861,Bachelor's
63458.01191,Bachelor's
70400.34133,Bachelor's
91804.77762,Bachelor's
69221.82557,Bachelor's
52651.20687,Bachelor's
87529.72923,Bachelor's
53291.72561,Bachelor's
56720.89463,Bachelor's
56541.80287,Bachelor's
66075.27357,Bachelor's
84100.14489,Bachelor's
46816.10323,Bachelor's
51727.87014,Bachelor's
53403.19007,Bachelor's
65699.709,Bachelor's
64918.01616,Bachelor's
71996.08567,Bachelor's
60233.5336,Bachelor's
31258.2548,Bachelor's
69415.80026,Bachelor's
56628.85434,Bachelor's
60552.15013,Bachelor's
71467.50217,Bachelor's
88990.20084,Bachelor's
69756.67882,Bachelor's
75860.66633,Bachelor's
95597.33046,Bachelor's
67622.42774,Bachelor's
64686.54854,Bachelor's
110764.9004,Bachelor's
54578.81549,Bachelor's
46829.79773,Bachelor's
66786.67606,Bachelor's
51708.14347,Bachelor's
56908.47059,Bachelor's
80420.24662,Bachelor's
44412.01372,Bachelor's
72676.36809,Bachelor's
91796.31381,Bachelor's
70730.33739,Bachelor's
96798.98242,Bachelor's
71918.03259,Bachelor's
81666.17873,Bachelor's
64436.33544,Bachelor's
65950.2466,Bachelor's
78196.89904,Bachelor's
64564.85835,Bachelor's
82607.20336,Bachelor's
73256.60088,Bachelor's
76791.7957,Bachelor's
51170.23663,Bachelor's
80379.37647,Bachelor's
44907.61749,Bachelor's
65524.38566,Bachelor's
64419.00338,Bachelor's
64114.88188,Bachelor's
83090.56386,Bachelor's
89590.90055,Bachelor's
79138.53527,Bachelor's
86919.71152,Bachelor's
87702.70937,Bachelor's
72605.20051,Bachelor's
74555.95017,Bachelor's
64326.31935,Bachelor's
70315.4554,Bachelor's
31788.73643,Bachelor's
55681.5721,Bachelor's
71466.58703,Bachelor's
53536.03751,Bachelor's
67439.80543,Bachelor's
38639.54295,Bachelor's
57367.06575,Bachelor's
63822.60061,Bachelor's
61640.46818,Bachelor's
62168.79814,Bachelor's
60283.48232,Bachelor's
92390.65262,Bachelor's
65040.53599,Bachelor's
74832.32286,Bachelor's
47961.21053,Bachelor's
77514.46539,Bachelor's
63365.05898,Bachelor's
76150.47758,Bachelor's
60744.15387,Bachelor's
45970.99396,Bachelor's
45582.46176,Bachelor's
53936.15503,Bachelor's
57401.31566,Bachelor's
59024.04857,Bachelor's
98153.16936,Bachelor's
70397.84065,Bachelor's
78769.60964,Bachelor's
76232.96336,Bachelor's
67811.04313,Bachelor's
79290.52096,Bachelor's
44546.01704,Bachelor's
70818.02145,Bachelor's
71375.29123,Bachelor's
65214.74853,Bachelor's
50216.49678,Bachelor's
58266.75175,Bachelor's
90578.26321,Bachelor's
88924.6033,Bachelor's
46413.63064,Bachelor's
43895.06976,Bachelor's
74012.04458,Bachelor's
49571.59412,Bachelor's
75858.44987,Bachelor's
59543.91535,Bachelor's
45355.13156,Bachelor's
73148.22928,Bachelor's
74194.83406,Bachelor's
66135.52519,Bachelor's
70713.5911,Bachelor's
52505.00207,Bachelor's
79771.82554,Bachelor's
41701.38784,Bachelor's
67361.63813,Bachelor's
72232.09677,Bachelor's
72405.92028,Bachelor's
81201.72376,Bachelor's
35188.75496,Bachelor's
57055.17184,Bachelor's
50602.42878,Bachelor's
72028.84737,Bachelor's
56840.04576,Bachelor's
79384.68998,Bachelor's
105969.6661,Bachelor's
78314.55072,Bachelor's
39535.97527,Bachelor's
64104.00424,Bachelor's
82773.62862,Bachelor's
57735.9063,Bachelor's
73568.39857,Bachelor's
41064.85913,Bachelor's
87041.87913,Bachelor's
63401.34239,Bachelor's
48506.07727,Bachelor's
47236.04517,Bachelor's
74683.09699,Bachelor's
56515.01931,Bachelor's
64086.2513,Bachelor's
68865.33786,Bachelor's
49881.5461,Bachelor's
86023.55053,Bachelor's
82533.18393,Bachelor's
41198.50764,Bachelor's
57012.98818,Bachelor's
52176.15243,Bachelor's
67533.60343,Bachelor's
50817.67385,Bachelor's
57226.42669,Bachelor's
55853.13609,Bachelor's
78601.54859,Bachelor's
55484.69686,Bachelor's
49689.74828,Bachelor's
58219.35835,Bachelor's
69405.61195,Bachelor's
66261.58386,Bachelor's
61131.34643,Bachelor's
68048.7365,Bachelor's
74293.24399,Bachelor's
72910.14056,Bachelor's
50364.3434,Bachelor's
72380.17801,Bachelor's
49949.50724,Bachelor's
74351.77176,Bachelor's
42673.90948,Bachelor's
66896.87442,Bachelor's
51457.82673,Bachelor's
66596.32919,Bachelor's
45378.7424,Bachelor's
101313.9286,Bachelor's
69674.5015,Bachelor's
90124.17412,Bachelor's
101374.0092,Bachelor's
69786.04958,Bachelor's
27045.79277,Bachelor's
34234.9036,Bachelor's
56415.24584,Bachelor's
46967.1614,Bachelor's
54824.55719,Bachelor's
80675.03848,Bachelor's
46470.50333,Bachelor's
32620.20789,Bachelor's
58385.96226,Bachelor's
62295.12517,Bachelor's
66000.85162,Bachelor's
98686.69942,Bachelor's
67197.19373,Bachelor's
89434.59359,Bachelor's
66261.87952,Bachelor's
28676.31248,Bachelor's
82129.00687,Bachelor's
96981.0806,Bachelor's
51914.35235,Bachelor's
90807.70722,Bachelor's
53644.43863,Bachelor's
65913.3295,Bachelor's
62595.46456,Bachelor's
44500.82441,Bachelor's
69843.51174,Bachelor's
69706.08622,Bachelor's
53788.34968,Bachelor's
51076.17416,Bachelor's
69089.92708,Bachelor's
69585.80955,Bachelor's
88841.55262,Bachelor's
80172.20087,Bachelor's
69016.87852,Bachelor's
86986.07866,Bachelor's
39918.893,Bachelor's
53866.16083,Bachelor's
44482.28095,Bachelor's
41306.03083,Bachelor's
52222.05793,Bachelor's
76838.82175,Bachelor's
66097.48603,Bachelor's
67144.03195,Bachelor's
72685.53499,Bachelor's
89111.98686,Bachelor's
73466.95017,Bachelor's
56659.29385,Bachelor's
50930.80096,Bachelor's
89652.9219,Bachelor's
74101.50221,Bachelor's
62733.02683,Bachelor's
61563.22391,Bachelor's
40112.31954,Bachelor's
74628.00387,Bachelor's
41352.1158,Bachelor's
66397.42953,Bachelor's
73468.54046,Bachelor's
66342.68754,Bachelor's
63665.68937,Bachelor's
76885.87358,Bachelor's
72259.0819,Bachelor's
61666.76293,Bachelor's
69261.47763,Bachelor's
73644.70189,Bachelor's
67361.60538,Bachelor's
42350.06745,Bachelor's
68518.29248,Bachelor's
59713.01276,Bachelor's
69701.61507,Bachelor's
62797.03816,Bachelor's
76804.33346,Bachelor's
55237.89209,Bachelor's
75326.22793,Bachelor's
60864.55778,Bachelor's
67415.6637,Bachelor's
67916.18268,Bachelor's
82401.21299,Bachelor's
89152.3877,Bachelor's
78927.24452,Bachelor's
42471.24278,Bachelor's
75597.57974,Bachelor's
82096.89536,Bachelor's
60438.29949,Bachelor's
62978.59407,Bachelor's
45627.11654,Bachelor's
60992.78709,Bachelor's
56022.55164,Bachelor's
85791.44856,Bachelor's
45886.88078,Bachelor's
62099.50892,Bachelor's
69302.37964,Bachelor's
63069.75114,Bachelor's
54796.28272,Bachelor's
86528.80166,Bachelor's
80287.85817,Bachelor's
67413.38593,Bachelor's
46484.87853,Bachelor's
80151.68737,Bachelor's
58442.21625,Bachelor's
59751.02895,Bachelor's
65267.97334,Bachelor's
64150.99705,Bachelor's
49601.95215,Bachelor's
58071.16583,Bachelor's
53167.80453,Bachelor's
63667.97394,Bachelor's
74634.69206,Bachelor's
74611.53643,Bachelor's
40526.46053,Bachelor's
53344.55085,Bachelor's
50558.50247,Bachelor's
51504.01818,Bachelor's
86969.75993,Bachelor's
82866.79891,Bachelor's
95718.43554,Bachelor's
79113.47597,Bachelor's
56422.3915,Bachelor's
54252.97767,Bachelor's
63780.00505,Bachelor's
66837.8926,Bachelor's
60096.03365,Bachelor's
103585.8918,Bachelor's
85094.0369,Bachelor's
66522.97892,Bachelor's
60616.83138,Bachelor's
67925.45017,Bachelor's
36646.67149,Bachelor's
66228.03723,Bachelor's
51221.4972,Bachelor's
84723.67439,Bachelor's
56514.80336,Bachelor's
41361.59636,Bachelor's
70897.80774,Bachelor's
60561.1563,Bachelor's
61617.53929,Bachelor's
66134.80518,Bachelor's
49379.18441,Bachelor's
59201.37089,Bachelor's
76563.57685,Bachelor's
44231.47337,Bachelor's
79253.33196,Bachelor's
58577.20332,Bachelor's
68428.77575,Bachelor's
64045.9055,Bachelor's
58980.71036,Bachelor's
41323.05339,Bachelor's
46021.45452,Bachelor's
60092.01897,Bachelor's
63867.26265,Bachelor's
64355.3578,Bachelor's
65360.67636,Bachelor's
85867.42484,Bachelor's
70907.41357,Bachelor's
36148.06719,Bachelor's
78674.69877,Bachelor's
37494.70254,Bachelor's
64099.37615,Bachelor's
73589.60377,Bachelor's
66473.9831,Bachelor's
98246.85786,Bachelor's
72380.24885,Bachelor's
72540.93542,Bachelor's
68508.80421,Bachelor's
64469.34239,Bachelor's
95410.7174,Bachelor's
71555.1668,Bachelor's
56252.03918,Bachelor's
54747.0428,Bachelor's
37599.05533,Bachelor's
70141.9863,Bachelor's
68314.42473,Bachelor's
70994.40611,Bachelor's
58605.42965,Bachelor's
66778.16362,Bachelor's
68348.86716,Bachelor's
58425.39575,Bachelor's
52961.19343,Bachelor's
82043.32296,Bachelor's
78543.47833,Bachelor's
87900.3732,Bachelor's
54855.76961,Bachelor's
69914.43923,Bachelor's
57734.66329,Bachelor's
58697.67944,Bachelor's
69110.72408,Bachelor's
71148.594,Bachelor's
77071.93453,Bachelor's
85898.0224,Bachelor's
65769.80347,Bachelor's
51633.59628,Bachelor's
65577.04783,Bachelor's
40242.59287,Bachelor's
86238.65176,Bachelor's
77111.95347,Bachelor's
67509.70671,Bachelor's
80039.92868,Bachelor's
62790.01386,Bachelor's
76160.93983,Bachelor's
75105.34103,Bachelor's
85220.3339,Bachelor's
56670.07105,Bachelor's
53270.66386,Bachelor's
60422.40257,Bachelor's
54128.99575,Bachelor's
78375.18719,Bachelor's
66384.70899,Bachelor's
73246.01149,Bachelor's
62481.58402,Bachelor's
72496.30691,Bachelor's
57491.3238,Bachelor's
60363.36704,Bachelor's
72402.87046,Bachelor's
67136.48196,Bachelor's
81526.22348,Bachelor's
54791.99033,Bachelor's
67556.42997,Bachelor's
71395.03968,Bachelor's
59840.26531,Bachelor's
58838.47681,Bachelor's
58162.50519,Bachelor's
74807.28789,Bachelor's
51215.10067,Bachelor's
59562.64567,Bachelor's
58751.7743,Bachelor's
79721.22344,Bachelor's
63422.98888,Bachelor's
42692.92833,Bachelor's
76533.20356,Bachelor's
55855.07354,Bachelor's
49788.66491,Bachelor's
65320.1334,Bachelor's
68299.12052,Bachelor's
68392.56367,Bachelor's
90745.46636,Bachelor's
78788.23806,Bachelor's
75324.85507,Bachelor's
91219.38474,Bachelor's
75832.37565,Bachelor's
85825.98897,Bachelor's
57623.97734,Bachelor's
53776.46997,Bachelor's
68574.51922,Bachelor's
90049.05409,Bachelor's
73738.40675,Bachelor's
56193.10041,Bachelor's
76095.98077,Bachelor's
65343.65024,Bachelor's
69642.84294,Bachelor's
53945.90825,Bachelor's
49761.46956,Bachelor's
45500.25593,Bachelor's
47801.8046,Bachelor's
28436.35008,Bachelor's
69461.86366,Bachelor's
61484.96231,Bachelor's
61370.1614,Bachelor's
56120.22446,Bachelor's
69132.55616,Bachelor's
54616.76409,Bachelor's
56199.29355,Bachelor's
71386.39002,Bachelor's
65828.4678,Bachelor's
99903.06023,Bachelor's
64212.18587,Bachelor's
74894.09317,Bachelor's
61754.41254,Bachelor's
74152.8092,Bachelor's
56844.39675,Bachelor's
78878.81706,Bachelor's
63173.94349,Bachelor's
76855.37752,Bachelor's
78365.4637,Bachelor's
79350.2856,Bachelor's
78466.22654,Bachelor's
59564.07909,Bachelor's
84567.30809,Bachelor's
48791.14813,Bachelor's
42167.83111,Bachelor's
54070.25444,Bachelor's
38684.48876,Bachelor's
93260.35142,Bachelor's
63115.60033,Bachelor's
55888.9395,Bachelor's
67260.18201,Bachelor's
65721.52027,Bachelor's
30162.78247,Bachelor's
66148.47513,Bachelor's
62071.17772,Bachelor's
49632.82566,Bachelor's
39532.91707,Bachelor's
71248.44352,Bachelor's
85137.74006,Bachelor's
60400.10337,Bachelor's
53778.55774,Bachelor's
50924.76288,Bachelor's
59506.3533,Bachelor's
64122.2903,Bachelor's
41793.70646,Bachelor's
72856.45035,Bachelor's
58426.76368,Bachelor's
56147.05572,Bachelor's
69487.19679,Bachelor's
36088.02433,Bachelor's
66462.7457,Bachelor's
51580.66951,Bachelor's
90748.68833,Bachelor's
85572.88124,Bachelor's
80547.48834,Bachelor's
102671.3137,Bachelor's
76278.39752,Bachelor's
67573.45469,Bachelor's
68229.42242,Bachelor's
63699.71904,Bachelor's
71518.16288,Bachelor's
63662.47599,Bachelor's
61796.28822,Bachelor's
91871.73379,Bachelor's
61282.29212,Bachelor's
56360.59819,Bachelor's
61091.26001,Bachelor's
61627.72268,Bachelor's
97415.08096,Bachelor's
82608.23893,Bachelor's
36916.32611,Bachelor's
61654.79369,Bachelor's
72986.52504,Bachelor's
47467.03179,Bachelor's
83641.6836,Bachelor's
80352.69055,Bachelor's
95282.31565,Bachelor's
59002.86339,Bachelor's
49618.43391,Bachelor's
54034.04576,Bachelor's
63527.36425,Bachelor's
28757.48745,Bachelor's
47475.58664,Bachelor's
80300.41465,Bachelor's
47786.37479,Bachelor's
35912.09119,Bachelor's
69603.72196,Bachelor's
51844.96261,Bachelor's
42607.1799,Bachelor's
58391.60286,Bachelor's
61064.15438,Bachelor's
56032.38048,Bachelor's
46081.33627,Bachelor's
86344.77907,Bachelor's
47799.1519,Bachelor's
81667.07678,Bachelor's
80744.16698,Bachelor's
28842.82263,Bachelor's
65348.34111,Bachelor's
38540.89256,Bachelor's
63795.92125,Bachelor's
70459.05781,Bachelor's
70371.14444,Bachelor's
67195.12949,Bachelor's
88145.49901,Bachelor's
75072.88335,Bachelor's
38130.19733,Bachelor's
51601.38133,Bachelor's
64712.22784,Bachelor's
70996.56027,Bachelor's
51039.27183,Bachelor's
74759.3705,Bachelor's
67256.84848,Bachelor's
80037.35008,Bachelor's
69854.41176,Bachelor's
75246.91059,Bachelor's
68042.65703,Bachelor's
75795.3052,Bachelor's
67519.85077,Bachelor's
57024.48482,Bachelor's
48532.82629,Bachelor's
76277.06619,Bachelor's
66009.80413,Bachelor's
75382.76006,Bachelor's
68110.19418,Bachelor's
66108.63589,Bachelor's
67653.32329,Bachelor's
53517.96144,Bachelor's
77899.46475,Bachelor's
51683.30798,Bachelor's
74586.66262,Bachelor's
53038.20688,Bachelor's
72508.42312,Bachelor's
79419.27278,Bachelor's
71352.82902,Bachelor's
97302.89477,Bachelor's
56924.39746,Bachelor's
84168.56527,Bachelor's
74278.69189,Bachelor's
85116.75234,Bachelor's
35301.65874,Bachelor's
54947.98756,Bachelor's
55603.00418,Bachelor's
53869.19248,Bachelor's
73746.11068,Bachelor's
64600.17842,Bachelor's
62114.13053,Bachelor's
62378.31119,Bachelor's
54619.24493,Bachelor's
78507.99144,Bachelor's
52239.65362,Bachelor's
36928.13252,Bachelor's
63067.89818,Bachelor's
55907.33574,Bachelor's
56102.07734,Bachelor's
92015.82384,Bachelor's
54572.8513,Bachelor's
60385.99674,Bachelor's
44468.62902,Bachelor's
51453.20624,Bachelor's
44563.39486,Bachelor's
46441.98281,Bachelor's
79497.81455,Bachelor's
82833.89061,Bachelor's
57188.81322,Bachelor's
39192.45823,Bachelor's
46140.81113,Bachelor's
59289.24652,Bachelor's
31128.34977,Bachelor's
72255.60849,Bachelor's
37252.73441,Bachelor's
56796.36325,Bachelor's
49917.70165,Bachelor's
72379.40214,Bachelor's
66091.51439,Bachelor's
68264.06125,Bachelor's
68858.06104,Bachelor's
76801.66609,Bachelor's
53811.09634,Bachelor's
61246.51985,Bachelor's
73961.83906,Bachelor's
48783.28964,Bachelor's
62035.25302,Bachelor's
65296.95256,Bachelor's
62313.68578,Bachelor's
50560.9544,Bachelor's
58861.95491,Bachelor's
71382.95293,Bachelor's
58005.27242,Bachelor's
44204.59873,Bachelor's
48281.43762,Bachelor's
75380.95622,Bachelor's
78804.07709,Bachelor's
76568.07863,Bachelor's
78197.89383,Bachelor's
52478.61198,Bachelor's
50412.64406,Bachelor's
42841.03683,Bachelor's
71334.05647,Bachelor's
81608.47447,Bachelor's
62942.06421,Bachelor's
58679.55096,Bachelor's
56791.59832,Bachelor's
67937.04234,Bachelor's
85044.64667,Bachelor's
56240.24922,Bachelor's
75455.31307,Bachelor's
55962.33823,Bachelor's
60770.5127,Bachelor's
55576.16851,Bachelor's
87308.10364,Bachelor's
73262.94834,Bachelor's
54626.96322,Bachelor's
80669.93724,Bachelor's
55782.82444,Bachelor's
51734.52089,Bachelor's
71359.18963,Bachelor's
76455.73067,Bachelor's
57792.21718,Bachelor's
66385.74938,Bachelor's
67164.27172,Bachelor's
54303.87153,Bachelor's
60232.82735,Bachelor's
50355.65889,Bachelor's
55646.91951,Bachelor's
71953.59618,Bachelor's
82074.29769,Bachelor's
73269.9759,Bachelor's
64978.5578,Bachelor's
45490.43481,Bachelor's
66680.14719,Bachelor's
67500.46515,Bachelor's
75858.67216,Bachelor's
73251.95187,Bachelor's
65438.9804,Bachelor's
49850.289,Bachelor's
70948.46453,Bachelor's
76143.60205,Bachelor's
68516.37316,Bachelor's
76595.58731,Bachelor's
97850.80481,Bachelor's
50838.91322,Bachelor's
63659.66615,Bachelor's
44113.01039,Bachelor's
71890.05732,Bachelor's
59610.70291,Bachelor's
68865.57578,Bachelor's
95706.68626,Bachelor's
62255.43906,Bachelor's
48415.5026,Bachelor's
59198.76915,Bachelor's
33294.50981,Bachelor's
74678.25121,Bachelor's
63169.00797,Bachelor's
50449.61802,Bachelor's
55840.04009,Bachelor's
74981.55449,Bachelor's
42612.25863,Bachelor's
51006.69946,Bachelor's
66367.93867,Bachelor's
90830.99587,Bachelor's
30013.80331,Bachelor's
61653.87334,Bachelor's
66957.7872,Bachelor's
97292.68473,Bachelor's
31396.9665,Bachelor's
61869.12876,Bachelor's
64529.52162,Bachelor's
80601.75419,Bachelor's
36384.95824,Bachelor's
62450.12065,Bachelor's
72500.81819,Bachelor's
67213.17772,Bachelor's
46783.59495,Bachelor's
57048.0354,Bachelor's
59448.00474,Bachelor's
54913.92636,Bachelor's
41367.03591,Bachelor's
61869.38248,Bachelor's
67373.88748,Bachelor's
67447.63994,Bachelor's
77340.33245,Bachelor's
69999.97036,Bachelor's
66642.71464,Bachelor's
55303.23177,Bachelor's
67266.76879,Bachelor's
67361.62447,Bachelor's
45944.64305,Bachelor's
68926.56907,Bachelor's
74458.49271,Bachelor's
76753.4171,Bachelor's
56675.80755,Bachelor's
79609.78725,Bachelor's
80756.77276,Bachelor's
53190.76861,Bachelor's
64519.2484,Bachelor's
53530.66891,Bachelor's
85543.78965,Bachelor's
72062.23371,Bachelor's
46881.07455,Bachelor's
58587.03707,Bachelor's
68562.89054,Bachelor's
78697.26493,Bachelor's
62959.10682,Bachelor's
51117.711,Bachelor's
40371.52585,Bachelor's
51793.9038,Bachelor's
51699.46942,Bachelor's
90021.85295,Bachelor's
68455.31657,Bachelor's
80337.5924,Bachelor's
63932.61261,Bachelor's
70017.35072,Bachelor's
77039.95653,Bachelor's
59915.87145,Bachelor's
59923.05732,Bachelor's
74055.28557,Bachelor's
64052.5297,Bachelor's
65189.93394,Bachelor's
70874.1985,Bachelor's
74258.11278,Bachelor's
66102.80475,Bachelor's
77304.61749,Bachelor's
49261.45289,Bachelor's
56504.16542,Bachelor's
59324.81746,Bachelor's
42564.14509,Bachelor's
54084.91631,Bachelor's
70134.34745,Bachelor's
77613.44638,Bachelor's
96163.09615,Bachelor's
61415.23101,Bachelor's
57417.9722,Bachelor's
43021.50851,Bachelor's
66024.74304,Bachelor's
27526.21872,Bachelor's
101843.3876,Bachelor's
59807.58738,Bachelor's
61813.2857,Bachelor's
67672.14878,Bachelor's
81787.83108,Bachelor's
93171.8188,Bachelor's
74293.37496,Bachelor's
60136.15084,Bachelor's
69564.0873,Bachelor's
33743.22244,Bachelor's
75028.49566,Bachelor's
77559.75381,Bachelor's
81353.81744,Bachelor's
68085.43969,Bachelor's
80355.53625,Bachelor's
59788.92204,Bachelor's
71293.23034,Bachelor's
34451.19848,Bachelor's
75975.26869,Bachelor's
35863.6205,Bachelor's
75133.0719,Bachelor's
62035.26636,Bachelor's
58545.50199,Bachelor's
52245.92343,Bachelor's
66030.69854,Bachelor's
69530.0805,Bachelor's
93291.21837,Bachelor's
72039.87098,Bachelor's
66851.37998,Bachelor's
98843.67937,Bachelor's
60048.33432,Bachelor's
74111.90398,Bachelor's
58298.16376,Bachelor's
70535.27358,Bachelor's
71235.48886,Bachelor's
50700.8833,Bachelor's
62718.48903,Bachelor's
48036.23951,Bachelor's
70903.53197,Bachelor's
53589.91783,Bachelor's
67137.44574,Bachelor's
39293.0577,Bachelor's
73955.8123,Bachelor's
65242.38881,Bachelor's
51232.60334,Bachelor's
46710.97087,Bachelor's
59003.0286,Bachelor's
68530.35314,Bachelor's
56161.8785,Bachelor's
57461.86716,Bachelor's
58595.46267,Bachelor's
30426.02686,Bachelor's
50589.0607,Bachelor's
58071.0496,Bachelor's
79694.8851,Bachelor's
83045.14824,Bachelor's
54704.39814,Bachelor's
84697.92438,Bachelor's
43842.88914,Bachelor's
73063.50591,Bachelor's
64577.06,Bachelor's
45589.64915,Bachelor's
73680.83794,Bachelor's
43287.95593,Bachelor's
71600.55767,Bachelor's
81729.30206,Bachelor's
94904.49859,Bachelor's
77608.85171,Bachelor's
57323.61897,Bachelor's
80980.37267,Bachelor's
77680.32386,Bachelor's
62663.50578,Bachelor's
53447.15034,Bachelor's
50803.82719,Bachelor's
78379.37314,Bachelor's
76639.25786,Bachelor's
80953.69593,Bachelor's
59659.31477,Bachelor's
56250.86801,Bachelor's
58972.90559,Bachelor's
57065.65353,Bachelor's
78314.99188,Bachelor's
71335.9895,Bachelor's
42955.90728,Bachelor's
59671.77026,Bachelor's
46730.53363,Bachelor's
50754.52005,Bachelor's
60806.749,Bachelor's
62100.87488,Bachelor's
54543.68494,Bachelor's
66783.19351,Bachelor's
93062.44747,Bachelor's
74381.16523,Bachelor's
48812.70178,Bachelor's
70509.44961,Bachelor's
85646.45782,Bachelor's
55929.27832,Bachelor's
71635.20447,Bachelor's
64326.38099,Bachelor's
76998.42216,Bachelor's
66945.19077,Bachelor's
63530.90586,Bachelor's
80105.73519,Bachelor's
78480.33448,Bachelor's
49082.39353,Bachelor's
79889.03471,Bachelor's
65117.96651,Bachelor's
74406.22731,Bachelor's
68627.52903,Bachelor's
48338.03521,Bachelor's
88557.09015,Bachelor's
81677.67686,Bachelor's
57103.17879,Bachelor's
43592.51208,Bachelor's
76985.68886,Bachelor's
61641.60647,Bachelor's
64281.90602,Bachelor's
81650.25402,Bachelor's
93492.89271,Bachelor's
62974.90454,Bachelor's
80096.83668,Bachelor's
62292.53933,Bachelor's
56259.69482,Bachelor's
59991.86266,Bachelor's
66166.39038,Bachelor's
43883.57229,Bachelor's
60366.29632,Bachelor's
60135.66877,Bachelor's
72313.01281,Bachelor's
62559.90182,Bachelor's
52143.96005,Bachelor's
71871.90585,Bachelor's
66103.67775,Bachelor's
68804.78594,Bachelor's
59177.05237,Bachelor's
51358.95681,Bachelor's
66294.72509,Bachelor's
54339.0492,Bachelor's
53646.16198,Bachelor's
65506.78301,Bachelor's
54378.49559,Bachelor's
59841.51154,Bachelor's
54521.34252,Bachelor's
50627.70798,Bachelor's
69489.58071,Bachelor's
83035.16614,Bachelor's
61094.56167,Bachelor's
50304.02882,Bachelor's
41883.24643,Bachelor's
46177.3573,Bachelor's
57311.01273,Bachelor's
77150.2046,Bachelor's
61017.43946,Bachelor's
86393.81782,Bachelor's
47943.27358,Bachelor's
67565.01258,Bachelor's
45735.9666,Bachelor's
69256.88194,Bachelor's
65305.71532,Bachelor's
51991.75839,Bachelor's
66232.46757,Bachelor's
63481.52383,Bachelor's
88150.40316,Bachelor's
49766.05283,Bachelor's
79918.72244,Bachelor's
60131.94834,Bachelor's
65479.73465,Bachelor's
67908.79068,Bachelor's
78565.96572,Bachelor's
64897.2204,Bachelor's
46769.12086,Bachelor's
40842.73413,Bachelor's
108463.6382,Bachelor's
61750.92538,Bachelor's
72031.73636,Bachelor's
79507.42364,Bachelor's
69438.52661,Bachelor's
68487.94943,Bachelor's
58262.37411,Bachelor's
78152.07581,Bachelor's
74866.36922,Bachelor's
50223.38029,Bachelor's
86467.97108,Bachelor's
65042.68353,Bachelor's
58208.01422,Bachelor's
67322.79901,Bachelor's
79391.22761,Bachelor's
33172.32183,Bachelor's
58246.13332,Bachelor's
55780.38089,Bachelor's
56924.99601,Bachelor's
82147.39169,Bachelor's
95993.49135,Bachelor's
62769.58924,Bachelor's
69859.50181,Bachelor's
62281.05436,Bachelor's
36525.97896,Bachelor's
52990.67357,Bachelor's
50394.72656,Bachelor's
65073.82512,Bachelor's
76347.04761,Bachelor's
74222.23877,Bachelor's
46750.81476,Bachelor's
63506.55208,Bachelor's
73676.26573,Bachelor's
87120.83763,Bachelor's
48654.12072,Bachelor's
58476.71167,Bachelor's
78485.60169,Bachelor's
97278.67981,Bachelor's
70512.50696,Bachelor's
73683.03012,Bachelor's
81453.68634,Bachelor's
49927.44472,Bachelor's
74552.06334,Bachelor's
81401.28201,Bachelor's
49587.10431,Bachelor's
58574.55123,Bachelor's
56283.55502,Bachelor's
68642.29214,Bachelor's
87236.34622,Bachelor's
73852.14176,Bachelor's
61082.05415,Bachelor's
56061.2643,Bachelor's
51876.33158,Bachelor's
52752.86315,Bachelor's
71478.66364,Bachelor's
60135.32318,Bachelor's
68530.49259,Bachelor's
83483.38275,Bachelor's
69745.18033,Bachelor's
66326.23467,Bachelor's
44963.43542,Bachelor's
64590.73505,Bachelor's
72863.42453,Bachelor's
52299.11066,Bachelor's
52887.03102,Bachelor's
81872.4613,Bachelor's
83151.7194,Bachelor's
89730.12593,Bachelor's
53422.03799,Bachelor's
58071.06507,Bachelor's
72768.24786,Bachelor's
55307.30394,Bachelor's
82157.90609,Bachelor's
62914.46522,Bachelor's
67981.67593,Bachelor's
91846.37921,Bachelor's
85194.25486,Bachelor's
59914.98854,Bachelor's
54012.28417,Bachelor's
51688.93296,Bachelor's
30679.14834,Bachelor's
30797.98071,Bachelor's
76754.27329,Bachelor's
50839.58194,Bachelor's
87207.8346,Bachelor's
63335.1577,Bachelor's
65154.79924,Bachelor's
63387.05877,Bachelor's
68800.24913,Bachelor's
73617.98032,Bachelor's
58400.07962,Bachelor's
32990.50681,Bachelor's
66366.31612,Bachelor's
42564.96518,Bachelor's
57811.84154,Bachelor's
87732.58341,Bachelor's
73765.52474,Bachelor's
46155.87979,Bachelor's
104044.1474,Bachelor's
53407.84053,Bachelor's
68875.55109,Bachelor's
66633.68434,Bachelor's
61224.52208,Bachelor's
72602.56932,Bachelor's
69981.64298,Bachelor's
74947.15661,Bachelor's
61678.37514,Bachelor's
54435.34091,Bachelor's
55789.20493,Bachelor's
91615.32427,Bachelor's
68121.03566,Bachelor's
53658.16413,Bachelor's
67493.69574,Bachelor's
75295.77639,Bachelor's
75196.32861,Bachelor's
63740.84429,Bachelor's
42385.58139,Bachelor's
89721.27173,Bachelor's
39996.14262,Bachelor's
76231.11247,Bachelor's
66680.11063,Bachelor's
50803.65106,Bachelor's
73720.29165,Bachelor's
64446.17966,Bachelor's
97060.22222,Bachelor's
83062.82246,Bachelor's
76438.49215,Bachelor's
72313.91835,Bachelor's
69855.54878,Bachelor's
58372.05545,Bachelor's
47978.91258,Bachelor's
92720.52265,Bachelor's
50376.57559,Bachelor's
53431.95292,Bachelor's
71675.95357,Bachelor's
64854.11252,Bachelor's
64908.03797,Bachelor's
90498.78343,Bachelor's
65668.0306,Bachelor's
62586.67978,Bachelor's
57322.4734,Bachelor's
78515.24867,Bachelor's
84128.75701,Bachelor's
61591.39046,Bachelor's
64526.60687,Bachelor's
71404.76656,Bachelor's
86752.2527,Bachelor's
67061.0588,Bachelor's
71695.75213,Bachelor's
55235.56497,Bachelor's
87843.55756,Bachelor's
70780.61287,Bachelor's
75129.98501,Bachelor's
75799.85451,Bachelor's
62224.16847,Bachelor's
80804.31956,Bachelor's
61368.40893,Bachelor's
78200.53986,Bachelor's
62260.38489,Bachelor's
62368.19137,Bachelor's
53687.38245,Bachelor's
51129.25442,Bachelor's
65905.84558,Bachelor's
67155.77705,Bachelor's
76024.892,Bachelor's
50997.66738,Bachelor's
90666.40468,Bachelor's
61344.7548,Bachelor's
67302.64494,Bachelor's
82860.38423,Bachelor's
52257.65265,Bachelor's
75590.05857,Bachelor's
43817.47095,Bachelor's
71770.99231,Bachelor's
66196.80816,Bachelor's
44549.91523,Bachelor's
54681.19702,Bachelor's
71033.50923,Bachelor's
39447.99444,Bachelor's
51833.00046,Bachelor's
54157.44947,Bachelor's
74006.1046,Bachelor's
82016.67172,Bachelor's
91792.17293,Bachelor's
54967.41482,Bachelor's
82724.5726,Bachelor's
53244.07103,Bachelor's
60931.85768,Bachelor's
82562.20199,Bachelor's
68197.86076,Bachelor's
62370.61131,Bachelor's
47316.50786,Bachelor's
63199.60084,Bachelor's
48385.47697,Bachelor's
48525.41762,Bachelor's
67145.63766,Bachelor's
81321.02408,Bachelor's
67513.80688,Bachelor's
71090.68341,Bachelor's
65876.84657,Bachelor's
54471.28723,Bachelor's
76312.311,Bachelor's
65711.00629,Bachelor's
60286.18302,Bachelor's
62451.81482,Bachelor's
51860.50619,Bachelor's
46458.96256,Bachelor's
58078.70128,Bachelor's
67473.53806,Bachelor's
41948.21922,Bachelor's
73686.22918,Bachelor's
57671.96678,Bachelor's
63636.32453,Bachelor's
56688.85948,Bachelor's
40192.72089,Bachelor's
85996.36889,Bachelor's
78661.58447,Bachelor's
82172.04806,Bachelor's
65757.9267,Bachelor's
66151.61342,Bachelor's
64715.30589,Bachelor's
67977.47134,Bachelor's
43538.03964,Bachelor's
57588.20042,Bachelor's
83826.67935,Bachelor's
71259.7585,Bachelor's
62811.12436,Bachelor's
62172.16327,Bachelor's
57208.14394,Bachelor's
68789.19105,Bachelor's
53057.8413,Bachelor's
60980.28199,Bachelor's
60911.69887,Bachelor's
78335.96379,Bachelor's
74721.27088,Bachelor's
74788.50178,Bachelor's
59872.46216,Bachelor's
51119.29417,Bachelor's
75021.60324,Bachelor's
70047.29892,Bachelor's
30319.71148,Bachelor's
48875.60915,Bachelor's
111284.5458,Bachelor's
67939.64457,Bachelor's
68004.03699,Bachelor's
77802.53107,Bachelor's
51892.43895,Bachelor's
48740.80826,Bachelor's
54927.35697,Bachelor's
63078.91601,Bachelor's
53685.56223,Bachelor's
55879.99871,Bachelor's
40842.2488,Bachelor's
92573.09192,Bachelor's
59922.98332,Bachelor's
55991.44784,Bachelor's
55122.77557,Bachelor's
52617.26767,Bachelor's
55389.39185,Bachelor's
51873.61659,Bachelor's
87608.22664,Bachelor's
43447.56149,Bachelor's
71680.32929,Bachelor's
51908.57444,Bachelor's
53891.62371,Bachelor's
74337.12783,Bachelor's
62719.82887,Bachelor's
49409.66868,Bachelor's
68128.90789,Bachelor's
66724.12886,Bachelor's
73950.23122,Bachelor's
40645.39648,Bachelor's
53676.86495,Bachelor's
69993.12155,Bachelor's
73573.09857,Bachelor's
51809.06041,Bachelor's
74534.90611,Bachelor's
75758.98366,Bachelor's
53765.42079,Bachelor's
55573.74873,Bachelor's
69086.49586,Bachelor's
71403.15806,Bachelor's
74758.49191,Bachelor's
72669.22568,Bachelor's
45122.73991,Bachelor's
77810.18005,Bachelor's
60384.89679,Bachelor's
68670.08685,Bachelor's
54495.37125,Bachelor's
75834.06365,Bachelor's
43915.6083,Bachelor's
88977.90641,Bachelor's
65069.27613,Bachelor's
58069.38512,Bachelor's
59059.74181,Bachelor's
87570.5304,Bachelor's
84335.52859,Bachelor's
76111.77298,Bachelor's
36912.47939,Bachelor's
68414.1386,Bachelor's
70017.1988,Bachelor's
83998.78373,Bachelor's
56925.72579,Bachelor's
43168.88731,Bachelor's
56478.98208,Bachelor's
83301.29944,Bachelor's
88536.63405,Bachelor's
42688.25398,Bachelor's
60272.58917,Bachelor's
64628.53355,Bachelor's
79004.52112,Bachelor's
77204.08011,Bachelor's
71093.06129,Bachelor's
84966.15431,Bachelor's
51409.5759,Bachelor's
50442.01607,Bachelor's
75742.16178,Bachelor's
85199.05137,Bachelor's
42045.45974,Bachelor's
110889.8801,Bachelor's
64671.66161,Bachelor's
84699.78238,Bachelor's
46591.53855,Bachelor's
77184.27693,Bachelor's
67704.16999,Bachelor's
61312.42583,Bachelor's
55806.80229,Bachelor's
92864.24157,Bachelor's
69541.41877,Bachelor's
60907.20967,Bachelor's
68866.03779,Bachelor's
98575.41026,Bachelor's
81858.53364,Bachelor's
56531.2796,Bachelor's
67886.67657,Bachelor's
80175.01273,Bachelor's
99254.00793,Bachelor's
75626.40669,Bachelor's
77590.55461,Bachelor's
89246.81667,Bachelor's
81664.13486,Bachelor's
74858.45396,Bachelor's
48524.32319,Bachelor's
31560.39611,Bachelor's
100214.143,Bachelor's
68814.86813,Bachelor's
62277.74751,Bachelor's
50659.70461,Bachelor's
76011.72176,Bachelor's
41848.31592,Bachelor's
63140.68028,Bachelor's
65744.59941,Bachelor's
71890.21691,Bachelor's
53747.88776,Bachelor's
60267.20145,Bachelor's
72052.93449,Bachelor's
39872.22279,Bachelor's
40496.33202,Bachelor's
42025.95078,Bachelor's
47086.3498,Bachelor's
65035.89404,Bachelor's
87395.1582,Bachelor's
70969.98204,Bachelor's
33516.90413,Bachelor's
59369.7152,Bachelor's
75806.38365,Bachelor's
76400.9727,Bachelor's
58831.6313,Bachelor's
66620.04277,Bachelor's
61623.7133,Bachelor's
70081.52239,Bachelor's
64815.44482,Bachelor's
71287.83691,Bachelor's
74855.74753,Bachelor's
67563.20651,Bachelor's
62225.15171,Bachelor's
64669.45391,Bachelor's
70704.05753,Bachelor's
90115.10875,Bachelor's
82919.33743,Bachelor's
80447.6011,Bachelor's
81271.69846,Bachelor's
61798.75023,Bachelor's
49163.97466,Bachelor's
39343.94198,Bachelor's
49821.1263,Bachelor's
67507.87704,Bachelor's
68157.1231,Bachelor's
54205.61225,Bachelor's
45758.14969,Bachelor's
83265.37605,Bachelor's
51842.57248,Bachelor's
42091.27319,Bachelor's
59012.78206,Bachelor's
79787.65086,Bachelor's
69147.17697,Bachelor's
84714.26731,Bachelor's
72867.18739,Bachelor's
69450.03612,Bachelor's
61062.19608,Bachelor's
96276.14066,Bachelor's
50906.56945,Bachelor's
70471.18423,Bachelor's
57934.73607,Bachelor's
77568.77322,Bachelor's
79326.47896,Bachelor's
58117.50387,Bachelor's
34647.40512,Bachelor's
58113.49424,Bachelor's
27973.94137,Bachelor's
53831.27477,Bachelor's
52000.64864,Bachelor's
56483.03427,Bachelor's
70495.98943,Bachelor's
80478.35939,Bachelor's
46942.21298,Bachelor's
41808.59864,Bachelor's
53371.24995,Bachelor's
65692.69176,Bachelor's
93820.98338,Bachelor's
64501.04447,Bachelor's
85091.60556,Bachelor's
38076.80168,Bachelor's
77767.51536,Bachelor's
72742.46834,Bachelor's
68091.21419,Bachelor's
66004.08812,Bachelor's
69799.01753,Bachelor's
104998.5048,Bachelor's
60564.94177,Bachelor's
84952.79115,Bachelor's
64114.54521,Bachelor's
39138.01266,Bachelor's
53206.75905,Bachelor's
73147.73945,Bachelor's
77657.50362,Bachelor's
64179.8204,Bachelor's
77642.80216,Bachelor's
70917.85479,Bachelor's
78859.54366,Bachelor's
84802.28633,Bachelor's
60425.3548,Bachelor's
67430.16488,Bachelor's
69400.20703,Bachelor's
48284.68541,Bachelor's
58333.1621,Bachelor's
104146.9174,Bachelor's
76041.12588,Bachelor's
33917.89969,Bachelor's
62142.58722,Bachelor's
76089.81093,Bachelor's
59166.79469,Bachelor's
72086.3837,Bachelor's
42152.95495,Bachelor's
58916.69906,Bachelor's
70892.97204,Bachelor's
60526.91511,Bachelor's
42037.57896,Bachelor's
71975.99742,Bachelor's
45772.79093,Bachelor's
94689.23961,Bachelor's
65279.4365,Bachelor's
50029.30896,Bachelor's
88264.68989,Bachelor's
64611.29062,Bachelor's
61645.86641,Bachelor's
85246.45605,Bachelor's
89058.81379,Bachelor's
39680.54652,Bachelor's
59488.63716,Bachelor's
78137.76451,Bachelor's
61973.18785,Bachelor's
96574.98311,Bachelor's
47390.57129,Bachelor's
67317.05289,Bachelor's
56954.81476,Bachelor's
69828.59333,Bachelor's
56690.59434,Bachelor's
62091.94489,Bachelor's
102166.7789,Bachelor's
53768.24552,Bachelor's
58841.96338,Bachelor's
92410.63127,Bachelor's
66882.88093,Bachelor's
70437.97624,Bachelor's
65769.97618,Bachelor's
60244.30091,Bachelor's
74631.53046,Bachelor's
36010.74523,Bachelor's
81363.70928,Bachelor's
63066.31697,Bachelor's
54297.35452,Bachelor's
64737.75977,Bachelor's
67467.20235,Bachelor's
67893.2401,Bachelor's
47576.26525,Bachelor's
65847.23058,Bachelor's
56818.54884,Bachelor's
83983.7994,Bachelor's
62622.81232,Bachelor's
37363.99855,Bachelor's
106531.8551,Bachelor's
76426.34426,Bachelor's
85786.46,Bachelor's
58644.01992,Bachelor's
50814.80956,Bachelor's
39248.50675,Bachelor's
45350.01857,Bachelor's
72600.56396,Bachelor's
49006.71026,Bachelor's
41723.21168,Bachelor's
61555.66611,Bachelor's
76686.01437,Bachelor's
86163.95195,Bachelor's
80462.51915,Bachelor's
62373.93455,Bachelor's
72973.19537,Bachelor's
50150.16733,Bachelor's
52113.06297,Bachelor's
71228.10637,Bachelor's
82830.03478,Bachelor's
38878.84584,Bachelor's
65467.67918,Bachelor's
66786.45961,Bachelor's
77400.42834,Bachelor's
66033.33986,Bachelor's
33061.86034,Bachelor's
39195.50662,Bachelor's
58963.80078,Bachelor's
74178.58337,Bachelor's
60173.59521,Bachelor's
58607.19256,Bachelor's
58512.81301,Bachelor's
55640.3912,Bachelor's
78895.65377,Bachelor's
81734.36694,Bachelor's
76469.14763,Bachelor's
82105.30596,Bachelor's
85972.92535,Bachelor's
52799.76594,Bachelor's
46942.98695,Bachelor's
82865.06029,Bachelor's
48466.11054,Bachelor's
70203.43614,Bachelor's
62963.8671,Bachelor's
81466.83132,Bachelor's
63861.38559,Bachelor's
52107.34635,Bachelor's
60539.48501,Bachelor's
83507.03906,Bachelor's
68384.61235,Bachelor's
94792.59211,Bachelor's
72505.34532,Bachelor's
71839.75247,Bachelor's
43359.715,Bachelor's
91372.08413,Bachelor's
65271.7556,Bachelor's
52639.02673,Bachelor's
55875.50489,Bachelor's
42870.84789,Bachelor's
44405.62099,Bachelor's
81970.92678,Bachelor's
60545.97977,Bachelor's
87833.58784,Bachelor's
64813.45928,Bachelor's
57700.4598,Bachelor's
32467.92561,Bachelor's
92160.94497,Bachelor's
61109.14995,Bachelor's
49199.73251,Bachelor's
61570.83179,Bachelor's
52778.21291,Bachelor's
72174.44802,Bachelor's
82562.40201,Bachelor's
88081.06518,Bachelor's
68804.23044,Bachelor's
73672.37534,Bachelor's
45726.74055,Bachelor's
74667.39917,Bachelor's
76138.13612,Bachelor's
70690.94211,Bachelor's
48083.44499,Bachelor's
52893.83055,Bachelor's
51684.34198,Bachelor's
89181.6441,Bachelor's
69400.58502,Bachelor's
53593.96964,Bachelor's
85810.09781,Bachelor's
108365.5811,Bachelor's
50580.44701,Bachelor's
78968.89477,Bachelor's
82314.82668,Bachelor's
91167.05602,Bachelor's
72415.35804,Bachelor's
52694.71419,Bachelor's
62891.90056,Bachelor's
63731.3427,Bachelor's
48677.57145,Bachelor's
74041.86908,Bachelor's
63811.28498,Bachelor's
66878.28309,Bachelor's
69920.71961,Bachelor's
88624.5225,Bachelor's
51880.25801,Bachelor's
47793.22921,Bachelor's
58994.4222,Bachelor's
62490.41423,Bachelor's
87480.12352,Bachelor's
50608.43158,Bachelor's
81939.86411,Bachelor's
86378.05077,Bachelor's
49501.14913,Bachelor's
66983.20452,Bachelor's
60575.40696,Bachelor's
86913.10997,Bachelor's
39502.35965,Bachelor's
56328.37184,Bachelor's
67193.1932,Bachelor's
55039.8746,Bachelor's
42214.75381,Bachelor's
66743.70146,Bachelor's
46734.99962,Bachelor's
66004.73004,Bachelor's
47409.98894,Bachelor's
73951.98137,Bachelor's
67175.46947,Bachelor's
49741.5149,Bachelor's
45837.44518,Bachelor's
46150.02745,Bachelor's
75407.04756,Bachelor's
48344.45682,Bachelor's
87553.89927,Bachelor's
91999.67662,Bachelor's
79843.59754,Bachelor's
83683.31555,Bachelor's
76571.63829,Bachelor's
59927.89678,Bachelor's
56208.6533,Bachelor's
72369.44396,Bachelor's
61746.5855,Bachelor's
96065.39863,Bachelor's
36513.77635,Bachelor's
93498.4336,Bachelor's
56938.83763,Bachelor's
69285.84172,Bachelor's
78467.87974,Bachelor's
59670.17747,Bachelor's
58282.79054,Bachelor's
56210.22373,Bachelor's
83357.35432,Bachelor's
79390.67763,Bachelor's
71631.50673,Bachelor's
59502.71129,Bachelor's
92515.1068,Bachelor's
60625.75153,Bachelor's
101610.154,Bachelor's
50987.11021,Bachelor's
88804.31002,Bachelor's
63586.32278,Bachelor's
44477.96497,Bachelor's
60034.36033,Bachelor's
85505.81547,Bachelor's
60321.4358,Bachelor's
93473.46643,Bachelor's
66270.67176,Bachelor's
65028.83424,Bachelor's
46735.09595,Bachelor's
76337.07105,Bachelor's
67762.05496,Bachelor's
51515.13266,Bachelor's
74808.41032,Bachelor's
90689.52692,Bachelor's
76085.97977,Bachelor's
101176.1275,Bachelor's
56064.67719,Bachelor's
71676.54294,Bachelor's
58366.68773,Bachelor's
47733.87936,Bachelor's
55319.38842,Bachelor's
100010.4561,Bachelor's
50923.72779,Bachelor's
32913.10909,Bachelor's
41254.8427,Bachelor's
74006.92488,Bachelor's
79010.73064,Bachelor's
49311.62611,Bachelor's
64633.23808,Bachelor's
64525.649,Bachelor's
48812.55217,Bachelor's
54717.67022,Bachelor's
44468.72698,Bachelor's
53554.39371,Bachelor's
61866.27387,Bachelor's
59081.68913,Bachelor's
72643.60001,Bachelor's
65157.40604,Bachelor's
92867.43469,Bachelor's
59064.64882,Bachelor's
48486.1986,Bachelor's
71991.28348,Bachelor's
73648.27476,Bachelor's
32895.55287,Bachelor's
68566.87472,Bachelor's
60976.46292,Bachelor's
106315.3507,Bachelor's
46469.32191,Bachelor's
53496.73426,Bachelor's
87819.04615,Bachelor's
84653.17679,Bachelor's
55430.1095,Bachelor's
63914.81799,Bachelor's
72492.83935,Bachelor's
81608.91844,Bachelor's
63350.05831,Bachelor's
64032.3708,Bachelor's
63549.27948,Bachelor's
76099.4228,Bachelor's
71528.23534,Bachelor's
36909.37069,Bachelor's
62907.36113,Bachelor's
72672.54894,Bachelor's
65377.34645,Bachelor's
79763.26334,Bachelor's
53843.3583,Bachelor's
72219.57813,Bachelor's
48460.30805,Bachelor's
57355.64104,Bachelor's
60796.36159,Bachelor's
67169.1677,Bachelor's
63584.1625,Bachelor's
46953.76044,Bachelor's
66832.26888,Bachelor's
68390.32788,Bachelor's
65008.85093,Bachelor's
68694.4702,Bachelor's
61547.01836,Bachelor's
90699.78138,Bachelor's
71331.68936,Bachelor's
64635.52388,Bachelor's
40965.09746,Bachelor's
66308.64915,Bachelor's
85892.81459,Bachelor's
71049.6231,Bachelor's
64124.57549,Bachelor's
59156.95298,Bachelor's
82120.98948,Bachelor's
68046.87074,Bachelor's
68855.37357,Bachelor's
43107.85198,Bachelor's
76763.52988,Bachelor's
31329.51799,Bachelor's
46593.50811,Bachelor's
74446.34939,Bachelor's
77813.5418,Bachelor's
46627.74586,Bachelor's
36550.33304,Bachelor's
81843.99925,Bachelor's
89295.55188,Bachelor's
67492.75181,Bachelor's
59843.73643,Bachelor's
76886.23786,Bachelor's
49097.04161,Bachelor's
70749.11428,Bachelor's
54013.53347,Bachelor's
62247.90816,Bachelor's
63086.59671,Bachelor's
86575.0965,Bachelor's
77044.23104,Bachelor's
61427.66433,Bachelor's
62947.97983,Bachelor's
69347.60065,Bachelor's
39275.46901,Bachelor's
49327.48958,Bachelor's
63424.61434,Bachelor's
83046.28124,Bachelor's
55783.14179,Bachelor's
46878.54554,Bachelor's
81770.78388,Bachelor's
44889.11894,Bachelor's
56178.96835,Bachelor's
84528.62964,Bachelor's
71892.27723,Bachelor's
81561.60769,Bachelor's
63166.77694,Bachelor's
27531.46468,Bachelor's
48363.64318,Bachelor's
59283.97266,Bachelor's
67088.00639,Bachelor's
105411.9819,Bachelor's
69125.56281,Bachelor's
81351.82113,Bachelor's
78517.04844,Bachelor's
52846.38782,Bachelor's
97967.70081,Bachelor's
71493.2734,Bachelor's
66330.6209,Bachelor's
41817.37633,Bachelor's
73660.46079,Bachelor's
58304.544,Bachelor's
63665.92359,Bachelor's
95649.25908,Bachelor's
68343.22961,Bachelor's
88836.15307,Bachelor's
58619.46496,Bachelor's
78260.2706,Bachelor's
57817.99557,Bachelor's
78656.05836,Bachelor's
76254.60534,Bachelor's
50262.1996,Bachelor's
73970.35914,Bachelor's
73286.14142,Bachelor's
45771.76921,Bachelor's
64636.96666,Bachelor's
72258.59232,Bachelor's
69844.12803,Bachelor's
57514.97595,Bachelor's
29907.474,Bachelor's
82844.66058,Bachelor's
66964.3585,Bachelor's
71483.25236,Bachelor's
78537.29229,Bachelor's
60282.7372,Bachelor's
81717.77866,Bachelor's
77769.82015,Bachelor's
62659.15997,Bachelor's
63310.04847,Bachelor's
92230.43312,Bachelor's
96337.36718,Bachelor's
71143.81828,Bachelor's
76087.39686,Bachelor's
78720.47679,Bachelor's
48544.84674,Bachelor's
70648.59471,Bachelor's
73696.29645,Bachelor's
62907.47161,Bachelor's
63089.93154,Bachelor's
75126.7931,Bachelor's
90256.36754,Bachelor's
60696.47075,Bachelor's
63041.39304,Bachelor's
92489.6641,Bachelor's
65192.14107,Bachelor's
60766.23051,Bachelor's
75261.59343,Bachelor's
61602.95206,Bachelor's
100603.4576,Bachelor's
68110.8783,Bachelor's
91479.94076,Bachelor's
77120.91456,Bachelor's
50433.87232,Bachelor's
77814.24238,Bachelor's
56629.79646,Bachelor's
55105.64049,Bachelor's
76318.84854,Bachelor's
76963.10884,Bachelor's
79656.78342,Bachelor's
55379.57335,Bachelor's
75916.66992,Bachelor's
37368.49755,Bachelor's
44516.78404,Bachelor's
94601.38926,Bachelor's
80141.13345,Bachelor's
51602.00704,Bachelor's
47255.92504,Bachelor's
63346.62078,Bachelor's
59108.49757,Bachelor's
73647.11057,Bachelor's
83690.86549,Bachelor's
43968.42696,Bachelor's
105629.9772,Bachelor's
62906.29308,Bachelor's
43735.78381,Bachelor's
68727.07511,Bachelor's
71754.34015,Bachelor's
61854.66855,Bachelor's
69989.43029,Bachelor's
82005.35701,Bachelor's
88012.58218,Bachelor's
53859.434,Bachelor's
59120.01471,Bachelor's
66567.00335,Bachelor's
62453.8349,Bachelor's
57808.69312,Bachelor's
64326.05883,Bachelor's
55065.28678,Bachelor's
65959.35915,Bachelor's
34503.02063,Bachelor's
57247.70376,Bachelor's
63730.84632,Bachelor's
61176.54407,Bachelor's
70372.27858,Bachelor's
85175.7397,Bachelor's
80638.03613,Bachelor's
90524.83545,Bachelor's
61696.28642,Bachelor's
74144.60415,Bachelor's
88436.90387,Bachelor's
86033.54839,Bachelor's
65702.00328,Bachelor's
47181.39559,Bachelor's
80423.98462,Bachelor's
70598.41793,Bachelor's
45551.3138,Bachelor's
51654.55429,Bachelor's
93174.32588,Bachelor's
60528.3359,Bachelor's
72374.92443,Bachelor's
49007.02286,Bachelor's
71233.24433,Bachelor's
92661.51033,Bachelor's
80218.78222,Bachelor's
65212.91515,Bachelor's
46823.88751,Bachelor's
51206.26084,Bachelor's
49765.49454,Bachelor's
71791.51793,Bachelor's
65540.5335,Bachelor's
77813.26202,Bachelor's
70156.09182,Bachelor's
49655.44295,Bachelor's
46693.80323,Bachelor's
83613.34918,Bachelor's
80172.06864,Bachelor's
47793.47766,Bachelor's
67694.41251,Bachelor's
55313.96937,Bachelor's
74075.46939,Bachelor's
40413.19574,Bachelor's
80390.54146,Bachelor's
84563.04657,Bachelor's
58652.51259,Bachelor's
61426.34446,Bachelor's
58015.18841,Bachelor's
88716.30132,Bachelor's
80148.56482,Bachelor's
78944.57546,Bachelor's
82031.21994,Bachelor's
69118.45359,Bachelor's
66062.00322,Bachelor's
51897.66685,Bachelor's
47432.44998,Bachelor's
59506.68737,Bachelor's
68554.03864,Bachelor's
45410.64579,Bachelor's
57673.43478,Bachelor's
101522.9015,Bachelor's
82201.3098,Bachelor's
49900.93637,Bachelor's
44440.98492,Bachelor's
53068.25478,Bachelor's
54259.01598,Bachelor's
57295.70265,Bachelor's
58457.60743,Bachelor's
83652.35924,Bachelor's
67982.50172,Bachelor's
71990.46929,Bachelor's
73214.00326,Bachelor's
58734.06903,Bachelor's
55540.49365,Bachelor's
53331.27061,Bachelor's
62054.62843,Bachelor's
91904.5516,Bachelor's
60501.6071,Bachelor's
53791.04508,Bachelor's
79258.36733,Bachelor's
75217.30444,Bachelor's
83874.17066,Bachelor's
74759.57285,Bachelor's
65328.55343,Bachelor's
30660.49072,Bachelor's
59942.06935,Bachelor's
66847.66472,Bachelor's
62588.23268,Bachelor's
51489.97259,Bachelor's
88650.65373,Bachelor's
33592.46424,Bachelor's
56806.7759,Bachelor's
70599.39739,Bachelor's
71312.80392,Bachelor's
73396.87509,Bachelor's
65643.92831,Bachelor's
63057.48333,Bachelor's
52837.66786,Bachelor's
63983.13533,Bachelor's
47102.8721,Bachelor's
56838.86691,Bachelor's
72459.4797,Bachelor's
45984.56202,Bachelor's
51289.3019,Bachelor's
53186.70763,Bachelor's
63531.39849,Bachelor's
60315.6442,Bachelor's
74172.19297,Bachelor's
42882.42205,Bachelor's
66214.79297,Bachelor's
54779.82332,Bachelor's
66976.11293,Bachelor's
76857.27107,Bachelor's
62962.12139,Bachelor's
62859.19134,Bachelor's
67180.29113,Bachelor's
81196.4761,Bachelor's
71495.63931,Bachelor's
54332.77524,Bachelor's
61715.92367,Bachelor's
70466.16101,Bachelor's
83008.16814,Bachelor's
50730.39635,Bachelor's
64609.44073,Bachelor's
72124.14162,Bachelor's
66270.07881,Bachelor's
86242.2173,Bachelor's
85431.8463,Bachelor's
76298.75401,Bachelor's
52986.40737,Bachelor's
69370.37079,Bachelor's
58302.19685,Bachelor's
94023.71723,Bachelor's
47477.99144,Bachelor's
61568.49572,Bachelor's
57863.034,Bachelor's
56955.34258,Bachelor's
82750.91688,Bachelor's
74975.08515,Bachelor's
72752.07554,Bachelor's
68775.9803,Bachelor's
63172.48355,Bachelor's
62920.89449,Bachelor's
59984.51981,Bachelor's
80035.42436,Bachelor's
55879.97776,Bachelor's
55677.77359,Bachelor's
75541.90637,Bachelor's
60090.00434,Bachelor's
51087.73679,Bachelor's
93335.77434,Bachelor's
92517.0274,Bachelor's
59469.04606,Bachelor's
84348.35551,Bachelor's
43187.48871,Bachelor's
77251.72459,Bachelor's
80745.12439,Bachelor's
60032.43086,Bachelor's
48377.76436,Bachelor's
82820.20399,Bachelor's
81252.82741,Bachelor's
86430.03219,Bachelor's
75897.18089,Bachelor's
74028.29576,Bachelor's
60348.25028,Bachelor's
90507.7322,Bachelor's
66438.11131,Bachelor's
72133.36599,Bachelor's
55865.78555,Bachelor's
66624.25424,Bachelor's
72654.00285,Bachelor's
53682.74519,Bachelor's
69787.58044,Bachelor's
63050.41936,Bachelor's
85943.06966,Bachelor's
80350.31744,Bachelor's
66112.81564,Bachelor's
63884.05375,Bachelor's
64763.91794,Bachelor's
59760.96428,Bachelor's
58993.24919,Bachelor's
93525.2355,Bachelor's
59570.52996,Bachelor's
50119.55461,Bachelor's
76288.30431,Bachelor's
72695.47171,Bachelor's
48830.92981,Bachelor's
58339.51152,Bachelor's
79234.0499,Bachelor's
83664.71991,Bachelor's
63441.66928,Bachelor's
59156.90287,Bachelor's
63959.39345,Bachelor's
82329.17039,Bachelor's
47302.21559,Bachelor's
54677.74099,Bachelor's
73982.56739,Bachelor's
61785.43851,Bachelor's
70855.38908,Bachelor's
56648.35558,Bachelor's
82437.59183,Bachelor's
71096.61057,Bachelor's
57201.4212,Bachelor's
53116.71387,Bachelor's
69671.6383,Bachelor's
67166.31456,Bachelor's
54619.57207,Bachelor's
66065.23771,Bachelor's
56611.72193,Bachelor's
81526.26067,Bachelor's
75186.04426,Bachelor's
45735.31412,Bachelor's
64658.26208,Bachelor's
67391.16745,Bachelor's
70927.79118,Bachelor's
52273.02838,Bachelor's
60137.43898,Bachelor's
37764.01135,Bachelor's
64628.54233,Bachelor's
74696.09477,Bachelor's
58766.74483,Bachelor's
43592.83683,Bachelor's
91601.79005,Bachelor's
92924.46068,Bachelor's
59675.69993,Bachelor's
39352.49947,Bachelor's
74506.96869,Bachelor's
82222.90205,Bachelor's
76874.65723,Bachelor's
70972.77872,Bachelor's
40059.04072,Bachelor's
51500.97796,Bachelor's
51602.05333,Bachelor's
67978.09052,Bachelor's
48527.64936,Bachelor's
108029.5781,Bachelor's
90645.94195,Bachelor's
82599.31883,Bachelor's
63359.09938,Bachelor's
90786.86904,Bachelor's
51661.01953,Bachelor's
40252.65312,Bachelor's
71036.54547,Bachelor's
57051.733,Bachelor's
39526.31441,Bachelor's
53892.04201,Bachelor's
71213.26274,Bachelor's
64955.8121,Bachelor's
78572.41307,Bachelor's
76116.8521,Bachelor's
65403.17513,Bachelor's
66330.72829,Bachelor's
62066.43037,Bachelor's
60956.74875,Bachelor's
77742.83981,Bachelor's
71719.59321,Bachelor's
59464.08498,Bachelor's
50413.21957,Bachelor's
81331.76759,Bachelor's
51788.23786,Bachelor's
63869.89019,Bachelor's
55758.08133,Bachelor's
57678.29231,Bachelor's
92791.56368,Bachelor's
59920.2621,Bachelor's
80593.00677,Bachelor's
74073.59966,Bachelor's
75913.93169,Bachelor's
106641.7861,Bachelor's
62814.692,Bachelor's
77646.26853,Bachelor's
87008.81276,Bachelor's
80213.80242,Bachelor's
65312.76789,Bachelor's
76524.16814,Bachelor's
55840.6844,Bachelor's
48080.24957,Bachelor's
59346.82393,Bachelor's
60939.49883,Bachelor's
82943.98105,Bachelor's
55031.24251,Bachelor's
53025.87071,Bachelor's
54081.15615,Bachelor's
70112.76427,Bachelor's
55084.32114,Bachelor's
60528.8882,Bachelor's
75455.7668,Bachelor's
39819.76663,Bachelor's
70255.30724,Bachelor's
55366.87611,Bachelor's
68566.11703,Bachelor's
76481.03396,Bachelor's
75253.51923,Bachelor's
59384.79444,Bachelor's
68950.79059,Bachelor's
78387.65953,Bachelor's
60673.62336,Bachelor's
52985.07058,Bachelor's
33888.43738,Bachelor's
42885.21833,Bachelor's
80033.722,Bachelor's
87206.69028,Bachelor's
64238.59581,Bachelor's
72465.5335,Bachelor's
59862.59016,Bachelor's
76904.07027,Bachelor's
77276.54359,Bachelor's
86845.03774,Bachelor's
41951.26161,Bachelor's
56906.73241,Bachelor's
78164.90019,Bachelor's
48049.6962,Bachelor's
65132.7564,Bachelor's
59950.19073,Bachelor's
66479.96217,Bachelor's
81150.10156,Bachelor's
88349.19733,Bachelor's
66211.46911,Bachelor's
24434.24215,Bachelor's
68565.76712,Bachelor's
75687.95419,Bachelor's
99120.52428,Bachelor's
32122.61739,Bachelor's
51605.91767,Bachelor's
73177.04069,Bachelor's
74799.5923,Bachelor's
77787.34148,Bachelor's
74247.59604,Bachelor's
55446.52316,Bachelor's
40567.20674,Bachelor's
83353.2712,Bachelor's
73801.57672,Bachelor's
49935.86093,Bachelor's
96498.03293,Bachelor's
47578.18559,Bachelor's
46807.76579,Bachelor's
47295.53391,Bachelor's
99852.68563,Bachelor's
76361.21265,Bachelor's
50633.63163,Bachelor's
52685.66324,Bachelor's
74248.32088,Bachelor's
95545.70122,Bachelor's
84963.1032,Bachelor's
57276.13619,Bachelor's
54151.99908,Bachelor's
61963.7305,Bachelor's
74096.76539,Bachelor's
44479.96794,Bachelor's
71672.36788,Bachelor's
69542.03761,Bachelor's
40058.72706,Bachelor's
68924.97088,Bachelor's
68069.36613,Bachelor's
28404.06971,Bachelor's
63816.14292,Bachelor's
65442.28781,Bachelor's
62801.88979,Bachelor's
45380.91277,Bachelor's
52468.99247,Bachelor's
64984.56906,Bachelor's
76770.70391,Bachelor's
64148.79774,Bachelor's
62972.43754,Bachelor's
71888.89858,Bachelor's
53063.66249,Bachelor's
63732.34979,Bachelor's
30363.22818,Bachelor's
62671.84562,Bachelor's
93633.07575,Bachelor's
89878.05246,Bachelor's
81137.58053,Bachelor's
70353.08093,Bachelor's
42845.52468,Bachelor's
66794.37997,Bachelor's
57503.19593,Bachelor's
61671.5219,Bachelor's
81484.92062,Bachelor's
73040.85163,Bachelor's
83654.11914,Bachelor's
57437.37951,Bachelor's
64742.60948,Bachelor's
64901.33526,Bachelor's
64684.91372,Bachelor's
82895.40979,Bachelor's
77017.12278,Bachelor's
67409.48805,Bachelor's
65923.10986,Bachelor's
48118.35565,Bachelor's
81070.8184,Bachelor's
53340.33802,Bachelor's
63285.94196,Bachelor's
87096.70809,Bachelor's
82767.06635,Bachelor's
56282.84684,Bachelor's
74116.49569,Bachelor's
55201.82421,Bachelor's
60703.86435,Bachelor's
71490.97788,Bachelor's
56819.02561,Bachelor's
58287.35282,Bachelor's
73318.60456,Bachelor's
47680.75011,Bachelor's
61886.25447,Bachelor's
60055.73943,Bachelor's
42062.74123,Bachelor's
70960.55421,Bachelor's
40472.83598,Bachelor's
54100.68366,Bachelor's
61973.60281,Bachelor's
31742.8881,Bachelor's
58883.47423,Bachelor's
62407.12553,Bachelor's
64844.36065,Bachelor's
76777.46761,Bachelor's
58303.92105,Bachelor's
78135.37341,Bachelor's
80617.32138,Bachelor's
67217.409,Bachelor's
92565.83413,Bachelor's
48025.30378,Bachelor's
63264.76269,Bachelor's
75744.37372,Bachelor's
81729.0996,Bachelor's
56151.22213,Bachelor's
56907.85136,Bachelor's
44588.09971,Bachelor's
76435.25658,Bachelor's
68345.76938,Bachelor's
64706.49436,Bachelor's
46597.09967,Bachelor's
34740.22967,Bachelor's
78269.71041,Bachelor's
77893.03476,Bachelor's
78285.5636,Bachelor's
77030.95033,Bachelor's
70886.68457,Bachelor's
80418.17853,Bachelor's
59510.3936,Bachelor's
53200.46003,Bachelor's
63441.30782,Bachelor's
53854.78688,Bachelor's
60634.72032,Bachelor's
65886.95831,Bachelor's
64881.11941,Bachelor's
57226.53963,Bachelor's
59168.7755,Bachelor's
56633.95929,Bachelor's
63785.40231,Bachelor's
67495.33786,Bachelor's
66751.58277,Bachelor's
69069.74211,Bachelor's
64540.31166,Bachelor's
60304.10465,Bachelor's
74123.82841,Bachelor's
42056.62147,Bachelor's
65952.63357,Bachelor's
57364.48725,Bachelor's
40457.72414,Bachelor's
51361.9473,Bachelor's
76442.69509,Bachelor's
65510.61775,Bachelor's
66347.59946,Bachelor's
91377.84411,Bachelor's
83631.15268,Bachelor's
79727.60327,Bachelor's
89255.55114,Bachelor's
54791.41645,Bachelor's
50470.08451,Bachelor's
46039.29178,Bachelor's
71644.40648,Bachelor's
67819.99323,Bachelor's
64912.04146,Bachelor's
54250.7582,Bachelor's
51180.30164,Bachelor's
49677.24837,Bachelor's
67042.81292,Bachelor's
43557.58778,Bachelor's
45714.38853,Bachelor's
87969.40037,Bachelor's
47268.87215,Bachelor's
73583.5112,Bachelor's
49148.0498,Bachelor's
62389.3252,Bachelor's
34065.9792,Bachelor's
69116.98733,Bachelor's
80952.62406,Bachelor's
60941.75959,Bachelor's
57939.72629,Bachelor's
73503.43345,Bachelor's
64992.35893,Bachelor's
60070.71386,Bachelor's
55925.78855,Bachelor's
45805.30894,Bachelor's
55684.99182,Bachelor's
61439.14384,Bachelor's
86531.69534,Bachelor's
71285.24194,Bachelor's
59292.54116,Bachelor's
90181.42113,Bachelor's
36502.16764,Bachelor's
62783.89688,Bachelor's
83332.76247,Bachelor's
63121.62712,Bachelor's
61081.6574,Bachelor's
63355.70157,Bachelor's
97991.81553,Bachelor's
64717.35664,Bachelor's
49399.21952,Bachelor's
70294.36343,Bachelor's
76957.68509,Bachelor's
71655.57256,Bachelor's
90167.91711,Bachelor's
36781.722,Bachelor's
78140.59579,Bachelor's
46829.74928,Bachelor's
78964.20724,Bachelor's
40029.25759,Bachelor's
79229.99675,Bachelor's
41364.67709,Bachelor's
41527.95265,Bachelor's
70452.5316,Bachelor's
72318.76868,Bachelor's
50722.92844,Bachelor's
83856.82465,Bachelor's
43262.01226,Bachelor's
35151.99723,Bachelor's
65489.94699,Bachelor's
67848.28308,Bachelor's
46000.00628,Bachelor's
87515.90818,Bachelor's
68175.20577,Bachelor's
78927.34423,Bachelor's
69942.30754,Bachelor's
68981.24255,Bachelor's
48046.52251,Bachelor's
75213.57087,Bachelor's
40720.80941,Bachelor's
75607.13472,Bachelor's
64617.12617,Bachelor's
59518.31488,Bachelor's
46496.78906,Bachelor's
66457.13114,Bachelor's
65971.0449,Bachelor's
62596.67809,Bachelor's
57304.44628,Bachelor's
69212.38009,Bachelor's
50919.84887,Bachelor's
82142.08926,Bachelor's
77511.74264,Bachelor's
57000.05153,Bachelor's
68760.78556,Bachelor's
39110.27329,Bachelor's
46506.26826,Bachelor's
66538.99589,Bachelor's
39116.11155,Bachelor's
72093.36031,Bachelor's
79411.34068,Bachelor's
61616.72623,Bachelor's
63306.75553,Bachelor's
89883.45404,Bachelor's
69157.32489,Bachelor's
60220.55721,Bachelor's
68867.72341,Bachelor's
55974.77185,Bachelor's
63832.1249,Bachelor's
61649.00147,Bachelor's
82431.72723,Bachelor's
66278.73099,Bachelor's
74600.81678,Bachelor's
76277.03364,Bachelor's
64600.318,Bachelor's
81610.01874,Bachelor's
32670.40653,Bachelor's
26757.27021,Bachelor's
66601.61288,Bachelor's
67479.81468,Bachelor's
66829.81632,Bachelor's
66577.27387,Bachelor's
85100.69948,Bachelor's
67986.53692,Bachelor's
66786.46653,Bachelor's
53509.3815,Bachelor's
80198.27981,Bachelor's
85837.19493,Bachelor's
46688.90003,Bachelor's
51137.70682,Bachelor's
56275.9249,Bachelor's
83535.25105,Bachelor's
66848.43276,Bachelor's
69382.09672,Bachelor's
43433.43822,Bachelor's
81265.23788,Bachelor's
69914.65699,Bachelor's
70022.42652,Bachelor's
78200.39964,Bachelor's
65143.03197,Bachelor's
64113.64141,Bachelor's
53220.12772,Bachelor's
48656.38729,Bachelor's
71884.96016,Bachelor's
74155.71626,Bachelor's
47948.2146,Bachelor's
87033.08934,Bachelor's
73099.1508,Bachelor's
59691.58299,Bachelor's
31833.07129,Bachelor's
75473.74898,Bachelor's
61798.99069,Bachelor's
63359.08443,Bachelor's
53763.83571,Bachelor's
55873.14849,Bachelor's
67302.38174,Bachelor's
67919.64395,Bachelor's
58249.68559,Bachelor's
76225.0014,Bachelor's
88043.5069,Bachelor's
75698.52626,Bachelor's
46037.70093,Bachelor's
81657.69946,Bachelor's
77799.5551,Bachelor's
72560.39513,Bachelor's
96843.74672,Bachelor's
48889.33024,Bachelor's
52486.16485,Bachelor's
45175.83641,Bachelor's
91662.73764,Bachelor's
86464.3972,Bachelor's
69496.3847,Bachelor's
78034.5083,Bachelor's
43351.02469,Bachelor's
85797.53393,Bachelor's
76738.72847,Bachelor's
79458.00241,Bachelor's
58092.79409,Bachelor's
50768.13965,Bachelor's
78839.22475,Bachelor's
76234.55411,Bachelor's
46582.15531,Bachelor's
49813.91818,Bachelor's
75150.50837,Bachelor's
67850.01346,Bachelor's
48373.56348,Bachelor's
69316.32338,Bachelor's
63511.83001,Bachelor's
44055.21006,Bachelor's
30987.71544,Bachelor's
43459.27108,Bachelor's
34873.29389,Bachelor's
55125.47232,Bachelor's
95832.7374,Bachelor's
80243.03139,Bachelor's
73157.51103,Bachelor's
86767.99514,Bachelor's
53250.20514,Bachelor's
60887.08896,Bachelor's
69411.21829,Bachelor's
59645.10503,Bachelor's
83423.44122,Bachelor's
89519.57542,Bachelor's
81755.85777,Bachelor's
68228.09988,Bachelor's
54915.17653,Bachelor's
66239.74956,Bachelor's
57449.96568,Bachelor's
40921.94838,Bachelor's
42985.38198,Bachelor's
62157.50307,Bachelor's
75676.31782,Bachelor's
93139.53228,Bachelor's
71369.23403,Bachelor's
41449.5668,Bachelor's
45890.33223,Bachelor's
69349.77592,Bachelor's
40936.48356,Bachelor's
68735.88138,Bachelor's
76572.29541,Bachelor's
47824.87473,Bachelor's
61481.59725,Bachelor's
43339.64764,Bachelor's
57079.73131,Bachelor's
68436.36797,Bachelor's
57570.25691,Bachelor's
31635.97051,Bachelor's
75001.65363,Bachelor's
71519.37496,Bachelor's
65284.35998,Bachelor's
40131.1662,Bachelor's
90904.7055,Bachelor's
33328.88332,Bachelor's
52679.06032,Bachelor's
39110.33663,Bachelor's
41278.53329,Bachelor's
57880.47356,Bachelor's
74756.04392,Bachelor's
67214.70344,Bachelor's
53855.9269,Bachelor's
61681.07205,Bachelor's
62387.86138,Bachelor's
60941.90055,Bachelor's
79685.51613,Bachelor's
68659.36524,Bachelor's
56434.52537,Bachelor's
75179.69996,Bachelor's
45328.15836,Bachelor's
73345.00974,Bachelor's
56716.97087,Bachelor's
39946.0611,Bachelor's
93309.70219,Bachelor's
73981.07294,Bachelor's
70515.20558,Bachelor's
53014.47985,Bachelor's
59768.61055,Bachelor's
19348.18437,Bachelor's
78956.75251,Bachelor's
73016.66643,Bachelor's
61746.48659,Bachelor's
64673.3069,Bachelor's
79846.35005,Bachelor's
63691.27835,Bachelor's
31261.38944,Bachelor's
107292.8587,Bachelor's
56920.45601,Bachelor's
67038.25558,Bachelor's
67024.28858,Bachelor's
84595.38758,Bachelor's
47373.28867,Bachelor's
70194.49587,Bachelor's
49160.12357,Bachelor's
81426.27109,Bachelor's
62075.28809,Bachelor's
54290.73464,Bachelor's
70228.33191,Bachelor's
80344.84871,Bachelor's
44554.74831,Bachelor's
64061.76852,Bachelor's
52833.78696,Bachelor's
78265.37783,Bachelor's
51532.19811,Bachelor's
58242.75518,Bachelor's
82524.65505,Bachelor's
56011.7154,Bachelor's
76032.46375,Bachelor's
58820.04267,Bachelor's
82079.6137,Bachelor's
29209.56195,Bachelor's
41721.81729,Bachelor's
62593.81536,Bachelor's
29027.73565,Bachelor's
61089.78089,Bachelor's
62741.66536,Bachelor's
75814.36868,Bachelor's
72190.71021,Bachelor's
46531.09169,Bachelor's
61375.68051,Bachelor's
78370.29376,Bachelor's
41883.3165,Bachelor's
61747.1385,Bachelor's
66389.97796,Bachelor's
59112.37571,Bachelor's
71387.69957,Bachelor's
77480.01021,Bachelor's
72161.09667,Bachelor's
69296.10598,Bachelor's
52389.8374,Bachelor's
73317.58175,Bachelor's
76953.32677,Bachelor's
65081.20856,Bachelor's
84368.66368,Bachelor's
72282.32286,Bachelor's
65504.4291,Bachelor's
75442.44444,Bachelor's
39301.54131,Bachelor's
61632.37762,Bachelor's
73214.12898,Bachelor's
83853.43264,Bachelor's
77964.00509,Bachelor's
77565.94886,Bachelor's
76145.54383,Bachelor's
71018.15735,Bachelor's
72298.6605,Bachelor's
47889.62969,Bachelor's
44360.29467,Bachelor's
55919.6836,Bachelor's
68718.1027,Bachelor's
40466.322,Bachelor's
70794.32926,Bachelor's
68648.76019,Bachelor's
34018.45595,Bachelor's
42883.9734,Bachelor's
51828.13544,Bachelor's
67501.18006,Bachelor's
83095.42559,Bachelor's
69307.92518,Bachelor's
74749.90778,Bachelor's
73325.24601,Bachelor's
89780.60436,Bachelor's
57831.34996,Bachelor's
71151.63372,Bachelor's
62882.27882,Bachelor's
70219.29588,Bachelor's
49518.66213,Bachelor's
76347.68675,Bachelor's
79919.6438,Bachelor's
82942.91912,Bachelor's
72028.40426,Bachelor's
48651.56202,Bachelor's
79423.63908,Bachelor's
62814.82047,Bachelor's
74094.91332,Bachelor's
71225.92162,Bachelor's
47788.4412,Bachelor's
72007.26488,Bachelor's
67434.27696,Bachelor's
96513.80134,Bachelor's
57531.77835,Bachelor's
93892.54897,Bachelor's
87818.79007,Bachelor's
73083.50585,Bachelor's
72361.12115,Bachelor's
61627.19692,Bachelor's
64893.23962,Bachelor's
87014.72493,Bachelor's
44446.06037,Bachelor's
63448.19632,Bachelor's
77858.20877,Bachelor's
47070.66477,Bachelor's
82219.88887,Bachelor's
57713.94263,Bachelor's
61840.51558,Bachelor's
89509.12854,Bachelor's
53058.19382,Bachelor's
73956.15914,Bachelor's
66971.83959,Bachelor's
91274.4224,Bachelor's
65218.7261,Bachelor's
49503.51338,Bachelor's
71627.03748,Bachelor's
39085.4813,Bachelor's
86530.97857,Bachelor's
54236.62715,Bachelor's
54474.22351,Bachelor's
63954.93256,Bachelor's
60368.08173,Bachelor's
77401.6068,Bachelor's
62723.25333,Bachelor's
48964.28978,Bachelor's
75525.73352,Bachelor's
52481.79153,Bachelor's
71948.13611,Bachelor's
70870.62436,Bachelor's
69990.82082,Bachelor's
68858.98353,Bachelor's
67951.82524,Bachelor's
44550.96598,Bachelor's
28551.80144,Bachelor's
75223.89206,Bachelor's
67873.43757,Bachelor's
66040.30269,Bachelor's
70828.31236,Bachelor's
57229.26819,Bachelor's
92077.43074,Bachelor's
76503.27939,Bachelor's
61344.17675,Bachelor's
57726.58877,Bachelor's
63231.1459,Bachelor's
89905.81553,Bachelor's
65105.11454,Bachelor's
63948.04544,Bachelor's
59821.90205,Bachelor's
71702.78578,Bachelor's
35401.07397,Bachelor's
56397.85259,Bachelor's
55077.60959,Bachelor's
62931.03151,Bachelor's
76561.25862,Bachelor's
75470.39922,Bachelor's
38569.81235,Bachelor's
69870.56852,Bachelor's
67133.93402,Bachelor's
52447.50161,Bachelor's
81457.1336,Bachelor's
125604.336,Bachelor's
54373.09217,Bachelor's
63894.57303,Bachelor's
40215.56819,Bachelor's
56808.62906,Bachelor's
89731.09843,Bachelor's
80908.55836,Bachelor's
46870.78598,Bachelor's
77279.31921,Bachelor's
48823.55749,Bachelor's
32422.0815,Bachelor's
64411.5503,Bachelor's
63438.31884,Bachelor's
82328.18341,Bachelor's
100426.1275,Bachelor's
90079.26317,Bachelor's
66262.08724,Bachelor's
65396.33719,Bachelor's
48726.13919,Bachelor's
68640.47021,Bachelor's
50917.5775,Bachelor's
87511.57341,Bachelor's
51060.36347,Bachelor's
89967.91801,Bachelor's
61594.03352,Bachelor's
74516.04019,Bachelor's
61784.73843,Bachelor's
70878.88433,Bachelor's
88909.41662,Bachelor's
86169.93532,Bachelor's
90021.88615,Bachelor's
70370.15922,Bachelor's
69452.10772,Bachelor's
51488.94703,Bachelor's
69542.92034,Bachelor's
38970.12553,Bachelor's
76172.17868,Bachelor's
73480.74482,Bachelor's
57958.86205,Bachelor's
50770.86433,Bachelor's
59937.09558,Bachelor's
57210.80867,Bachelor's
79551.69679,Bachelor's
79535.3395,Bachelor's
81762.62036,Bachelor's
75581.09712,Bachelor's
49674.99081,Bachelor's
53227.0617,Bachelor's
58124.96582,Bachelor's
43768.09878,Bachelor's
49181.41158,Bachelor's
47646.04527,Bachelor's
71435.47382,Bachelor's
69801.03035,Bachelor's
91089.82045,Bachelor's
70365.26034,Bachelor's
54678.94032,Bachelor's
65364.18301,Bachelor's
59594.48688,Bachelor's
62493.60245,Bachelor's
60851.57101,Bachelor's
46969.27419,Bachelor's
68057.73697,Bachelor's
60728.46902,Bachelor's
57294.28944,Bachelor's
46042.43057,Bachelor's
73251.64912,Bachelor's
70585.92519,Bachelor's
60792.19774,Bachelor's
90800.49184,Bachelor's
67717.82425,Bachelor's
64998.41327,Bachelor's
45695.66589,Bachelor's
71580.07398,Bachelor's
59469.82391,Bachelor's
87068.8303,Bachelor's
84980.9713,Bachelor's
63877.3121,Bachelor's
57417.31016,Bachelor's
45946.20954,Bachelor's
52502.84698,Bachelor's
53415.76436,Bachelor's
74082.81288,Bachelor's
49557.51914,Bachelor's
57354.82123,Bachelor's
69425.01777,Bachelor's
86694.59069,Bachelor's
92274.05917,Bachelor's
80125.37627,Bachelor's
42149.52779,Bachelor's
87728.69628,Bachelor's
70938.34512,Bachelor's
79726.62946,Bachelor's
36857.31197,Bachelor's
70576.13415,Bachelor's
62373.23744,Bachelor's
68901.46858,Bachelor's
44007.13431,Bachelor's
47052.62441,Bachelor's
64650.52465,Bachelor's
67534.62651,Bachelor's
67602.44312,Bachelor's
93516.61377,Bachelor's
65901.06374,Bachelor's
71164.93682,Bachelor's
78848.92639,Bachelor's
73130.65434,Bachelor's
67669.41384,Bachelor's
50742.502,Bachelor's
56791.48145,Bachelor's
74932.37262,Bachelor's
44229.1974,Bachelor's
48180.03192,Bachelor's
38209.43777,Bachelor's
58923.6809,Bachelor's
63640.86325,Bachelor's
71530.19066,Bachelor's
85499.07071,Bachelor's
80228.39489,Bachelor's
48570.43383,Bachelor's
64481.16231,Bachelor's
61997.86432,Bachelor's
64753.58253,Bachelor's
62707.67118,Bachelor's
48657.20662,Bachelor's
52061.67877,Bachelor's
65918.87098,Bachelor's
47712.40622,Bachelor's
56622.66978,Bachelor's
83379.88372,Bachelor's
63884.62113,Bachelor's
56800.11304,Bachelor's
55153.45603,Bachelor's
66900.2785,Bachelor's
60586.13146,Bachelor's
66385.99454,Bachelor's
99846.63668,Bachelor's
74301.53806,Bachelor's
69448.51686,Bachelor's
30620.48313,Bachelor's
46310.35948,Bachelor's
38476.31258,Bachelor's
76957.02379,Bachelor's
39786.17552,Bachelor's
54435.62389,Bachelor's
45375.44366,Bachelor's
82746.29944,Bachelor's
57457.56656,Bachelor's
62483.42202,Bachelor's
55007.15237,Bachelor's
65584.44026,Bachelor's
62130.66913,Bachelor's
35326.18394,Bachelor's
26725.63732,Bachelor's
74236.57335,Bachelor's
69558.41413,Bachelor's
69600.65118,Bachelor's
64098.97375,Bachelor's
61897.31376,Bachelor's
62112.63996,Bachelor's
63044.68169,Bachelor's
82391.96483,Bachelor's
53841.42537,Bachelor's
30817.35884,Bachelor's
71108.83213,Bachelor's
80333.0779,Bachelor's
57325.75959,Bachelor's
76202.25631,Bachelor's
55328.54633,Bachelor's
66537.15909,Bachelor's
57636.75812,Bachelor's
55375.27823,Bachelor's
69132.92942,Bachelor's
68584.3164,Bachelor's
66041.15772,Bachelor's
56296.24814,Bachelor's
71072.54223,Bachelor's
64908.18046,Bachelor's
61643.56899,Bachelor's
88617.48057,Bachelor's
68310.06597,Bachelor's
70642.26515,Bachelor's
49547.65556,Bachelor's
59621.02955,Bachelor's
78018.7374,Bachelor's
60822.84174,Bachelor's
82188.56944,Bachelor's
52896.8322,Bachelor's
21406.20053,Bachelor's
51387.36358,Bachelor's
78744.35931,Bachelor's
53428.74926,Bachelor's
65218.86359,Bachelor's
41798.25471,Bachelor's
48671.5048,Bachelor's
67282.88871,Bachelor's
47632.6716,Bachelor's
72709.81762,Bachelor's
54283.05888,Bachelor's
60372.08912,Bachelor's
28124.44457,Bachelor's
74787.50698,Bachelor's
79761.80527,Bachelor's
51882.92942,Bachelor's
47095.68192,Bachelor's
67336.88868,Bachelor's
72385.93441,Bachelor's
44137.46092,Bachelor's
91487.79741,Bachelor's
64037.90909,Bachelor's
105220.1412,Bachelor's
66905.68725,Bachelor's
72609.53615,Bachelor's
74611.22558,Bachelor's
75882.94975,Bachelor's
57681.46809,Bachelor's
60319.30834,Bachelor's
82837.57462,Bachelor's
71997.3593,Bachelor's
49743.95509,Bachelor's
85518.07027,Bachelor's
69299.39689,Bachelor's
77170.31051,Bachelor's
77272.58646,Bachelor's
58884.48794,Bachelor's
62881.87166,Bachelor's
69275.08627,Bachelor's
78602.78137,Bachelor's
82062.40497,Bachelor's
45038.10143,Bachelor's
35633.10286,Bachelor's
52242.86061,Bachelor's
87970.02707,Bachelor's
68663.54939,Bachelor's
77589.44054,Bachelor's
82547.92512,Bachelor's
47439.70666,Bachelor's
59139.83497,Bachelor's
80458.6088,Bachelor's
54830.11524,Bachelor's
77657.52874,Bachelor's
64050.52585,Bachelor's
64405.25809,Bachelor's
62968.19996,Bachelor's
75999.57647,Bachelor's
75832.03781,Bachelor's
62309.72246,Bachelor's
67834.65287,Bachelor's
83174.8107,Bachelor's
61284.9992,Bachelor's
79378.35386,Bachelor's
65556.37151,Bachelor's
63238.44319,Bachelor's
61753.06101,Bachelor's
66742.80507,Bachelor's
38951.48647,Bachelor's
118749.6131,Bachelor's
82556.38524,Bachelor's
84292.13867,Bachelor's
48767.64004,Bachelor's
62423.05832,Bachelor's
57654.03791,Bachelor's
43776.52445,Bachelor's
52097.9258,Bachelor's
52696.94836,Bachelor's
61573.72427,Bachelor's
57786.81369,Bachelor's
64958.82529,Bachelor's
38808.54333,Bachelor's
69051.00383,Bachelor's
51667.9596,Bachelor's
50757.6214,Bachelor's
65928.93574,Bachelor's
71767.85125,Bachelor's
47444.34505,Bachelor's
88355.15037,Bachelor's
70757.11292,Bachelor's
59302.16414,Bachelor's
97078.8918,Bachelor's
84272.22903,Bachelor's
53309.38371,Bachelor's
81252.92488,Bachelor's
77793.56069,Bachelor's
51692.13876,Bachelor's
73371.4324,Bachelor's
82396.25989,Bachelor's
64274.34889,Bachelor's
68207.52812,Bachelor's
80152.72281,Bachelor's
97359.84495,Bachelor's
45513.62839,Bachelor's
48744.01838,Bachelor's
71569.17447,Bachelor's
74998.42205,Bachelor's
68423.47534,Bachelor's
47618.62927,Bachelor's
69907.3297,Bachelor's
55801.21809,Bachelor's
55710.63568,Bachelor's
64040.9973,Bachelor's
54192.20316,Bachelor's
71385.77284,Bachelor's
87434.33575,Bachelor's
49430.54786,Bachelor's
71077.21116,Bachelor's
49091.91572,Bachelor's
70445.01865,Bachelor's
60573.14938,Bachelor's
61900.14908,Bachelor's
47454.53203,Bachelor's
72871.51519,Bachelor's
44012.43574,Bachelor's
68929.24177,Bachelor's
45745.18997,Bachelor's
47244.78061,Bachelor's
73573.95814,Bachelor's
78075.48972,Bachelor's
92833.36006,Bachelor's
64417.37881,Bachelor's
76613.72442,Bachelor's
76749.2564,Bachelor's
48242.94894,Bachelor's
70665.1073,Bachelor's
82105.19959,Bachelor's
31697.30177,Bachelor's
61512.76413,Bachelor's
46254.14731,Bachelor's
61917.77298,Bachelor's
67423.79881,Bachelor's
81577.0896,Bachelor's
79781.76175,Bachelor's
81767.70427,Bachelor's
111327.6592,Bachelor's
69954.32188,Bachelor's
102721.1619,Bachelor's
56516.59177,Bachelor's
54582.23203,Bachelor's
76296.11808,Bachelor's
20819.31334,Bachelor's
62067.78615,Bachelor's
73245.12817,Bachelor's
64395.43551,Bachelor's
64851.62359,Bachelor's
84323.63867,Bachelor's
64110.42042,Bachelor's
72141.89567,Bachelor's
60961.36531,Bachelor's
62948.69374,Bachelor's
48177.68034,Bachelor's
67249.00002,Bachelor's
75189.3692,Bachelor's
76677.58493,Bachelor's
66330.64296,Bachelor's
69443.39629,Bachelor's
77340.2505,Bachelor's
76386.67406,Bachelor's
57618.44389,Bachelor's
87106.14999,Bachelor's
50772.98125,Bachelor's
59146.16307,Bachelor's
82510.19176,Bachelor's
56600.04839,Bachelor's
71639.78524,Bachelor's
61554.1294,Bachelor's
41585.64983,Bachelor's
53659.88276,Bachelor's
59194.25014,Bachelor's
71352.52458,Bachelor's
87218.88714,Bachelor's
79063.56306,Bachelor's
60039.74289,Bachelor's
63310.93353,Bachelor's
71974.57057,Bachelor's
56803.30617,Bachelor's
87347.04952,Bachelor's
64465.42088,Bachelor's
72083.74769,Bachelor's
78188.0658,Bachelor's
61647.114,Bachelor's
83532.34023,Bachelor's
63993.05282,Bachelor's
79691.29111,Bachelor's
68973.47366,Bachelor's
58237.2732,Bachelor's
52172.57438,Bachelor's
54895.35874,Bachelor's
58328.37247,Bachelor's
50435.75899,Bachelor's
57675.56252,Bachelor's
51740.68404,Bachelor's
58044.79283,Bachelor's
42951.33803,Bachelor's
68457.85107,Bachelor's
75886.31863,Bachelor's
32479.70078,Bachelor's
85928.27427,Bachelor's
65790.85189,Bachelor's
43804.38282,Bachelor's
48842.88186,Bachelor's
81690.29439,Bachelor's
78103.01526,Bachelor's
59782.06714,Bachelor's
51864.56247,Bachelor's
43981.60639,Bachelor's
51014.21513,Bachelor's
69301.52649,Bachelor's
49437.39002,Bachelor's
64839.80092,Bachelor's
83064.23831,Bachelor's
51902.02746,Bachelor's
73691.45764,Bachelor's
81602.32173,Bachelor's
43202.39872,Bachelor's
76024.97971,Bachelor's
68057.2382,Bachelor's
58268.25364,Bachelor's
49800.18676,Bachelor's
73806.27431,Bachelor's
63463.71643,Bachelor's
48004.86888,Bachelor's
52364.27115,Bachelor's
71609.66117,Bachelor's
66889.22688,Bachelor's
79763.67968,Bachelor's
70983.82463,Bachelor's
83023.27983,Bachelor's
79014.85914,Bachelor's
75041.52366,Bachelor's
71151.93897,Bachelor's
72227.11782,Bachelor's
39720.41427,Bachelor's
100163.0964,Bachelor's
72406.19314,Bachelor's
60705.47424,Bachelor's
79554.34064,Bachelor's
89861.15547,Bachelor's
56809.75839,Bachelor's
48049.49754,Bachelor's
53482.64041,Bachelor's
61607.362,Bachelor's
66847.14395,Bachelor's
52578.92215,Bachelor's
69825.27075,Bachelor's
70496.9094,Bachelor's
69289.96508,Bachelor's
75025.06813,Bachelor's
63801.17998,Bachelor's
80005.89865,Bachelor's
42666.57351,Bachelor's
57364.28713,Bachelor's
83523.81531,Bachelor's
57394.86018,Bachelor's
58899.07442,Bachelor's
56104.54491,Bachelor's
77342.59052,Bachelor's
51163.24024,Bachelor's
67978.79217,Bachelor's
68981.9725,Bachelor's
51389.06027,Bachelor's
72916.46337,Bachelor's
54112.36923,Bachelor's
67307.79732,Bachelor's
74680.62316,Bachelor's
65218.24508,Bachelor's
71916.22855,Bachelor's
55144.39363,Bachelor's
36439.31504,Bachelor's
85584.96381,Bachelor's
64367.47747,Bachelor's
33968.48265,Bachelor's
65877.57071,Bachelor's
70707.24303,Bachelor's
77137.75837,Bachelor's
67167.67624,Bachelor's
57864.30996,Bachelor's
54056.28249,Bachelor's
83029.42131,Bachelor's
71916.47373,Bachelor's
72425.03831,Bachelor's
67643.36397,Bachelor's
63316.53224,Bachelor's
54069.79742,Bachelor's
71609.7872,Bachelor's
68271.93237,Bachelor's
75221.40496,Bachelor's
64740.37303,Bachelor's
64257.04071,Bachelor's
56567.51998,Bachelor's
61825.69713,Bachelor's
39430.16933,Bachelor's
61460.52397,Bachelor's
68482.52971,Bachelor's
54133.06132,Bachelor's
82869.56905,Bachelor's
57710.64247,Bachelor's
40633.92728,Bachelor's
77811.4899,Bachelor's
88249.41793,Bachelor's
71306.02255,Bachelor's
50315.70376,Bachelor's
71498.28404,Bachelor's
69930.0869,Bachelor's
52999.97454,Bachelor's
66416.25256,Bachelor's
48362.57387,Bachelor's
66336.90111,Bachelor's
73649.31904,Bachelor's
79777.62684,Bachelor's
80536.0659,Bachelor's
64948.38014,Bachelor's
86374.13572,Bachelor's
76166.29935,Bachelor's
69843.16963,Bachelor's
64467.77121,Bachelor's
22383.45847,Bachelor's
66359.51453,Bachelor's
89070.42727,Bachelor's
57838.76433,Bachelor's
54406.85855,Bachelor's
70775.72973,Bachelor's
78337.08948,Bachelor's
54280.67591,Bachelor's
75316.54411,Bachelor's
62885.3693,Bachelor's
66565.84381,Bachelor's
49624.97357,Bachelor's
59970.67724,Bachelor's
64911.28521,Bachelor's
74441.87263,Bachelor's
58106.62961,Bachelor's
63348.16643,Bachelor's
46813.01358,Bachelor's
60508.43147,Bachelor's
83802.44102,Bachelor's
58401.95655,Bachelor's
72201.39093,Bachelor's
71097.12821,Bachelor's
40887.16882,Bachelor's
48064.22791,Bachelor's
90499.00569,Bachelor's
67211.90561,Bachelor's
47796.15264,Bachelor's
69895.83764,Bachelor's
46015.52767,Bachelor's
52672.27055,Bachelor's
64224.55992,Bachelor's
71631.91044,Bachelor's
72046.55428,Bachelor's
63910.56029,Bachelor's
51506.9527,Bachelor's
90485.70724,Bachelor's
71944.55251,Bachelor's
59677.73492,Bachelor's
59652.46785,Bachelor's
22301.55655,Bachelor's
74260.45804,Bachelor's
61699.3544,Bachelor's
75579.51614,Bachelor's
62340.62698,Bachelor's
80512.3819,Bachelor's
72349.71744,Bachelor's
83469.67785,Bachelor's
76759.40034,Bachelor's
71764.36973,Bachelor's
73883.19279,Bachelor's
60673.05329,Bachelor's
40511.73406,Bachelor's
55418.06269,Bachelor's
48320.02935,Bachelor's
58875.3163,Bachelor's
84841.61227,Bachelor's
86087.78959,Bachelor's
79574.46618,Bachelor's
36507.63806,Bachelor's
41736.58846,Bachelor's
43594.74244,Bachelor's
59524.35471,Bachelor's
62531.16194,Bachelor's
49920.84908,Bachelor's
70402.89394,Bachelor's
53258.73155,Bachelor's
42336.46765,Bachelor's
75453.45642,Bachelor's
64656.93856,Bachelor's
44614.3422,Bachelor's
68054.97323,Bachelor's
82323.28974,Bachelor's
74573.30227,Bachelor's
70285.93622,Bachelor's
63968.36164,Bachelor's
48667.22355,Bachelor's
69451.00576,Bachelor's
56921.50596,Bachelor's
80394.52548,Bachelor's
87645.09165,Bachelor's
91318.45594,Bachelor's
61856.41828,Bachelor's
77070.74339,Bachelor's
77342.04006,Bachelor's
66848.1179,Bachelor's
51314.98869,Bachelor's
61960.52614,Bachelor's
49885.52161,Bachelor's
71847.18233,Bachelor's
61404.0031,Bachelor's
53818.4463,Bachelor's
62930.47417,Bachelor's
67287.96938,Bachelor's
69203.38169,Bachelor's
66572.995,Bachelor's
80623.16819,Bachelor's
65418.97957,Bachelor's
62634.84713,Bachelor's
57177.53291,Bachelor's
47172.75267,Bachelor's
88537.09862,Bachelor's
82196.79133,Bachelor's
51760.45517,Bachelor's
29161.47758,Bachelor's
94263.86334,Bachelor's
62015.09681,Bachelor's
54179.30604,Bachelor's
65046.23061,Bachelor's
77773.06502,Bachelor's
70785.16253,Bachelor's
49371.70513,Bachelor's
62188.23443,Bachelor's
92917.2497,Bachelor's
91101.2477,Bachelor's
54009.42507,Bachelor's
54987.3255,Bachelor's
100042.284,Bachelor's
65086.89229,Bachelor's
45335.44933,Bachelor's
76098.83133,Bachelor's
79518.51243,Bachelor's
55758.41935,Bachelor's
59248.90018,Bachelor's
68825.25512,Bachelor's
91514.52499,Bachelor's
80810.25908,Bachelor's
77955.45314,Bachelor's
57743.73871,Bachelor's
70251.60128,Bachelor's
76151.9523,Bachelor's
66100.47988,Bachelor's
65930.40513,Bachelor's
77437.73575,Bachelor's
55429.85343,Bachelor's
62380.15844,Bachelor's
54396.26061,Bachelor's
60551.56508,Bachelor's
58803.68485,Bachelor's
95559.67285,Bachelor's
37063.8578,Bachelor's
73727.92573,Bachelor's
82163.88831,Bachelor's
66415.05109,Bachelor's
60358.4834,Bachelor's
71187.53131,Bachelor's
55165.2436,Bachelor's
78339.26848,Bachelor's
62106.20585,Bachelor's
59543.12903,Bachelor's
50879.74187,Bachelor's
55942.09036,Bachelor's
53734.70262,Bachelor's
47097.78068,Bachelor's
102183.4403,Bachelor's
60254.91158,Bachelor's
78175.60376,Bachelor's
40278.85672,Bachelor's
61429.90853,Bachelor's
78138.93739,Bachelor's
74519.72591,Bachelor's
83067.93283,Bachelor's
56787.98885,Bachelor's
62401.46591,Bachelor's
58956.61084,Bachelor's
74996.09769,Bachelor's
67517.0999,Bachelor's
75543.72488,Bachelor's
67379.35869,Bachelor's
74972.97056,Bachelor's
70040.52455,Bachelor's
84002.016,Bachelor's
74998.29141,Bachelor's
60537.63245,Bachelor's
38631.00999,Bachelor's
58354.0987,Bachelor's
54916.50945,Bachelor's
72717.10813,Bachelor's
59800.64901,Bachelor's
46055.46694,Bachelor's
82016.23155,Bachelor's
60666.55274,Bachelor's
58977.97418,Bachelor's
54853.77092,Bachelor's
76519.29482,Bachelor's
58091.15586,Bachelor's
44307.86375,Bachelor's
62537.77549,Bachelor's
56417.58903,Bachelor's
43102.7709,Bachelor's
42320.67801,Bachelor's
57513.81887,Bachelor's
75611.08661,Bachelor's
68839.7384,Bachelor's
80817.39329,Bachelor's
46671.89893,Bachelor's
75188.79933,Bachelor's
71602.6357,Bachelor's
56856.49498,Bachelor's
48521.86637,Bachelor's
68479.35324,Bachelor's
87766.99748,Bachelor's
60929.30394,Bachelor's
41344.15077,Bachelor's
54030.48124,Bachelor's
71085.17472,Bachelor's
66987.11027,Bachelor's
69839.11259,Bachelor's
55817.2259,Bachelor's
71624.07624,Bachelor's
96269.56595,Bachelor's
76921.98453,Bachelor's
71232.41627,Bachelor's
57123.82715,Bachelor's
51161.86233,Bachelor's
85916.47575,Bachelor's
78808.27461,Bachelor's
66039.38189,Bachelor's
86942.38856,Bachelor's
33152.28287,Bachelor's
54628.87204,Bachelor's
82152.77876,Bachelor's
51916.48603,Bachelor's
51025.52185,Bachelor's
52969.27171,Bachelor's
60559.15647,Bachelor's
60051.09239,Bachelor's
65972.74085,Bachelor's
58912.41871,Bachelor's
56978.72134,Bachelor's
83032.35204,Bachelor's
52776.57157,Bachelor's
57345.02767,Bachelor's
81597.87728,Bachelor's
82451.33614,Bachelor's
37656.82632,Bachelor's
69727.22633,Bachelor's
74016.95026,Bachelor's
69609.09304,Bachelor's
48552.76252,Bachelor's
50989.5383,Bachelor's
56568.97468,Bachelor's
72101.6876,Bachelor's
77456.17288,Bachelor's
80080.83221,Bachelor's
76665.14627,Bachelor's
61149.36558,Bachelor's
59306.82076,Bachelor's
72648.02294,Bachelor's
77776.48834,Bachelor's
74969.01561,Bachelor's
82390.66925,Bachelor's
49745.39034,Bachelor's
54082.36079,Bachelor's
56178.78163,Bachelor's
80946.30421,Bachelor's
85908.65595,Bachelor's
80562.94958,Bachelor's
62332.84768,Bachelor's
82106.23751,Bachelor's
76526.23768,Bachelor's
40057.77205,Bachelor's
62880.20311,Bachelor's
64360.84797,Bachelor's
86037.92983,Bachelor's
75071.89843,Bachelor's
85141.71359,Bachelor's
79513.73816,Bachelor's
71053.34296,Bachelor's
83632.8001,Bachelor's
92263.91484,Bachelor's
75848.07758,Bachelor's
76912.09329,Bachelor's
78362.73268,Bachelor's
69736.68637,Bachelor's
59259.67779,Bachelor's
63562.75867,Bachelor's
107743.7943,Bachelor's
67651.96534,Bachelor's
41002.07754,Bachelor's
44810.00015,Bachelor's
77090.44951,Bachelor's
66262.28609,Bachelor's
43209.89179,Bachelor's
59745.68794,Bachelor's
77481.59626,Bachelor's
56552.58366,Bachelor's
59893.91701,Bachelor's
79291.2129,Bachelor's
71155.18715,Bachelor's
63834.76405,Bachelor's
85427.36948,Bachelor's
81142.46277,Bachelor's
74698.41981,Bachelor's
94977.20254,Bachelor's
72559.69302,Bachelor's
57536.39125,Bachelor's
60799.54722,Bachelor's
66862.40601,Bachelor's
64632.75455,Bachelor's
63371.03827,Bachelor's
64724.45206,Bachelor's
79273.75873,Bachelor's
59187.12702,Bachelor's
67199.06753,Bachelor's
58603.5454,Bachelor's
72216.21264,Bachelor's
50023.03703,Bachelor's
67075.54087,Bachelor's
66960.24128,Bachelor's
62821.74687,Bachelor's
55198.9173,Bachelor's
82095.26089,Bachelor's
87108.70044,Bachelor's
72291.12897,Bachelor's
84856.94785,Bachelor's
83796.38843,Bachelor's
31435.95695,Bachelor's
42896.49984,Bachelor's
65731.25482,Bachelor's
75025.40613,Bachelor's
58520.35824,Bachelor's
48849.54675,Bachelor's
50378.60714,Bachelor's
46719.18919,Bachelor's
49482.30411,Bachelor's
60758.68946,Bachelor's
58047.41396,Bachelor's
54729.292,Bachelor's
59775.41204,Bachelor's
83712.22189,Bachelor's
49933.49472,Bachelor's
82491.48473,Bachelor's
66842.71069,Bachelor's
78034.74827,Bachelor's
61249.09262,Bachelor's
90952.26648,Bachelor's
43060.44903,Bachelor's
63327.33825,Bachelor's
67275.81107,Bachelor's
59111.85967,Bachelor's
60051.96587,Bachelor's
71946.18881,Bachelor's
90660.33014,Bachelor's
70008.57318,Bachelor's
75358.28475,Bachelor's
77761.44354,Bachelor's
67563.42947,Bachelor's
38713.44831,Bachelor's
60034.38915,Bachelor's
46225.47004,Bachelor's
54651.78872,Bachelor's
63869.17861,Bachelor's
45921.35957,Bachelor's
60832.09967,Bachelor's
49186.98831,Bachelor's
59197.54671,Bachelor's
45822.4319,Bachelor's
47552.57644,Bachelor's
54003.05143,Bachelor's
54240.49623,Bachelor's
45627.36273,Bachelor's
74281.28078,Bachelor's
78208.0639,Bachelor's
50310.21274,Bachelor's
75623.26576,Bachelor's
48544.33439,Bachelor's
77297.32289,Bachelor's
41232.10841,Bachelor's
68453.23403,Bachelor's
39897.1526,Bachelor's
73377.11844,Bachelor's
77844.13655,Bachelor's
61739.55319,Bachelor's
41580.58363,Bachelor's
62584.31795,Bachelor's
75460.50186,Bachelor's
75120.57594,Bachelor's
46499.4805,Bachelor's
75126.53504,Bachelor's
67250.28889,Bachelor's
82809.44038,Bachelor's
75466.82883,Bachelor's
87472.91538,Bachelor's
59180.23337,Bachelor's
38567.61454,Bachelor's
50065.90354,Bachelor's
73670.93024,Bachelor's
85872.92798,Bachelor's
93070.45757,Bachelor's
33261.6321,Bachelor's
65807.24827,Bachelor's
78664.02284,Bachelor's
69586.45621,Bachelor's
78727.29427,Bachelor's
74531.07397,Bachelor's
38516.83612,Bachelor's
66107.54356,Bachelor's
67192.07412,Bachelor's
68419.63865,Bachelor's
71670.41922,Bachelor's
24638.52202,Bachelor's
74245.5697,Bachelor's
59186.67164,Bachelor's
79581.13323,Bachelor's
63737.67773,Bachelor's
78033.90457,Bachelor's
51964.85036,Bachelor's
63250.74504,Bachelor's
72073.83898,Bachelor's
75722.18186,Bachelor's
52333.51443,Bachelor's
64843.76937,Bachelor's
65860.35717,Bachelor's
66753.87815,Bachelor's
59488.22264,Bachelor's
80679.16628,Bachelor's
49849.36145,Bachelor's
59095.66258,Bachelor's
85223.96895,Bachelor's
70768.12071,Bachelor's
60278.94935,Bachelor's
83597.54753,Bachelor's
83952.81983,Bachelor's
43391.41097,Bachelor's
78907.91284,Bachelor's
46985.50646,Bachelor's
51542.7471,Bachelor's
93004.83952,Bachelor's
68365.82872,Bachelor's
82476.84018,Bachelor's
82623.36806,Bachelor's
43401.90997,Bachelor's
64468.37608,Bachelor's
54396.41669,Bachelor's
76520.19549,Bachelor's
56720.98275,Bachelor's
61886.73086,Bachelor's
71630.01348,Bachelor's
49357.78139,Bachelor's
66448.14281,Bachelor's
71996.6067,Bachelor's
76830.15864,Bachelor's
82180.44151,Bachelor's
55574.1198,Bachelor's
45819.91257,Bachelor's
106418.2425,Bachelor's
77042.93739,Bachelor's
80786.81636,Bachelor's
35856.54383,Bachelor's
35971.51478,Bachelor's
69585.75353,Bachelor's
72371.67196,Bachelor's
71333.03768,Bachelor's
52247.75671,Bachelor's
71007.47243,Bachelor's
64404.42441,Bachelor's
45697.47287,Bachelor's
63567.64427,Bachelor's
79261.84891,Bachelor's
55330.11624,Bachelor's
58781.7632,Bachelor's
75096.1226,Bachelor's
35190.88098,Bachelor's
62497.03789,Bachelor's
44049.74238,Bachelor's
82141.45679,Bachelor's
55773.43248,Bachelor's
64133.74588,Bachelor's
48064.57685,Bachelor's
104306.3356,Bachelor's
45253.97768,Bachelor's
58814.32158,Bachelor's
37550.73859,Bachelor's
60905.78132,Bachelor's
92386.51294,Bachelor's
92198.72368,Bachelor's
45227.84189,Bachelor's
53636.01907,Bachelor's
71565.49029,Bachelor's
106813.4084,Bachelor's
54990.71634,Bachelor's
71751.21495,Bachelor's
60134.25566,Bachelor's
75896.40485,Bachelor's
59525.87725,Bachelor's
74959.9252,Bachelor's
57694.75029,Bachelor's
85941.76841,Bachelor's
73154.61876,Bachelor's
72742.69658,Bachelor's
76516.58979,Bachelor's
59432.35877,Bachelor's
51024.08453,Bachelor's
59134.62275,Bachelor's
54308.36729,Bachelor's
73224.97933,Bachelor's
42360.10098,Bachelor's
34166.56801,Bachelor's
74882.05384,Bachelor's
76679.05502,Bachelor's
45644.6514,Bachelor's
51944.0361,Bachelor's
81280.11313,Bachelor's
49427.22312,Bachelor's
65758.11809,Bachelor's
76174.81836,Bachelor's
84990.61099,Bachelor's
61308.65747,Bachelor's
72095.98618,Bachelor's
51077.4662,Bachelor's
69451.80509,Bachelor's
41046.60014,Bachelor's
58525.59678,Bachelor's
63628.23006,Bachelor's
37587.23408,Bachelor's
94266.2788,Bachelor's
51443.59383,Bachelor's
37163.94999,Bachelor's
57428.89761,Bachelor's
35589.79821,Bachelor's
42930.79841,Bachelor's
66755.41095,Bachelor's
63352.80923,Bachelor's
78797.83474,Bachelor's
51736.97333,Bachelor's
53298.68298,Bachelor's
66007.89889,Bachelor's
49178.91119,Bachelor's
58009.89818,Bachelor's
60376.98258,Bachelor's
51862.53715,Bachelor's
63937.05331,Bachelor's
49760.4955,Bachelor's
56493.87754,Bachelor's
49953.94245,Bachelor's
89280.99635,Bachelor's
99174.5336,Bachelor's
58689.73085,Bachelor's
96154.09207,Bachelor's
66729.30714,Bachelor's
74772.5194,Bachelor's
42679.57036,Bachelor's
74734.11671,Bachelor's
76207.5447,Bachelor's
80404.19425,Bachelor's
26976.30264,Bachelor's
33542.32405,Bachelor's
83406.37939,Bachelor's
73740.52765,Bachelor's
66177.64895,Bachelor's
54762.82481,Bachelor's
47972.32692,Bachelor's
90157.46903,Bachelor's
53559.09702,Bachelor's
55248.26083,Bachelor's
63414.91965,Bachelor's
59141.8733,Bachelor's
55500.73351,Bachelor's
82461.97461,Bachelor's
28522.94932,Bachelor's
66131.18283,Bachelor's
48109.43154,Bachelor's
71915.95119,Bachelor's
84016.42935,Bachelor's
81351.24331,Bachelor's
48887.95023,Bachelor's
75690.3212,Bachelor's
70171.21649,Bachelor's
58216.52385,Bachelor's
91271.33663,Bachelor's
31907.33933,Bachelor's
72709.07996,Bachelor's
66069.23202,Bachelor's
51610.67066,Bachelor's
67362.93052,Bachelor's
62661.84996,Bachelor's
39674.17695,Bachelor's
41056.12332,Bachelor's
58092.39089,Bachelor's
22729.31035,Bachelor's
57267.21863,Bachelor's
33250.56558,Bachelor's
72845.22026,Bachelor's
59139.20723,Bachelor's
40742.27641,Bachelor's
73069.02563,Bachelor's
55297.267,Bachelor's
79326.88876,Bachelor's
64906.40602,Bachelor's
68277.0041,Bachelor's
26858.21859,Bachelor's
84646.98153,Bachelor's
61793.33173,Bachelor's
66929.59481,Bachelor's
64905.1751,Bachelor's
62471.55097,Bachelor's
54138.54082,Bachelor's
55773.78012,Bachelor's
56024.03041,Bachelor's
64675.17622,Bachelor's
48959.85169,Bachelor's
76089.33871,Bachelor's
40941.89126,Bachelor's
62588.91945,Bachelor's
66034.53503,Bachelor's
71457.74019,Bachelor's
51473.88863,Bachelor's
27396.19044,Bachelor's
58707.58932,Bachelor's
61600.84886,Bachelor's
68499.52682,Bachelor's
40180.34534,Bachelor's
56199.52516,Bachelor's
76909.18387,Bachelor's
60828.93853,Bachelor's
64174.92384,Bachelor's
67293.70952,Bachelor's
41386.26485,Bachelor's
70245.55283,Bachelor's
62508.93467,Bachelor's
59667.55811,Bachelor's
41049.1016,Bachelor's
72058.38862,Bachelor's
31418.90284,Bachelor's
50735.67685,Bachelor's
58260.63798,Bachelor's
68972.7107,Bachelor's
62375.3616,Bachelor's
71958.78881,Bachelor's
74998.97995,Bachelor's
69889.05996,Bachelor's
53896.49261,Bachelor's
71179.35876,Bachelor's
65506.13762,Bachelor's
71576.39823,Bachelor's
54345.962,Bachelor's
77412.74794,Bachelor's
57196.61288,Bachelor's
43793.25212,Bachelor's
74774.99803,Bachelor's
41025.38005,Bachelor's
77159.87346,Bachelor's
46919.85542,Bachelor's
72027.79027,Bachelor's
46104.32314,Bachelor's
78096.36511,Bachelor's
75402.65369,Bachelor's
72301.95787,Bachelor's
56900.95248,Bachelor's
60468.06111,Bachelor's
34554.4061,Bachelor's
63304.93102,Bachelor's
78439.59815,Bachelor's
70974.11729,Bachelor's
49306.32688,Bachelor's
78151.16902,Bachelor's
49649.77068,Bachelor's
42722.22246,Bachelor's
78068.4104,Bachelor's
49651.70036,Bachelor's
72705.4698,Bachelor's
53463.60683,Bachelor's
47247.58886,Bachelor's
59903.97448,Bachelor's
79315.83336,Bachelor's
68483.57829,Bachelor's
61562.39178,Bachelor's
80096.46109,Bachelor's
44625.72571,Bachelor's
51131.8333,Bachelor's
68480.97386,Bachelor's
33672.15192,Bachelor's
53314.20551,Bachelor's
73379.23091,Bachelor's
59520.14895,Bachelor's
64058.48435,Bachelor's
59842.24556,Bachelor's
72595.75067,Bachelor's
72986.52922,Bachelor's
72522.71122,Bachelor's
59928.76853,Bachelor's
99408.61551,Bachelor's
78274.40834,Bachelor's
70278.56136,Bachelor's
89812.32628,Bachelor's
81666.25367,Bachelor's
53778.26344,Bachelor's
56099.07604,Bachelor's
92295.05239,Bachelor's
78795.33844,Bachelor's
84259.99427,Bachelor's
41375.43276,Bachelor's
93115.40739,Bachelor's
80211.63776,Bachelor's
54629.81693,Bachelor's
49495.81268,Bachelor's
70139.74552,Bachelor's
38019.87067,Bachelor's
63130.22433,Bachelor's
77000.08533,Bachelor's
66114.739,Bachelor's
35250.55377,Bachelor's
49032.46511,Bachelor's
51520.61715,Bachelor's
49532.84677,Bachelor's
51296.22015,Bachelor's
70017.97262,Bachelor's
74347.02534,Bachelor's
76878.69927,Bachelor's
51722.95117,Bachelor's
53488.55522,Bachelor's
73297.35253,Bachelor's
42223.8168,Bachelor's
46809.75454,Bachelor's
77843.91949,Bachelor's
41741.20114,Bachelor's
61880.86695,Bachelor's
70668.45897,Bachelor's
34416.94286,Bachelor's
98615.62082,Bachelor's
45860.17624,Bachelor's
61114.70649,Bachelor's
76167.84194,Bachelor's
66457.95028,Bachelor's
72387.33383,Bachelor's
72292.17149,Bachelor's
73950.59064,Bachelor's
41131.09085,Bachelor's
56552.15152,Bachelor's
63482.68889,Bachelor's
78384.32223,Bachelor's
57173.0523,Bachelor's
49644.96357,Bachelor's
60795.76608,Bachelor's
64779.39641,Bachelor's
58305.56618,Bachelor's
48166.0886,Bachelor's
99054.6743,Bachelor's
77782.79034,Bachelor's
97373.24526,Bachelor's
66602.89829,Bachelor's
33422.37791,Bachelor's
60462.80908,Bachelor's
72026.52625,Bachelor's
53247.01708,Bachelor's
86651.28431,Bachelor's
81002.30316,Bachelor's
83785.29513,Bachelor's
58557.6439,Bachelor's
75531.73488,Bachelor's
77292.81988,Bachelor's
42526.98129,Bachelor's
64478.344,Bachelor's
86746.66794,Bachelor's
68786.59326,Bachelor's
64910.01542,Bachelor's
67187.29128,Bachelor's
87113.92263,Bachelor's
58454.74109,Bachelor's
56235.24723,Bachelor's
52193.78961,Bachelor's
66882.73717,Bachelor's
62181.93994,Bachelor's
57731.41501,Bachelor's
63091.16393,Bachelor's
93272.22156,Bachelor's
30124.66831,Bachelor's
68197.36569,Bachelor's
41570.96083,Bachelor's
61616.70922,Bachelor's
57291.15721,Bachelor's
101557.6154,Bachelor's
47912.13814,Bachelor's
76084.3788,Bachelor's
64215.94061,Bachelor's
88484.04445,Bachelor's
70916.3642,Bachelor's
50802.39322,Bachelor's
76208.72611,Bachelor's
79384.90089,Bachelor's
46284.5985,Bachelor's
60016.35035,Bachelor's
67738.30249,Bachelor's
42571.21716,Bachelor's
77476.77451,Bachelor's
59684.35124,Bachelor's
56163.45962,Bachelor's
70789.64188,Bachelor's
60029.97571,Bachelor's
51807.99131,Bachelor's
86223.11974,Bachelor's
68385.40071,Bachelor's
56594.13838,Bachelor's
65155.27545,Bachelor's
75320.09785,Bachelor's
58583.10757,Bachelor's
73260.5358,Bachelor's
58255.02594,Bachelor's
66445.34352,Bachelor's
57235.49349,Bachelor's
90220.25822,Bachelor's
66846.48063,Bachelor's
44935.65956,Bachelor's
59725.1543,Bachelor's
78375.32098,Bachelor's
55154.85056,Bachelor's
64330.8469,Bachelor's
58192.95112,Bachelor's
56896.51246,Bachelor's
69254.83989,Bachelor's
68741.56232,Bachelor's
62440.99565,Bachelor's
56592.26131,Bachelor's
54348.09482,Bachelor's
63214.73391,Bachelor's
64105.06429,Bachelor's
79459.65792,Bachelor's
62859.48519,Bachelor's
77206.64322,Bachelor's
65375.97516,Bachelor's
71598.48507,Bachelor's
58621.3063,Bachelor's
66035.12137,Bachelor's
59576.38005,Bachelor's
74368.74427,Bachelor's
59090.91856,Bachelor's
77431.38251,Bachelor's
77252.39556,Bachelor's
90921.29395,Bachelor's
55913.55682,Bachelor's
81316.33123,Bachelor's
84627.01483,Bachelor's
45910.38079,Bachelor's
72809.6589,Bachelor's
71136.80547,Bachelor's
66045.64244,Bachelor's
66977.70491,Bachelor's
59710.5079,Bachelor's
69408.29055,Bachelor's
79354.7412,Bachelor's
59775.38315,Bachelor's
61335.65907,Bachelor's
70079.51017,Bachelor's
71011.92564,Bachelor's
63545.8086,Bachelor's
67571.0542,Bachelor's
57757.82791,Bachelor's
30608.83149,Bachelor's
86951.53364,Bachelor's
61864.32506,Bachelor's
61053.39573,Bachelor's
62837.94068,Bachelor's
72813.23379,Bachelor's
66109.75357,Bachelor's
26099.53854,Bachelor's
58178.6794,Bachelor's
52970.36247,Bachelor's
75921.22681,Bachelor's
73186.41463,Bachelor's
71783.29838,Bachelor's
60696.13857,Bachelor's
68935.35016,Bachelor's
65078.73211,Bachelor's
44230.12384,Bachelor's
48028.86565,Bachelor's
47832.15508,Bachelor's
64553.84826,Bachelor's
78336.27372,Bachelor's
43435.84964,Bachelor's
38505.96441,Bachelor's
70420.55566,Bachelor's
58898.01548,Bachelor's
66211.75489,Bachelor's
47794.10997,Bachelor's
63588.38441,Bachelor's
64941.99402,Bachelor's
63834.09669,Bachelor's
47159.73794,Bachelor's
55226.73518,Bachelor's
36713.64637,Bachelor's
75283.23236,Bachelor's
64471.07891,Bachelor's
74013.37319,Bachelor's
78668.78387,Bachelor's
51919.944,Bachelor's
90868.58109,Bachelor's
93447.3067,Bachelor's
50317.62499,Bachelor's
34368.65503,Bachelor's
88966.59101,Bachelor's
53948.37313,Bachelor's
52055.66486,Bachelor's
58367.77914,Bachelor's
58506.58245,Bachelor's
59390.89204,Bachelor's
56375.25094,Bachelor's
50919.5348,Bachelor's
78753.88682,Bachelor's
61558.1091,Bachelor's
98330.17799,Bachelor's
69781.44908,Bachelor's
50057.71144,Bachelor's
49058.57526,Bachelor's
38103.67204,Bachelor's
76992.12088,Bachelor's
50086.23827,Bachelor's
78466.02934,Bachelor's
70441.72453,Bachelor's
55161.54001,Bachelor's
64411.08027,Bachelor's
44593.69527,Bachelor's
74229.68583,Bachelor's
55360.91567,Bachelor's
70055.5709,Bachelor's
59597.68916,Bachelor's
56034.15869,Bachelor's
54777.50659,Bachelor's
67066.69162,Bachelor's
62447.77514,Bachelor's
79228.13334,Bachelor's
43397.90348,Bachelor's
58067.38343,Bachelor's
57969.77517,Bachelor's
62451.29896,Bachelor's
52390.43016,Bachelor's
57256.21688,Bachelor's
59075.45547,Bachelor's
69825.02886,Bachelor's
60355.29679,Bachelor's
42433.05188,Bachelor's
62556.27612,Bachelor's
80820.29232,Bachelor's
63855.12085,Bachelor's
48104.92557,Bachelor's
69554.94859,Bachelor's
48537.37835,Bachelor's
54454.20811,Bachelor's
43880.04108,Bachelor's
59217.48036,Bachelor's
57550.16566,Bachelor's
86515.55392,Bachelor's
72452.59117,Bachelor's
90806.11791,Bachelor's
68325.05736,Bachelor's
68361.20566,Bachelor's
63252.12978,Bachelor's
37247.65334,Bachelor's
54241.54713,Bachelor's
74302.40068,Bachelor's
86838.7004,Bachelor's
62911.76888,Bachelor's
46740.81035,Bachelor's
67317.29961,Bachelor's
79296.94661,Bachelor's
63182.38242,Bachelor's
36885.96124,Bachelor's
56182.82969,Bachelor's
90932.84207,Bachelor's
90604.10358,Bachelor's
95847.4306,Bachelor's
55537.80875,Bachelor's
69040.47601,Bachelor's
62782.81986,Bachelor's
63821.02511,Bachelor's
66088.79134,Bachelor's
76742.74923,Bachelor's
87473.56185,Bachelor's
41132.76361,Bachelor's
80396.63078,Bachelor's
60534.11492,Bachelor's
67553.45109,Bachelor's
77311.19153,Bachelor's
63726.51755,Bachelor's
83831.92549,Bachelor's
62241.19095,Bachelor's
70346.5404,Bachelor's
49959.9066,Bachelor's
93224.06863,Bachelor's
71811.47183,Bachelor's
65442.66862,Bachelor's
49582.97292,Bachelor's
56396.19243,Bachelor's
69675.95819,Bachelor's
43288.61537,Bachelor's
62634.6082,Bachelor's
81007.209,Bachelor's
66878.3156,Bachelor's
78312.74175,Bachelor's
45323.06489,Bachelor's
77918.43581,Bachelor's
47641.72058,Bachelor's
63169.60794,Bachelor's
51880.94901,Bachelor's
70506.99735,Bachelor's
84507.19785,Bachelor's
60684.60202,Bachelor's
56209.69198,Bachelor's
61467.53749,Bachelor's
61866.83821,Bachelor's
80804.30156,Bachelor's
68565.48366,Bachelor's
72455.99812,Bachelor's
31089.12166,Bachelor's
52463.68431,Bachelor's
73162.64025,Bachelor's
41954.3093,Bachelor's
73372.69477,Bachelor's
65730.07065,Bachelor's
87292.57567,Bachelor's
80005.17603,Bachelor's
50797.96521,Bachelor's
65263.61104,Bachelor's
60146.67336,Bachelor's
54125.0884,Bachelor's
45711.01967,Bachelor's
84753.63432,Bachelor's
53167.43986,Bachelor's
73538.199,Bachelor's
70255.48638,Bachelor's
56410.53768,Bachelor's
51582.89804,Bachelor's
70422.04952,Bachelor's
57724.69744,Bachelor's
61366.43527,Bachelor's
85126.43521,Bachelor's
67636.53407,Bachelor's
66525.30366,Bachelor's
84000.32099,Bachelor's
93709.94045,Bachelor's
66793.36923,Bachelor's
63119.51678,Bachelor's
69291.61919,Bachelor's
67014.11155,Bachelor's
73206.57442,Bachelor's
66649.82026,Bachelor's
56497.00276,Bachelor's
64263.2785,Bachelor's
64909.0865,Bachelor's
77159.57017,Bachelor's
28520.51004,Bachelor's
25843.59258,Bachelor's
95371.66371,Bachelor's
76044.93439,Bachelor's
74761.23247,Bachelor's
33487.59852,Bachelor's
55868.90634,Bachelor's
55228.49749,Bachelor's
52803.65894,Bachelor's
68068.45383,Bachelor's
102465.7756,Bachelor's
47767.87517,Bachelor's
85923.3908,Bachelor's
73746.71305,Bachelor's
37282.42545,Bachelor's
45118.78772,Bachelor's
47997.03049,Bachelor's
77928.81669,Bachelor's
55334.68925,Bachelor's
63437.08696,Bachelor's
56356.50557,Bachelor's
66506.06516,Bachelor's
78051.53053,Bachelor's
73936.59799,Bachelor's
39997.00656,Bachelor's
67232.75003,Bachelor's
64164.51913,Bachelor's
43399.87447,Bachelor's
49099.19911,Bachelor's
74965.29349,Bachelor's
42636.83073,Bachelor's
72570.02472,Bachelor's
57728.03206,Bachelor's
65647.5602,Bachelor's
83408.83497,Bachelor's
78491.50664,Bachelor's
63832.63384,Bachelor's
86795.49478,Bachelor's
46505.95501,Bachelor's
47032.1959,Bachelor's
64284.35659,Bachelor's
58938.93201,Bachelor's
68886.6257,Bachelor's
46295.48204,Bachelor's
58330.23887,Bachelor's
59745.58839,Bachelor's
50526.35651,Bachelor's
57753.80463,Bachelor's
47511.03429,Bachelor's
61149.00047,Bachelor's
70037.4844,Bachelor's
74978.16837,Bachelor's
75146.14969,Bachelor's
62460.59257,Bachelor's
40406.97368,Bachelor's
48071.61339,Bachelor's
69421.3239,Bachelor's
71965.07414,Bachelor's
73323.35513,Bachelor's
45755.54828,Bachelor's
76767.90908,Bachelor's
63615.71235,Bachelor's
58761.02594,Bachelor's
68696.13412,Bachelor's
50733.78295,Bachelor's
75069.44941,Bachelor's
51158.00401,Bachelor's
47774.79199,Bachelor's
48279.49975,Bachelor's
79744.49333,Bachelor's
64723.8784,Bachelor's
43137.29744,Bachelor's
35612.01487,Bachelor's
78919.4207,Bachelor's
49169.4883,Bachelor's
53187.69451,Bachelor's
73534.83521,Bachelor's
46364.08308,Bachelor's
44686.96502,Bachelor's
72219.35621,Bachelor's
65790.85098,Bachelor's
73125.76697,Bachelor's
54008.05801,Bachelor's
64921.00363,Bachelor's
85000.95799,Bachelor's
49708.18038,Bachelor's
53270.49568,Bachelor's
41714.98736,Bachelor's
84974.50198,Bachelor's
47384.97236,Bachelor's
31535.67396,Bachelor's
46533.58546,Bachelor's
67036.07715,Bachelor's
76478.63477,Bachelor's
82277.80232,Bachelor's
56897.17779,Bachelor's
58721.291,Bachelor's
61242.6487,Bachelor's
71328.56182,Bachelor's
62188.69862,Bachelor's
62121.96254,Bachelor's
67150.49758,Bachelor's
82108.34457,Bachelor's
74626.06167,Bachelor's
77968.8837,Bachelor's
59019.84649,Bachelor's
65457.85204,Bachelor's
65553.35371,Bachelor's
76786.17469,Bachelor's
89970.51489,Bachelor's
63769.38645,Bachelor's
51605.01763,Bachelor's
59764.52225,Bachelor's
63907.0887,Bachelor's
77059.39173,Bachelor's
65196.2067,Bachelor's
63990.20086,Bachelor's
48862.82139,Bachelor's
68097.80226,Bachelor's
59021.09435,Bachelor's
74258.44427,Bachelor's
41965.01213,Bachelor's
70491.96541,Bachelor's
65839.43457,Bachelor's
75318.23701,Bachelor's
55225.55739,Bachelor's
51986.98751,Bachelor's
48254.93055,Bachelor's
72224.29507,Bachelor's
47064.15141,Bachelor's
106382.5417,Bachelor's
55049.34117,Bachelor's
59357.53271,Bachelor's
73866.06612,Bachelor's
71851.0993,Bachelor's
70140.12932,Bachelor's
38067.38526,Bachelor's
80762.05996,Bachelor's
59767.17681,Bachelor's
63025.21781,Bachelor's
56951.34888,Bachelor's
65687.54023,Bachelor's
55300.01246,Bachelor's
66938.11894,Bachelor's
69710.93119,Bachelor's
48954.30469,Bachelor's
68952.89078,Bachelor's
38631.11991,Bachelor's
61155.83459,Bachelor's
61576.15367,Bachelor's
60647.14248,Bachelor's
76636.61466,Bachelor's
77930.65288,Bachelor's
45413.24769,Bachelor's
103035.4268,Bachelor's
75054.15647,Bachelor's
50663.28772,Bachelor's
76770.65968,Bachelor's
68734.6892,Bachelor's
73748.99863,Bachelor's
66234.77472,Bachelor's
79552.94282,Bachelor's
54986.80222,Bachelor's
76418.28526,Bachelor's
53473.57778,Bachelor's
67533.74056,Bachelor's
46773.08987,Bachelor's
93322.25185,Bachelor's
109987.7591,Bachelor's
60053.85271,Bachelor's
43844.68783,Bachelor's
50104.44133,Bachelor's
61312.10929,Bachelor's
51229.01269,Bachelor's
55851.33059,Bachelor's
65969.18016,Bachelor's
70379.61193,Bachelor's
83876.9716,Bachelor's
65025.48051,Bachelor's
66121.27023,Bachelor's
83743.34812,Bachelor's
73277.3014,Bachelor's
82796.67093,Bachelor's
77897.53125,Bachelor's
38056.81272,Bachelor's
73299.26839,Bachelor's
64412.37544,Bachelor's
71760.52583,Bachelor's
82136.57196,Bachelor's
60876.37449,Bachelor's
70264.47299,Bachelor's
64997.20641,Bachelor's
67229.41899,Bachelor's
49371.71432,Bachelor's
88646.46709,Bachelor's
52401.32877,Bachelor's
48271.44406,Bachelor's
44192.92745,Bachelor's
60042.52348,Bachelor's
54053.73598,Bachelor's
39800.8254,Bachelor's
59249.13514,Bachelor's
65013.34508,Bachelor's
56728.94492,Bachelor's
68742.15902,Bachelor's
91205.46062,Bachelor's
86251.71315,Bachelor's
60141.61401,Bachelor's
69338.44919,Bachelor's
49347.95066,Bachelor's
59135.64496,Bachelor's
61472.51754,Bachelor's
50893.30594,Bachelor's
50808.36759,Bachelor's
70130.01731,Bachelor's
77512.80103,Bachelor's
54031.82428,Bachelor's
83654.17936,Bachelor's
69780.73439,Bachelor's
61220.43152,Bachelor's
47055.70911,Bachelor's
73572.08034,Bachelor's
31262.43935,Bachelor's
62627.32529,Bachelor's
63167.70404,Bachelor's
46047.8094,Bachelor's
72130.79186,Bachelor's
48186.53656,Bachelor's
78853.08908,Bachelor's
68568.06364,Bachelor's
66124.79835,Bachelor's
43367.05097,Bachelor's
70918.08048,Bachelor's
81172.92041,Bachelor's
65119.44606,Bachelor's
65656.07219,Bachelor's
45986.24637,Bachelor's
39367.17251,Bachelor's
72965.74232,Bachelor's
47703.68103,Bachelor's
79226.2546,Bachelor's
59142.42789,Bachelor's
27225.17031,Bachelor's
49767.75707,Bachelor's
46266.36627,Bachelor's
73594.78802,Bachelor's
63075.00073,Bachelor's
84815.27009,Bachelor's
57069.01008,Bachelor's
71140.96971,Bachelor's
69546.8529,Bachelor's
47024.19403,Bachelor's
61267.63863,Bachelor's
66163.47918,Bachelor's
90133.46358,Bachelor's
61938.78295,Bachelor's
45798.74491,Bachelor's
50707.58866,Bachelor's
68425.49219,Bachelor's
76620.6517,Bachelor's
73755.09914,Bachelor's
46834.56474,Bachelor's
68046.95164,Bachelor's
72092.06082,Bachelor's
76203.94827,Bachelor's
65187.23672,Bachelor's
46252.66364,Bachelor's
41699.44176,Bachelor's
92587.58194,Bachelor's
67116.03303,Bachelor's
62500.14337,Bachelor's
87671.67203,Bachelor's
68251.77488,Bachelor's
64706.71367,Bachelor's
59125.99693,Bachelor's
69811.00429,Bachelor's
60672.23478,Bachelor's
70016.58681,Bachelor's
121027.3739,Bachelor's
64342.28102,Bachelor's
84646.19073,Bachelor's
76837.94307,Bachelor's
58751.94748,Bachelor's
78488.53018,Bachelor's
64367.7408,Bachelor's
41500.16287,Bachelor's
52720.84969,Bachelor's
66711.54312,Bachelor's
50002.05013,Bachelor's
73624.06093,Bachelor's
83375.61867,Bachelor's
58433.2965,Bachelor's
64849.45002,Bachelor's
59370.37395,Bachelor's
75763.94385,Bachelor's
74740.23323,Bachelor's
47261.90604,Bachelor's
41049.47339,Bachelor's
70712.62821,Bachelor's
60404.86702,Bachelor's
75629.45692,Bachelor's
69483.1019,Bachelor's
72665.26329,Bachelor's
70397.86464,Bachelor's
90386.11549,Bachelor's
108969.9501,Bachelor's
66311.33149,Bachelor's
63655.9245,Bachelor's
51290.26103,Bachelor's
77960.70843,Bachelor's
81091.32811,Bachelor's
37551.76522,Bachelor's
93661.42088,Bachelor's
52834.24365,Bachelor's
76264.19553,Bachelor's
77464.91299,Bachelor's
29114.82673,Bachelor's
51060.98862,Bachelor's
104019.5422,Bachelor's
35393.69259,Bachelor's
39894.80615,Bachelor's
33764.46335,Bachelor's
77452.16474,Bachelor's
90376.42615,Bachelor's
62339.80866,Bachelor's
44137.95043,Bachelor's
54354.72776,Bachelor's
55534.28775,Bachelor's
61506.9821,Bachelor's
61517.92582,Bachelor's
70291.3241,Bachelor's
52498.65222,Bachelor's
89527.29031,Bachelor's
60717.47785,Bachelor's
43426.43477,Bachelor's
37288.56486,Bachelor's
63405.45404,Bachelor's
94643.75156,Bachelor's
59264.00618,Bachelor's
81363.94021,Bachelor's
71633.08055,Bachelor's
70699.39257,Bachelor's
71599.97817,Bachelor's
62035.79367,Bachelor's
55059.54802,Bachelor's
68501.01954,Bachelor's
58002.05515,Bachelor's
46271.49764,Bachelor's
54394.22815,Bachelor's
39680.22778,Bachelor's
58906.60088,Bachelor's
29211.34618,Bachelor's
49926.58941,Bachelor's
67642.92572,Bachelor's
75897.97531,Bachelor's
59555.17966,Bachelor's
63389.24305,Bachelor's
72835.38575,Bachelor's
77305.18955,Bachelor's
70894.5515,Bachelor's
91282.15486,Bachelor's
43413.21707,Bachelor's
90491.63467,Bachelor's
51557.22531,Bachelor's
54202.4001,Bachelor's
65088.18246,Bachelor's
60238.19392,Bachelor's
60276.10637,Bachelor's
56517.22458,Bachelor's
68647.48043,Bachelor's
54259.1086,Bachelor's
90087.51616,Bachelor's
64678.66101,Bachelor's
75270.65421,Bachelor's
56781.1208,Bachelor's
56382.61142,Bachelor's
43375.34327,Bachelor's
62927.37333,Bachelor's
65013.89382,Bachelor's
68928.14745,Bachelor's
64272.65509,Bachelor's
56841.56081,Bachelor's
36501.11494,Bachelor's
92689.30296,Bachelor's
85967.22236,Bachelor's
74816.89184,Bachelor's
65273.72609,Bachelor's
65197.37504,Bachelor's
75683.92823,Bachelor's
73889.30624,Bachelor's
47606.30599,Bachelor's
69757.15843,Bachelor's
87335.00038,Bachelor's
63034.63484,Bachelor's
68239.63154,Bachelor's
69338.9631,Bachelor's
50772.51629,Bachelor's
61423.20292,Bachelor's
81547.97573,Bachelor's
81801.68287,Bachelor's
63876.05353,Bachelor's
66432.49515,Bachelor's
61740.13425,Bachelor's
75484.68234,Bachelor's
40786.33004,Bachelor's
92436.97695,Bachelor's
82154.30823,Bachelor's
66390.40741,Bachelor's
89332.02577,Bachelor's
97826.26282,Bachelor's
28109.56949,Bachelor's
69358.38059,Bachelor's
77824.1771,Bachelor's
68744.09407,Bachelor's
42153.75463,Bachelor's
72498.06897,Bachelor's
70883.30113,Bachelor's
49280.37427,Bachelor's
80299.4755,Bachelor's
49066.71335,Bachelor's
45614.89767,Bachelor's
41320.2679,Bachelor's
78479.53002,Bachelor's
50922.96251,Bachelor's
69139.67545,Bachelor's
70546.18936,Bachelor's
63543.73392,Bachelor's
37321.49256,Bachelor's
77163.50102,Bachelor's
81322.50649,Bachelor's
69517.73146,Bachelor's
47545.80515,Bachelor's
66066.56517,Bachelor's
51713.19713,Bachelor's
66746.06,Bachelor's
73647.92089,Bachelor's
72755.60293,Bachelor's
46731.68099,Bachelor's
44104.5865,Bachelor's
50053.75041,Bachelor's
70431.84459,Bachelor's
90123.753,Bachelor's
37508.65246,Bachelor's
63011.44196,Bachelor's
38025.32893,Bachelor's
56458.06896,Bachelor's
64830.20278,Bachelor's
30567.13719,Bachelor's
55176.06991,Bachelor's
88935.91185,Bachelor's
71119.8273,Bachelor's
63579.7439,Bachelor's
65748.20312,Bachelor's
44367.25102,Bachelor's
60944.57701,Bachelor's
34193.45537,Bachelor's
47083.4113,Bachelor's
47016.94825,Bachelor's
74379.85133,Bachelor's
56929.69469,Bachelor's
68715.33825,Bachelor's
36284.97231,Bachelor's
62956.98644,Bachelor's
42721.76311,Bachelor's
59716.08818,Bachelor's
59055.62559,Bachelor's
73833.97717,Bachelor's
63768.13137,Bachelor's
68947.63982,Bachelor's
49428.55761,Bachelor's
80021.74573,Bachelor's
84777.20876,Bachelor's
51124.64884,Bachelor's
86784.15082,Bachelor's
76372.32137,Bachelor's
77486.21659,Bachelor's
80049.87053,Bachelor's
81975.18539,Bachelor's
74534.51205,Bachelor's
38023.94198,Bachelor's
46287.91592,Bachelor's
44902.05912,Bachelor's
67665.16478,Bachelor's
84722.34214,Bachelor's
75650.79811,Bachelor's
98443.60129,Bachelor's
64244.38646,Bachelor's
77726.5205,Bachelor's
49517.4753,Bachelor's
39431.28134,Bachelor's
53788.432,Bachelor's
70828.91471,Bachelor's
74033.56462,Bachelor's
29054.10073,Bachelor's
75344.04212,Bachelor's
56342.98061,Bachelor's
64598.0262,Bachelor's
74996.66787,Bachelor's
50182.26834,Bachelor's
61094.70096,Bachelor's
72177.33039,Bachelor's
45327.72388,Bachelor's
43000.86602,Bachelor's
87430.67981,Bachelor's
59075.25525,Bachelor's
75730.56808,Bachelor's
82684.99819,Bachelor's
83889.75754,Bachelor's
59037.02396,Bachelor's
83812.86936,Bachelor's
34281.3716,Bachelor's
67471.13819,Bachelor's
72389.448,Bachelor's
66256.79606,Bachelor's
60261.0428,Bachelor's
52215.15779,Bachelor's
49183.47467,Bachelor's
66045.16595,Bachelor's
71476.48357,Bachelor's
77838.46758,Bachelor's
72447.31776,Bachelor's
64034.00887,Bachelor's
51179.99213,Bachelor's
61785.33773,Bachelor's
77187.79997,Bachelor's
65375.23523,Bachelor's
76669.72652,Bachelor's
59427.99962,Bachelor's
38007.63043,Bachelor's
78750.20482,Bachelor's
58183.65597,Bachelor's
66599.25181,Bachelor's
79585.08584,Bachelor's
52242.22699,Bachelor's
58256.64218,Bachelor's
72115.31917,Bachelor's
70574.11732,Bachelor's
83162.38445,Bachelor's
41215.46687,Bachelor's
63259.33488,Bachelor's
64106.42222,Bachelor's
65407.16542,Bachelor's
57123.26878,Bachelor's
69725.28764,Bachelor's
61408.10406,Bachelor's
72198.14093,Bachelor's
64509.21438,Bachelor's
88765.12753,Bachelor's
82547.94763,Bachelor's
56763.58282,Bachelor's
65646.51329,Bachelor's
54585.82768,Bachelor's
55203.95654,Bachelor's
50453.33302,Bachelor's
61325.33066,Bachelor's
55220.57206,Bachelor's
79069.96892,Bachelor's
31732.65547,Bachelor's
43516.94971,Bachelor's
69182.81009,Bachelor's
89642.70113,Bachelor's
47096.60783,Bachelor's
62027.23781,Bachelor's
64460.51797,Bachelor's
79834.54109,Bachelor's
61670.33108,Bachelor's
67996.37762,Bachelor's
64256.52874,Bachelor's
45730.4198,Bachelor's
64584.64132,Bachelor's
71600.02404,Bachelor's
46686.90054,Bachelor's
49127.40539,Bachelor's
71247.97741,Bachelor's
60221.84633,Bachelor's
81496.48641,Bachelor's
67240.8043,Bachelor's
64951.33424,Bachelor's
50646.74694,Bachelor's
80582.31633,Bachelor's
64902.81578,Bachelor's
53714.05289,Bachelor's
78134.43931,Bachelor's
74700.20685,Bachelor's
70529.4554,Bachelor's
68603.10024,Bachelor's
45959.37978,Bachelor's
57569.34184,Bachelor's
44436.44121,Bachelor's
54293.41831,Bachelor's
49047.7595,Bachelor's
79342.01517,Bachelor's
62014.38566,Bachelor's
64379.05284,Bachelor's
87962.7095,Bachelor's
52501.62185,Bachelor's
53614.53604,Bachelor's
76782.47688,Bachelor's
62334.99461,Bachelor's
50517.35958,Bachelor's
72670.31597,Bachelor's
70038.66868,Bachelor's
65044.82277,Bachelor's
58301.95433,Bachelor's
58973.97493,Bachelor's
61637.53351,Bachelor's
88014.3444,Bachelor's
60425.99471,Bachelor's
82406.16936,Bachelor's
54811.17202,Bachelor's
65308.78333,Bachelor's
62642.75815,Bachelor's
50218.45073,Bachelor's
54514.22765,Bachelor's
80900.7609,Bachelor's
59977.40047,Bachelor's
60799.36217,Bachelor's
92777.06407,Bachelor's
82793.75688,Bachelor's
78621.15496,Bachelor's
83099.5278,Bachelor's
85801.2931,Bachelor's
55374.21966,Bachelor's
65082.32815,Bachelor's
53252.30144,Bachelor's
73100.373,Bachelor's
61247.16654,Bachelor's
70377.7539,Bachelor's
43729.03519,Bachelor's
57544.60587,Bachelor's
72367.5072,Bachelor's
57908.62562,Bachelor's
52057.57794,Bachelor's
72813.45471,Bachelor's
66055.31787,Bachelor's
94680.22638,Bachelor's
76514.0652,Bachelor's
115625.088,Bachelor's
60828.15478,Bachelor's
92965.00454,Bachelor's
51259.23888,Bachelor's
90653.3788,Bachelor's
38032.24912,Bachelor's
97124.81248,Bachelor's
51524.47529,Bachelor's
61791.44874,Bachelor's
45560.60599,Bachelor's
54969.14645,Bachelor's
76522.42496,Bachelor's
51524.85613,Bachelor's
87326.66301,Bachelor's
38317.04599,Bachelor's
66472.85342,Bachelor's
63637.13432,Bachelor's
36371.45314,Bachelor's
44083.68712,Bachelor's
82133.30574,Bachelor's
58341.4508,Bachelor's
55966.66916,Bachelor's
94724.97157,Bachelor's
51565.17528,Bachelor's
40339.1049,Bachelor's
66594.78934,Bachelor's
62139.00016,Bachelor's
71350.98124,Bachelor's
83742.48259,Bachelor's
87232.70694,Bachelor's
64333.10028,Bachelor's
27184.72921,Bachelor's
42866.38855,Bachelor's
46793.56461,Bachelor's
67902.58279,Bachelor's
54307.19546,Bachelor's
56589.71539,Bachelor's
50875.7172,Bachelor's
69258.56573,Bachelor's
85997.70613,Bachelor's
41276.31179,Bachelor's
96993.15005,Bachelor's
76597.33658,Bachelor's
70897.92898,Bachelor's
64991.62044,Bachelor's
77597.75898,Bachelor's
47192.16695,Bachelor's
94342.43195,Bachelor's
64451.38876,Bachelor's
89137.99252,Bachelor's
62432.23559,Bachelor's
54314.75319,Bachelor's
54783.11564,Bachelor's
69051.561,Bachelor's
99135.29281,Bachelor's
80711.12202,Bachelor's
90412.26116,Bachelor's
74756.36778,Bachelor's
59953.03071,Bachelor's
62984.66906,Bachelor's
30476.72823,Bachelor's
65463.41802,Bachelor's
73215.51958,Bachelor's
55189.98869,Bachelor's
76609.23851,Bachelor's
70312.03292,Bachelor's
72525.93722,Bachelor's
55018.10964,Bachelor's
60629.62987,Bachelor's
63687.45715,Bachelor's
68203.95947,Bachelor's
80289.56424,Bachelor's
55706.03693,Bachelor's
68771.31106,Bachelor's
55421.93962,Bachelor's
46808.75199,Bachelor's
61269.36126,Bachelor's
67280.22541,Bachelor's
61054.86363,Bachelor's
68885.88455,Bachelor's
79149.64289,Bachelor's
53499.82833,Bachelor's
76600.65036,Bachelor's
66036.76046,Bachelor's
76957.80433,Bachelor's
38968.25858,Bachelor's
67687.22994,Bachelor's
55741.64754,Bachelor's
57166.04889,Bachelor's
62351.06892,Bachelor's
70567.67767,Bachelor's
50302.93639,Bachelor's
57198.41387,Bachelor's
65739.12324,Bachelor's
55587.84159,Bachelor's
57776.22797,Bachelor's
55714.75094,Bachelor's
92688.54835,Bachelor's
61660.53906,Bachelor's
45322.06808,Bachelor's
83331.78057,Bachelor's
33605.87874,Bachelor's
50731.10509,Bachelor's
69024.05154,Bachelor's
54381.37487,Bachelor's
54358.69131,Bachelor's
58895.9827,Bachelor's
60330.49077,Bachelor's
64355.46964,Bachelor's
62054.10519,Bachelor's
59103.13102,Bachelor's
81328.7866,Bachelor's
48426.11688,Bachelor's
60182.3259,Bachelor's
74579.84244,Bachelor's
61890.36788,Bachelor's
59519.53655,Bachelor's
64728.11883,Bachelor's
78687.30812,Bachelor's
61204.32296,Bachelor's
64650.5587,Bachelor's
71310.71012,Bachelor's
90099.97087,Bachelor's
69490.14773,Bachelor's
77409.32065,Bachelor's
77419.37502,Bachelor's
101176.332,Bachelor's
69744.3474,Bachelor's
66213.64793,Bachelor's
64656.6798,Bachelor's
78832.41042,Bachelor's
82608.62899,Bachelor's
65529.3167,Bachelor's
74867.16133,Bachelor's
73174.01142,Bachelor's
70078.67545,Bachelor's
74351.67461,Bachelor's
79837.6662,Bachelor's
46758.50198,Bachelor's
90690.59692,Bachelor's
88655.32564,Bachelor's
70253.33062,Bachelor's
39390.70317,Bachelor's
55799.26848,Bachelor's
54461.17669,Bachelor's
59599.42499,Bachelor's
82431.65151,Bachelor's
62108.23307,Bachelor's
75677.57668,Bachelor's
75750.72246,Bachelor's
82187.6834,Bachelor's
57207.38384,Bachelor's
77716.80218,Bachelor's
73614.57689,Bachelor's
54506.95061,Bachelor's
68941.73506,Bachelor's
47739.40204,Bachelor's
50621.4715,Bachelor's
77664.34516,Bachelor's
68514.06853,Bachelor's
66310.88841,Bachelor's
64762.90642,Bachelor's
68957.70024,Bachelor's
81167.67742,Bachelor's
61283.95171,Bachelor's
61812.68576,Bachelor's
42258.17768,Bachelor's
59081.24701,Bachelor's
73077.2462,Bachelor's
45754.79408,Bachelor's
75114.75376,Bachelor's
60057.90163,Bachelor's
92304.75506,Bachelor's
71241.57958,Bachelor's
55685.51689,Bachelor's
62755.8878,Bachelor's
56754.03091,Bachelor's
72239.20944,Bachelor's
47214.03947,Bachelor's
55948.07656,Bachelor's
82802.16758,Bachelor's
63102.73613,Bachelor's
83395.62378,Bachelor's
67441.99654,Bachelor's
79012.51836,Bachelor's
72023.14571,Bachelor's
70716.58074,Bachelor's
66541.23524,Bachelor's
54685.94026,Bachelor's
66840.60067,Bachelor's
75919.0097,Bachelor's
78602.48067,Bachelor's
71011.63207,Bachelor's
53622.63257,Bachelor's
53668.01527,Bachelor's
44659.11518,Bachelor's
44191.25921,Bachelor's
65635.4857,Bachelor's
86383.84613,Bachelor's
77592.64038,Bachelor's
29931.82872,Bachelor's
96236.55659,Bachelor's
72364.91616,Bachelor's
69143.06811,Bachelor's
84722.99935,Bachelor's
47476.96932,Bachelor's
83553.09559,Bachelor's
57984.79106,Bachelor's
70862.23636,Bachelor's
62586.1607,Bachelor's
47128.66599,Bachelor's
38435.54947,Bachelor's
70453.50581,Bachelor's
57437.72391,Bachelor's
75995.92965,Bachelor's
65803.24519,Bachelor's
57989.13657,Bachelor's
52665.26824,Bachelor's
34861.59417,Bachelor's
47607.96693,Bachelor's
22950.99679,Bachelor's
61555.96377,Bachelor's
77381.32506,Bachelor's
46022.9366,Bachelor's
47465.15759,Bachelor's
62072.72339,Bachelor's
68881.20773,Bachelor's
53512.77516,Bachelor's
58273.50185,Bachelor's
60682.77927,Bachelor's
44445.47905,Bachelor's
45122.43388,Bachelor's
63754.15074,Bachelor's
59248.69894,Bachelor's
81593.23305,Bachelor's
66474.0289,Bachelor's
51167.64832,Bachelor's
63728.42039,Bachelor's
59597.04393,Bachelor's
60251.70236,Bachelor's
48182.72476,Bachelor's
47804.00392,Bachelor's
65063.7151,Bachelor's
56873.08537,Bachelor's
61097.85457,Bachelor's
34169.72181,Bachelor's
76429.24115,Bachelor's
48723.63577,Bachelor's
89966.52063,Bachelor's
51410.02936,Bachelor's
80998.07273,Bachelor's
59574.35585,Bachelor's
74660.96072,Bachelor's
72287.15066,Bachelor's
62278.34724,Bachelor's
78318.3765,Bachelor's
37058.67838,Bachelor's
105767.2734,Bachelor's
45392.22186,Bachelor's
50058.56122,Bachelor's
62393.32866,Bachelor's
51593.0858,Bachelor's
62387.77532,Bachelor's
63013.88291,Bachelor's
60882.91016,Bachelor's
63515.33521,Bachelor's
55890.72645,Bachelor's
67993.80793,Bachelor's
69117.24599,Bachelor's
50728.96119,Bachelor's
65952.77191,Bachelor's
68183.70928,Bachelor's
62717.59928,Bachelor's
60539.32041,Bachelor's
63277.44497,Bachelor's
49830.34751,Bachelor's
100765.193,Bachelor's
45173.18986,Bachelor's
43442.95781,Bachelor's
62226.66083,Bachelor's
59128.07251,Bachelor's
50860.32589,Bachelor's
62212.28465,Bachelor's
73301.07666,Bachelor's
55302.44896,Bachelor's
73363.44809,Bachelor's
52262.29803,Bachelor's
71678.5373,Bachelor's
83333.94006,Bachelor's
32150.6147,Bachelor's
68714.94209,Bachelor's
44953.7409,Bachelor's
53603.68757,Bachelor's
69671.3104,Bachelor's
80939.22975,Bachelor's
51307.47972,Bachelor's
67953.02244,Bachelor's
90496.29371,Bachelor's
81504.23569,Bachelor's
73024.93277,Bachelor's
72840.58385,Bachelor's
67315.35581,Bachelor's
70865.60937,Bachelor's
57771.79883,Bachelor's
48412.09638,Bachelor's
55525.11366,Bachelor's
38904.84702,Bachelor's
57802.67703,Bachelor's
73769.81352,Bachelor's
37537.94809,Bachelor's
81900.83912,Bachelor's
87319.75695,Bachelor's
51495.26461,Bachelor's
77967.96539,Bachelor's
49179.75461,Bachelor's
73169.52368,Bachelor's
83579.6435,Bachelor's
58037.94115,Bachelor's
70960.41617,Bachelor's
32301.06489,Bachelor's
69972.91617,Bachelor's
74363.79098,Bachelor's
52484.56287,Bachelor's
50282.16682,Bachelor's
80837.21191,Bachelor's
82504.7402,Bachelor's
53995.96822,Bachelor's
62016.10719,Bachelor's
98352.91677,Bachelor's
65888.0255,Bachelor's
69175.21098,Bachelor's
81272.07409,Bachelor's
72579.2911,Bachelor's
71079.30869,Bachelor's
68774.39487,Bachelor's
82311.87718,Bachelor's
39265.91437,Bachelor's
80291.47262,Bachelor's
33698.57279,Bachelor's
19248.98711,Bachelor's
64603.83808,Bachelor's
74899.32508,Bachelor's
68793.1377,Bachelor's
55352.24076,Bachelor's
78212.89299,Bachelor's
77933.05865,Bachelor's
51026.07269,Bachelor's
50553.14751,Bachelor's
55864.54059,Bachelor's
50048.74504,Bachelor's
61541.23345,Bachelor's
56492.4929,Bachelor's
67373.57673,Bachelor's
69127.74429,Bachelor's
72713.61364,Bachelor's
61486.03224,Bachelor's
77665.3762,Bachelor's
60791.55566,Bachelor's
69613.08841,Bachelor's
60756.06413,Bachelor's
57646.49902,Bachelor's
59162.31347,Bachelor's
93468.26522,Bachelor's
75116.3324,Bachelor's
77513.08639,Bachelor's
55209.81447,Bachelor's
43092.90929,Bachelor's
68135.7338,Bachelor's
103858.3256,Bachelor's
69561.24565,Bachelor's
65869.35452,Bachelor's
75856.30666,Bachelor's
66548.87305,Bachelor's
61423.97216,Bachelor's
80891.1159,Bachelor's
43671.45672,Bachelor's
47206.9025,Bachelor's
77494.2441,Bachelor's
64716.08225,Bachelor's
85020.15698,Bachelor's
68871.10499,Bachelor's
36495.56603,Bachelor's
57244.76418,Bachelor's
63082.82578,Bachelor's
39658.93454,Bachelor's
81327.52846,Bachelor's
65121.18251,Bachelor's
42771.65753,Bachelor's
55108.59703,Bachelor's
91884.5086,Bachelor's
67897.56457,Bachelor's
90845.32104,Bachelor's
84345.48868,Bachelor's
95451.20464,Bachelor's
60087.03042,Bachelor's
52384.5744,Bachelor's
61571.826,Bachelor's
96274.40328,Bachelor's
101651.6779,Bachelor's
60147.545,Bachelor's
90179.73172,Bachelor's
76734.23851,Bachelor's
52617.97268,Bachelor's
46255.7032,Bachelor's
72592.08202,Bachelor's
70147.60379,Bachelor's
66494.18349,Bachelor's
53216.61796,Bachelor's
42572.41363,Bachelor's
49850.41007,Bachelor's
68962.70759,Bachelor's
65663.7849,Bachelor's
53289.81252,Bachelor's
73726.90479,Bachelor's
71246.3133,Bachelor's
80761.73562,Bachelor's
62740.11232,Bachelor's
43207.51831,Bachelor's
66509.31131,Bachelor's
45435.75738,Bachelor's
65994.12556,Bachelor's
55802.18653,Bachelor's
46833.31229,Bachelor's
42074.68125,Bachelor's
58455.45911,Bachelor's
54858.51061,Bachelor's
72531.05559,Bachelor's
54351.1826,Bachelor's
57702.48922,Bachelor's
71687.95479,Bachelor's
57840.03037,Bachelor's
89709.47768,Bachelor's
66889.55935,Bachelor's
55775.10215,Bachelor's
39261.50536,Bachelor's
60263.58454,Bachelor's
86556.9577,Bachelor's
62086.54013,Bachelor's
25359.71957,Bachelor's
90487.91025,Bachelor's
55603.6303,Bachelor's
49344.44945,Bachelor's
49228.25617,Bachelor's
59228.74428,Bachelor's
78320.81224,Bachelor's
50110.88482,Bachelor's
61543.19772,Bachelor's
43764.6966,Bachelor's
67625.83638,Bachelor's
70035.34757,Bachelor's
39000.33457,Bachelor's
80043.47849,Bachelor's
83343.03958,Bachelor's
87268.98702,Bachelor's
58730.52553,Bachelor's
42306.12588,Bachelor's
60008.90056,Bachelor's
79311.25781,Bachelor's
64356.68163,Bachelor's
29343.77598,Bachelor's
66605.55033,Bachelor's
64733.0003,Bachelor's
83754.27748,Bachelor's
91773.57194,Bachelor's
58238.08638,Bachelor's
49305.14496,Bachelor's
78636.80624,Bachelor's
49960.08027,Bachelor's
65026.39812,Bachelor's
18846.84843,Bachelor's
59482.80129,Bachelor's
64198.55056,Bachelor's
73032.01894,Bachelor's
74757.43687,Bachelor's
102791.1033,Bachelor's
36177.18023,Bachelor's
52526.71773,Bachelor's
26799.16076,Bachelor's
59007.49285,Bachelor's
58741.87162,Bachelor's
54119.75127,Bachelor's
59495.57108,Bachelor's
53320.98819,Bachelor's
37832.28269,Bachelor's
57341.16374,Bachelor's
59647.51668,Bachelor's
66767.95156,Bachelor's
72552.97751,Bachelor's
29576.56673,Bachelor's
74974.00074,Bachelor's
80903.80407,Bachelor's
70789.17894,Bachelor's
80858.2324,Bachelor's
92815.17098,Bachelor's
54118.56779,Bachelor's
53128.89727,Bachelor's
77768.60594,Bachelor's
73995.65407,Bachelor's
83380.49924,Bachelor's
48201.47308,Bachelor's
59754.46614,Bachelor's
70502.6255,Bachelor's
56075.70218,Bachelor's
41055.37008,Bachelor's
72404.01149,Bachelor's
60810.43126,Bachelor's
43655.25827,Bachelor's
81502.2973,Bachelor's
81929.61564,Bachelor's
78628.49622,Bachelor's
93546.04989,Bachelor's
51587.87122,Bachelor's
55861.88248,Bachelor's
51442.2338,Bachelor's
74103.30315,Bachelor's
82801.74157,Bachelor's
57267.67709,Bachelor's
56016.43266,Bachelor's
55436.03246,Bachelor's
52865.7545,Bachelor's
73964.43651,Bachelor's
84090.10602,Bachelor's
74099.65638,Bachelor's
65931.50024,Bachelor's
53022.60699,Bachelor's
81585.32722,Bachelor's
103897.216,Bachelor's
55451.99638,Bachelor's
77135.33516,Bachelor's
78499.49485,Bachelor's
64117.57229,Bachelor's
49957.94463,Bachelor's
68524.82029,Bachelor's
81362.10423,Bachelor's
64850.88825,Bachelor's
84439.97866,Bachelor's
62707.96663,Bachelor's
72450.79275,Bachelor's
64822.18489,Bachelor's
58079.99043,Bachelor's
76166.69352,Bachelor's
84529.32766,Bachelor's
94119.08094,Bachelor's
67582.30572,Bachelor's
72560.89516,Bachelor's
49032.64586,Bachelor's
62480.81208,Bachelor's
87373.97148,Bachelor's
72344.26109,Bachelor's
57328.20361,Bachelor's
83468.67132,Bachelor's
46896.13523,Bachelor's
68777.53789,Bachelor's
45231.40615,Bachelor's
42300.8592,Bachelor's
55305.44228,Bachelor's
69350.38171,Bachelor's
84771.80253,Bachelor's
72942.13488,Bachelor's
55778.7559,Bachelor's
63335.92587,Bachelor's
95146.19624,Bachelor's
89004.90335,Bachelor's
39365.32334,Bachelor's
61040.35306,Bachelor's
55139.59154,Bachelor's
81098.20668,Bachelor's
102723.883,Bachelor's
62051.12264,Bachelor's
87127.35414,Bachelor's
59899.14589,Bachelor's
68263.37522,Bachelor's
78672.61428,Bachelor's
78063.0047,Bachelor's
78402.33854,Bachelor's
73901.48167,Bachelor's
53068.95142,Bachelor's
56964.15661,Bachelor's
57733.21428,Bachelor's
63628.36884,Bachelor's
57167.01659,Bachelor's
64818.23097,Bachelor's
81641.03664,Bachelor's
91368.2208,Bachelor's
99980.42981,Bachelor's
67456.04976,Bachelor's
60520.901,Bachelor's
30927.80816,Bachelor's
83165.22182,Bachelor's
81750.65587,Bachelor's
73536.11918,Bachelor's
59069.24839,Bachelor's
98308.52462,Bachelor's
71391.46377,Bachelor's
36520.06558,Bachelor's
84765.05717,Bachelor's
72895.22014,Bachelor's
50386.32591,Bachelor's
49373.26649,Bachelor's
68218.90276,Bachelor's
48670.10102,Bachelor's
85886.32138,Bachelor's
65924.85793,Bachelor's
89129.41867,Bachelor's
100480.5522,Bachelor's
105458.5011,Bachelor's
60626.87197,Bachelor's
69874.80675,Bachelor's
69878.5472,Bachelor's
52471.25876,Bachelor's
62857.34238,Bachelor's
67894.59635,Bachelor's
78546.77295,Bachelor's
62640.53708,Bachelor's
25717.51987,Bachelor's
51499.14161,Bachelor's
63120.21,Bachelor's
58498.2276,Bachelor's
60933.76868,Bachelor's
78106.75873,Bachelor's
54612.10487,Bachelor's
74267.18374,Bachelor's
49407.08498,Bachelor's
69144.43865,Bachelor's
58959.17922,Bachelor's
72872.44181,Bachelor's
66386.54936,Bachelor's
58198.40849,Bachelor's
54202.23728,Bachelor's
74996.26472,Bachelor's
66141.63327,Bachelor's
52009.17957,Bachelor's
86709.61442,Bachelor's
70700.50733,Bachelor's
71017.06177,Bachelor's
84839.96535,Bachelor's
81984.79191,Bachelor's
74028.03571,Bachelor's
66359.38134,Bachelor's
32640.19558,Bachelor's
65075.73134,Bachelor's
74329.64084,Bachelor's
75205.7136,Bachelor's
45720.45763,Bachelor's
63935.16444,Bachelor's
63066.65757,Bachelor's
59359.57265,Bachelor's
85928.94283,Bachelor's
66127.73314,Bachelor's
63255.4357,Bachelor's
61784.48683,Bachelor's
58664.48458,Bachelor's
54619.18488,Bachelor's
73329.05319,Bachelor's
65454.94433,Bachelor's
59368.82335,Bachelor's
65713.80572,Bachelor's
81512.40206,Bachelor's
65351.80453,Bachelor's
53221.97242,Bachelor's
78376.59787,Bachelor's
48983.40025,Bachelor's
83156.21439,Bachelor's
75091.32621,Bachelor's
43058.50983,Bachelor's
78954.5489,Bachelor's
66070.10911,Bachelor's
65769.63042,Bachelor's
76638.75533,Bachelor's
28416.41895,Bachelor's
36333.4576,Bachelor's
80106.75297,Bachelor's
73863.82343,Bachelor's
38433.40885,Bachelor's
58405.92692,Bachelor's
62929.63168,Bachelor's
64432.38823,Bachelor's
55902.10033,Bachelor's
69936.03085,Bachelor's
67221.07481,Bachelor's
60073.6053,Bachelor's
80872.21922,Bachelor's
51348.17297,Bachelor's
53743.06384,Bachelor's
79429.81693,Bachelor's
74765.16404,Bachelor's
69908.89677,Bachelor's
84637.57364,Bachelor's
68414.14652,Bachelor's
67030.54522,Bachelor's
74493.27588,Bachelor's
82312.23632,Bachelor's
52087.19535,Bachelor's
96386.17943,Bachelor's
48418.93739,Bachelor's
74718.91996,Bachelor's
72677.38255,Bachelor's
82647.35528,Bachelor's
85560.65746,Bachelor's
56525.30422,Bachelor's
70444.68947,Bachelor's
56780.47033,Bachelor's
74166.93605,Bachelor's
57333.36026,Bachelor's
63028.42565,Bachelor's
70813.30756,Bachelor's
61779.31856,Bachelor's
115090.1051,Bachelor's
45982.40897,Bachelor's
67464.66798,Bachelor's
52390.56466,Bachelor's
84847.45454,Bachelor's
89379.60567,Bachelor's
32187.76986,Bachelor's
80253.52652,Bachelor's
76480.96244,Bachelor's
58301.04873,Bachelor's
73287.56426,Bachelor's
30942.32077,Bachelor's
77567.50651,Bachelor's
66637.36524,Bachelor's
65303.14443,Bachelor's
51866.23917,Bachelor's
83514.71968,Bachelor's
38898.61564,Bachelor's
34651.13072,Bachelor's
66259.60505,Bachelor's
92649.96383,Bachelor's
60915.0179,Bachelor's
68012.09217,Bachelor's
67756.48141,Bachelor's
52840.29065,Bachelor's
68388.81445,Bachelor's
91824.02111,Bachelor's
58191.64345,Bachelor's
61717.53451,Bachelor's
40119.32038,Bachelor's
73377.75808,Bachelor's
56550.51168,Bachelor's
56058.67673,Bachelor's
78817.67304,Bachelor's
90496.82674,Bachelor's
68680.60874,Bachelor's
62298.31984,Bachelor's
64781.61715,Bachelor's
69050.26291,Bachelor's
65008.40898,Bachelor's
70037.44143,Bachelor's
73154.30258,Bachelor's
89012.45024,Bachelor's
92337.32018,Bachelor's
43672.80281,Bachelor's
80720.5616,Bachelor's
61035.31244,Bachelor's
65243.01663,Bachelor's
81560.14271,Bachelor's
110813.8563,Bachelor's
78406.06607,Bachelor's
79302.86459,Bachelor's
82759.17905,Bachelor's
58357.94672,Bachelor's
47397.85955,Bachelor's
86131.24766,Bachelor's
66882.8938,Bachelor's
74156.26174,Bachelor's
60797.28614,Bachelor's
66663.37857,Bachelor's
85016.64559,Bachelor's
47774.62096,Bachelor's
57683.77846,Bachelor's
73152.10719,Bachelor's
51308.53233,Bachelor's
52706.44893,Bachelor's
89116.93633,Bachelor's
51740.07432,Bachelor's
70587.24475,Bachelor's
49778.45626,Bachelor's
67217.45469,Bachelor's
65409.16825,Bachelor's
80096.15847,Bachelor's
80401.66758,Bachelor's
33348.15289,Bachelor's
62174.70468,Bachelor's
77778.97653,Bachelor's
54060.57285,Bachelor's
50731.73198,Bachelor's
63921.97231,Bachelor's
55287.03132,Bachelor's
47783.97615,Bachelor's
60229.36977,Bachelor's
55260.43224,Bachelor's
61265.61378,Bachelor's
68388.47437,Bachelor's
77462.07903,Bachelor's
61661.91879,Bachelor's
63995.55674,Bachelor's
84513.88659,Bachelor's
59499.72344,Bachelor's
55312.17055,Bachelor's
68494.7103,Bachelor's
43117.2712,Bachelor's
54144.87676,Bachelor's
62264.87049,Bachelor's
70934.98837,Bachelor's
94179.35185,Bachelor's
82946.22047,Bachelor's
64167.18098,Bachelor's
63870.52918,Bachelor's
46469.57466,Bachelor's
63277.31294,Bachelor's
39216.12436,Bachelor's
49219.90866,Bachelor's
60565.69096,Bachelor's
90735.25231,Bachelor's
63718.15017,Bachelor's
74766.5623,Bachelor's
61194.15265,Bachelor's
59518.58193,Bachelor's
42473.80067,Bachelor's
89094.18029,Bachelor's
87836.55908,Bachelor's
58318.34716,Bachelor's
64135.8855,Bachelor's
76533.77236,Bachelor's
62049.72598,Bachelor's
84313.42808,Bachelor's
86930.79464,Bachelor's
53294.45502,Bachelor's
55513.95898,Bachelor's
84448.34618,Bachelor's
86417.66438,Bachelor's
87789.99561,Bachelor's
41318.20971,Bachelor's
66803.29689,Bachelor's
73955.62114,Bachelor's
61450.16475,Bachelor's
77538.94953,Bachelor's
60086.89961,Bachelor's
82112.39784,Bachelor's
41242.34962,Bachelor's
82453.81249,Bachelor's
44560.27286,Bachelor's
74152.95518,Bachelor's
77139.41677,Graduate
93342.37553,Graduate
85021.58442,Graduate
72816.71907,Graduate
77066.10321,Graduate
100216.5071,Graduate
102970.6074,Graduate
73204.6608,Graduate
101115.9471,Graduate
92069.76881,Graduate
131764.6787,Graduate
100751.8641,Graduate
98931.17643,Graduate
40443.76461,Graduate
80445.17311,Graduate
95535.22474,Graduate
89224.34792,Graduate
69993.79211,Graduate
70168.26124,Graduate
82416.77678,Graduate
95467.47746,Graduate
78793.0811,Graduate
113168.257,Graduate
92299.50636,Graduate
90978.67176,Graduate
106621.1932,Graduate
113045.8993,Graduate
76900.30277,Graduate
96544.53335,Graduate
109314.1411,Graduate
49553.88046,Graduate
88829.03297,Graduate
45894.51802,Graduate
71654.67755,Graduate
81795.17187,Graduate
111951.3083,Graduate
96560.94007,Graduate
84813.18394,Graduate
79145.93744,Graduate
92007.33216,Graduate
84484.04286,Graduate
61569.56498,Graduate
49402.59334,Graduate
79700.59413,Graduate
67162.24568,Graduate
111979.7309,Graduate
88411.53652,Graduate
51972.50367,Graduate
63941.91835,Graduate
104722.8578,Graduate
87488.40299,Graduate
62758.64031,Graduate
98199.32254,Graduate
94949.23246,Graduate
73095.51241,Graduate
132179.9341,Graduate
20143.09237,Graduate
107027.3135,Graduate
32374.16203,Graduate
107153.2729,Graduate
94508.79471,Graduate
74979.43064,Graduate
70464.79297,Graduate
82986.09833,Graduate
58371.96818,Graduate
82489.20136,Graduate
96516.17378,Graduate
74708.24966,Graduate
102214.7016,Graduate
100061.0422,Graduate
109576.4874,Graduate
102835.961,Graduate
99098.43359,Graduate
31197.52731,Graduate
71640.58802,Graduate
71277.87849,Graduate
103693.1321,Graduate
93935.54405,Graduate
111953.8671,Graduate
70982.44824,Graduate
72566.32427,Graduate
84777.53591,Graduate
43159.71664,Graduate
81289.68099,Graduate
44284.35941,Graduate
123621.8024,Graduate
46994.86053,Graduate
123464.771,Graduate
56746.6817,Graduate
81215.22367,Graduate
83911.03284,Graduate
54846.37697,Graduate
92808.06602,Graduate
74528.91321,Graduate
117860.0327,Graduate
83545.36875,Graduate
67643.43743,Graduate
85310.22038,Graduate
86225.8775,Graduate
79086.85965,Graduate
100394.9697,Graduate
69873.25634,Graduate
102992.5772,Graduate
145094.5068,Graduate
73549.72839,Graduate
77989.25372,Graduate
81602.32866,Graduate
67475.86198,Graduate
52782.31197,Graduate
58597.62182,Graduate
98226.75621,Graduate
40679.30427,Graduate
84346.43897,Graduate
28280.43502,Graduate
75509.3573,Graduate
98213.76432,Graduate
93556.04138,Graduate
87136.85167,Graduate
102672.7701,Graduate
90711.43188,Graduate
55297.83042,Graduate
84058.34659,Graduate
73018.65243,Graduate
48215.18997,Graduate
71412.11724,Graduate
55825.46238,Graduate
50888.13211,Graduate
62651.74877,Graduate
67428.40781,Graduate
95942.55391,Graduate
110501.1049,Graduate
101019.9439,Graduate
86150.82674,Graduate
83910.64651,Graduate
80499.42899,Graduate
87733.94848,Graduate
78305.48706,Graduate
71287.56446,Graduate
94627.05292,Graduate
142804.1348,Graduate
80845.33034,Graduate
86300.84534,Graduate
80333.75456,Graduate
111702.0152,Graduate
70466.38134,Graduate
91807.29996,Graduate
135409.0835,Graduate
61226.15456,Graduate
114787.2444,Graduate
115151.3178,Graduate
77026.2264,Graduate
91673.43182,Graduate
103863.2189,Graduate
90926.88332,Graduate
24233.7941,Graduate
86337.85164,Graduate
80780.74545,Graduate
90714.69796,Graduate
66276.8478,Graduate
96697.39554,Graduate
88253.02169,Graduate
92335.91973,Graduate
66808.83078,Graduate
63174.58567,Graduate
67472.04876,Graduate
68591.58614,Graduate
79781.25949,Graduate
87742.14011,Graduate
81982.92586,Graduate
133200.4291,Graduate
80485.56808,Graduate
55764.9981,Graduate
44503.72739,Graduate
70781.94408,Graduate
99502.95654,Graduate
112811.1754,Graduate
128944.5742,Graduate
84701.45217,Graduate
66387.88095,Graduate
55367.67174,Graduate
90916.1312,Graduate
109552.8813,Graduate
87661.92973,Graduate
44561.1656,Graduate
126090.9008,Graduate
117926.159,Graduate
65582.5166,Graduate
62230.17111,Graduate
63723.92745,Graduate
97237.86197,Graduate
107114.2186,Graduate
89314.42216,Graduate
50474.34951,Graduate
89751.17056,Graduate
90879.17267,Graduate
98387.64505,Graduate
77439.99294,Graduate
75555.53379,Graduate
81133.69942,Graduate
58652.80229,Graduate
69769.82196,Graduate
88630.34124,Graduate
128872.3759,Graduate
64577.96202,Graduate
59730.47591,Graduate
108461.8695,Graduate
113068.9688,Graduate
77133.83322,Graduate
94538.84624,Graduate
106905.4435,Graduate
102543.1538,Graduate
83908.80659,Graduate
88281.38254,Graduate
81053.05562,Graduate
85548.36639,Graduate
135734.4757,Graduate
88695.28519,Graduate
74789.50417,Graduate
123106.2529,Graduate
72461.28685,Graduate
130155.8811,Graduate
90709.66112,Graduate
50556.7283,Graduate
60913.83257,Graduate
105881.7386,Graduate
99918.63313,Graduate
90700.27231,Graduate
80714.16711,Graduate
53764.12443,Graduate
79839.53565,Graduate
53629.18509,Graduate
105067.1962,Graduate
53552.3256,Graduate
84948.13132,Graduate
86722.405,Graduate
71657.71432,Graduate
73376.17221,Graduate
58524.75975,Graduate
109546.5964,Graduate
105344.5509,Graduate
95587.95921,Graduate
73544.64124,Graduate
101486.6972,Graduate
55442.02289,Graduate
65900.27117,Graduate
87421.22672,Graduate
80660.4812,Graduate
109032.1385,Graduate
88297.63174,Graduate
68864.71519,Graduate
115439.7949,Graduate
129828.1052,Graduate
96751.15987,Graduate
72393.64529,Graduate
77347.24404,Graduate
88558.0645,Graduate
75434.96981,Graduate
64268.7756,Graduate
56412.90779,Graduate
82253.36707,Graduate
91062.7314,Graduate
122871.7922,Graduate
105512.492,Graduate
123908.7922,Graduate
50680.4387,Graduate
82654.74063,Graduate
51000.19114,Graduate
84625.01767,Graduate
77177.69513,Graduate
80987.68774,Graduate
78278.36989,Graduate
110788.1449,Graduate
104514.5178,Graduate
89802.57364,Graduate
88101.72578,Graduate
109875.7129,Graduate
65350.99612,Graduate
102631.2043,Graduate
70871.48954,Graduate
90888.93802,Graduate
80722.62656,Graduate
54480.46562,Graduate
65537.42766,Graduate
73840.94325,Graduate
95188.56898,Graduate
85631.58352,Graduate
94036.01875,Graduate
81300.91466,Graduate
58498.11944,Graduate
125250.3224,Graduate
51234.72069,Graduate
85251.57108,Graduate
47671.83936,Graduate
81361.59157,Graduate
106437.1394,Graduate
95692.73252,Graduate
69956.24342,Graduate
80360.49664,Graduate
135217.8662,Graduate
76654.94657,Graduate
61898.76782,Graduate
68570.15215,Graduate
109812.8287,Graduate
105553.7452,Graduate
85013.62954,Graduate
93280.19008,Graduate
90775.30994,Graduate
85846.79483,Graduate
78277.24608,Graduate
29768.04966,Graduate
93272.34346,Graduate
95076.59503,Graduate
64222.58156,Graduate
101348.2313,Graduate
88635.23656,Graduate
86766.96005,Graduate
96475.01114,Graduate
65384.09455,Graduate
81319.20067,Graduate
96844.83061,Graduate
94880.7221,Graduate
82608.12357,Graduate
91923.98411,Graduate
95639.61295,Graduate
124949.6053,Graduate
84580.75712,Graduate
69238.34456,Graduate
74931.12814,Graduate
115496.3433,Graduate
109896.5791,Graduate
99684.67892,Graduate
85117.92522,Graduate
76461.15213,Graduate
61409.04072,Graduate
67608.9558,Graduate
70131.72323,Graduate
108183.8258,Graduate
73842.53331,Graduate
84203.0111,Graduate
12359.52338,Graduate
87928.90228,Graduate
67722.84118,Graduate
39619.77472,Graduate
92536.95811,Graduate
110990.3387,Graduate
107614.2496,Graduate
99468.90205,Graduate
68503.96892,Graduate
94351.4474,Graduate
71281.62323,Graduate
72073.1226,Graduate
51338.439,Graduate
107035.5673,Graduate
63235.26915,Graduate
97607.5859,Graduate
114757.4184,Graduate
98959.33091,Graduate
68346.88054,Graduate
60406.9415,Graduate
59908.88621,Graduate
106563.5138,Graduate
98882.87834,Graduate
62350.53527,Graduate
85549.52657,Graduate
73303.53992,Graduate
75025.59883,Graduate
86713.76662,Graduate
76865.88021,Graduate
91719.04039,Graduate
77299.16663,Graduate
42127.53015,Graduate
74464.62605,Graduate
63967.188,Graduate
81471.38903,Graduate
70914.88244,Graduate
99468.32311,Graduate
73323.1479,Graduate
133592.1038,Graduate
70199.75562,Graduate
93398.65202,Graduate
93643.00557,Graduate
70798.65516,Graduate
82341.30266,Graduate
112785.6914,Graduate
109964.3966,Graduate
65887.94888,Graduate
104741.3444,Graduate
80230.39907,Graduate
87390.9879,Graduate
53270.07399,Graduate
92556.18759,Graduate
90619.16168,Graduate
76392.53528,Graduate
49923.69174,Graduate
118381.7852,Graduate
135510.0625,Graduate
87411.58033,Graduate
72517.49234,Graduate
71004.39818,Graduate
120494.4603,Graduate
49287.43476,Graduate
69175.79148,Graduate
96211.13285,Graduate
83372.65149,Graduate
89113.25143,Graduate
116720.0951,Graduate
68006.30438,Graduate
45959.28164,Graduate
111068.5018,Graduate
82526.57956,Graduate
78465.80701,Graduate
106163.457,Graduate
70884.84791,Graduate
22802.4621,Graduate
49329.05193,Graduate
66033.61207,Graduate
108847.3927,Graduate
95995.67391,Graduate
93679.24703,Graduate
68848.29751,Graduate
104072.9551,Graduate
98387.33599,Graduate
109071.648,Graduate
82308.66186,Graduate
114253.5172,Graduate
95305.38809,Graduate
102927.1276,Graduate
124500.8673,Graduate
96287.25038,Graduate
77700.6058,Graduate
90352.25385,Graduate
107136.7523,Graduate
97077.03821,Graduate
83106.93213,Graduate
89736.76352,Graduate
80561.00091,Graduate
66620.56538,Graduate
62784.71906,Graduate
91035.07875,Graduate
107062.7242,Graduate
82500.39629,Graduate
64380.77982,Graduate
50223.52528,Graduate
98822.12305,Graduate
83671.4274,Graduate
68070.34844,Graduate
114574.8334,Graduate
98562.89832,Graduate
98580.32012,Graduate
96148.25248,Graduate
67850.38336,Graduate
73271.66793,Graduate
90248.83084,Graduate
78249.79173,Graduate
84150.43644,Graduate
85526.73128,Graduate
48559.33748,Graduate
65835.08937,Graduate
73099.27011,Graduate
75351.64393,Graduate
92697.56041,Graduate
121857.9415,Graduate
116145.125,Graduate
89881.94809,Graduate
76787.36205,Graduate
112311.2214,Graduate
88493.36655,Graduate
86192.11601,Graduate
107230.5467,Graduate
61788.17533,Graduate
117709.9599,Graduate
80499.80874,Graduate
106518.3606,Graduate
108227.1443,Graduate
116215.9727,Graduate
23305.74943,Graduate
56062.96808,Graduate
98081.56161,Graduate
85400.8945,Graduate
101927.4332,Graduate
116743.9622,Graduate
59754.88284,Graduate
89536.23361,Graduate
61905.65779,Graduate
79240.13193,Graduate
109639.3075,Graduate
65392.13309,Graduate
83739.87591,Graduate
109706.3763,Graduate
63608.2282,Graduate
94233.13027,Graduate
74946.79425,Graduate
58915.70648,Graduate
84701.27228,Graduate
74795.10077,Graduate
57861.06211,Graduate
123120.9916,Graduate
70836.15619,Graduate
104093.6266,Graduate
129642.7333,Graduate
101639.8427,Graduate
70090.05069,Graduate
81273.0162,Graduate
73915.99332,Graduate
100319.4908,Graduate
70647.54808,Graduate
84550.40253,Graduate
107920.2578,Graduate
116428.6244,Graduate
104525.6921,Graduate
77509.78598,Graduate
111578.7426,Graduate
135157.602,Graduate
109059.1588,Graduate
84998.48026,Graduate
50153.86686,Graduate
63556.80376,Graduate
73770.34863,Graduate
75492.72178,Graduate
83988.96957,Graduate
96541.19632,Graduate
85090.35667,Graduate
100183.1038,Graduate
94156.7657,Graduate
114863.4679,Graduate
86482.53141,Graduate
75898.04582,Graduate
72392.27784,Graduate
106111.0496,Graduate
58094.11489,Graduate
76876.02268,Graduate
126509.401,Graduate
66860.34327,Graduate
73775.576,Graduate
59777.45016,Graduate
84002.76433,Graduate
61586.93973,Graduate
117028.8802,Graduate
53476.48415,Graduate
18164.27782,Graduate
83222.04288,Graduate
98860.85635,Graduate
68721.7218,Graduate
62115.67773,Graduate
113888.7097,Graduate
98459.651,Graduate
60019.22872,Graduate
82526.94873,Graduate
93107.38285,Graduate
98719.08309,Graduate
96920.76346,Graduate
73231.89387,Graduate
122256.8646,Graduate
102458.3027,Graduate
110342.5713,Graduate
81965.79778,Graduate
96332.36137,Graduate
110007.7889,Graduate
84900.6631,Graduate
109317.8051,Graduate
80268.5109,Graduate
86851.89243,Graduate
107823.7933,Graduate
102383.4353,Graduate
124724.9679,Graduate
94861.11332,Graduate
81084.87904,Graduate
72591.40074,Graduate
85963.05844,Graduate
103299.2618,Graduate
111566.0521,Graduate
86163.85724,Graduate
70082.97232,Graduate
44801.17893,Graduate
83848.3744,Graduate
86107.62428,Graduate
98850.86682,Graduate
110817.4212,Graduate
52089.29275,Graduate
94945.0496,Graduate
58179.51867,Graduate
62934.24937,Graduate
77658.61779,Graduate
73954.15799,Graduate
72818.45835,Graduate
51698.34481,Graduate
91844.84482,Graduate
102505.5835,Graduate
71630.76478,Graduate
101828.1434,Graduate
82364.60948,Graduate
52423.73667,Graduate
92779.44526,Graduate
108292.0773,Graduate
81321.96233,Graduate
78354.0463,Graduate
80809.83522,Graduate
108802.7058,Graduate
83145.72095,Graduate
82906.31634,Graduate
86813.12991,Graduate
47527.42736,Graduate
79613.34259,Graduate
86575.14262,Graduate
71920.90959,Graduate
103070.0886,Graduate
94707.8529,Graduate
88934.95611,Graduate
84426.42696,Graduate
87387.65204,Graduate
70453.10606,Graduate
54577.65595,Graduate
52293.88615,Graduate
104563.5787,Graduate
59098.11566,Graduate
76321.35197,Graduate
87717.7099,Graduate
85060.3823,Graduate
100721.4288,Graduate
99642.15178,Graduate
115559.4863,Graduate
77338.36832,Graduate
80610.44245,Graduate
86325.13715,Graduate
94218.93378,Graduate
78878.61753,Graduate
63092.92358,Graduate
83020.23663,Graduate
71936.92171,Graduate
68384.44341,Graduate
114065.4264,Graduate
83150.44056,Graduate
102199.0553,Graduate
99347.43134,Graduate
76562.38304,Graduate
82547.21878,Graduate
126462.804,Graduate
133411.2294,Graduate
76826.96116,Graduate
85014.97734,Graduate
72866.50627,Graduate
86034.85677,Graduate
118891.3135,Graduate
99723.97652,Graduate
104979.5317,Graduate
104093.3163,Graduate
102033.7307,Graduate
120813.8407,Graduate
88019.12496,Graduate
93458.80881,Graduate
89270.80521,Graduate
63048.79872,Graduate
90644.88177,Graduate
46272.12925,Graduate
100484.0841,Graduate
64202.62509,Graduate
92826.40059,Graduate
75417.92649,Graduate
83354.66333,Graduate
96754.77103,Graduate
60925.10302,Graduate
64814.07593,Graduate
67955.19819,Graduate
78546.80572,Graduate
117319.9416,Graduate
86759.06527,Graduate
83959.06864,Graduate
61282.91242,Graduate
81755.45844,Graduate
72458.47146,Graduate
85460.25953,Graduate
96997.71213,Graduate
54079.15322,Graduate
42423.4301,Graduate
82970.43632,Graduate
70124.27545,Graduate
79616.13391,Graduate
71503.89195,Graduate
71885.68545,Graduate
99922.26542,Graduate
90591.38857,Graduate
59974.80061,Graduate
99232.96316,Graduate
75946.27809,Graduate
58103.3879,Graduate
96160.28548,Graduate
66427.07684,Graduate
87283.94505,Graduate
93532.33331,Graduate
122011.2486,Graduate
111204.3645,Graduate
99150.5591,Graduate
86864.65721,Graduate
90314.34035,Graduate
92962.23757,Graduate
46874.81715,Graduate
75193.31271,Graduate
74818.9824,Graduate
86363.1336,Graduate
97074.23712,Graduate
65206.90118,Graduate
62217.0578,Graduate
51766.67114,Graduate
55822.55957,Graduate
132938.2748,Graduate
61486.50283,Graduate
68711.84191,Graduate
75623.09566,Graduate
122259.559,Graduate
96701.87036,Graduate
80475.36768,Graduate
79676.85606,Graduate
63437.72508,Graduate
81683.10486,Graduate
59873.24637,Graduate
65049.24118,Graduate
99763.15392,Graduate
73229.13,Graduate
68773.15911,Graduate
78529.14913,Graduate
54972.81112,Graduate
70916.36631,Graduate
77323.48618,Graduate
80094.35897,Graduate
98440.46437,Graduate
101026.8694,Graduate
60036.38212,Graduate
33731.66573,Graduate
81333.22077,Graduate
75969.48758,Graduate
89495.49047,Graduate
71518.86146,Graduate
103696.7644,Graduate
95678.78468,Graduate
95819.8251,Graduate
40310.05992,Graduate
86876.73916,Graduate
70136.27909,Graduate
99141.68445,Graduate
109974.8514,Graduate
69723.96444,Graduate
89068.30364,Graduate
62445.85911,Graduate
79062.71029,Graduate
114085.5164,Graduate
71516.04121,Graduate
85634.3236,Graduate
69793.37892,Graduate
72509.42023,Graduate
105312.4224,Graduate
42798.4487,Graduate
90565.19029,Graduate
111224.2437,Graduate
104786.9182,Graduate
92860.70825,Graduate
82402.36214,Graduate
104177.2424,Graduate
88782.74592,Graduate
67860.47642,Graduate
86032.71439,Graduate
91638.81486,Graduate
64851.20621,Graduate
84356.82836,Graduate
103499.3815,Graduate
102807.1858,Graduate
111101.905,Graduate
76289.84031,Graduate
92578.17831,Graduate
83513.24156,Graduate
91721.12568,Graduate
83538.43586,Graduate
76598.28252,Graduate
108049.5679,Graduate
81787.72736,Graduate
105962.9035,Graduate
55779.76067,Graduate
53608.37237,Graduate
75927.64655,Graduate
112787.4595,Graduate
89593.87653,Graduate
71055.81343,Graduate
86240.3006,Graduate
57967.6332,Graduate
63975.71447,Graduate
86646.04005,Graduate
54976.49757,Graduate
121976.4342,Graduate
77166.50671,Graduate
98064.30677,Graduate
71749.81061,Graduate
91614.80218,Graduate
115967.322,Graduate
74903.87019,Graduate
122711.2334,Graduate
81405.41604,Graduate
86753.73377,Graduate
53500.92057,Graduate
100954.0431,Graduate
85216.45867,Graduate
98665.9826,Graduate
87493.73378,Graduate
93033.05853,Graduate
65033.3398,Graduate
63698.51019,Graduate
90360.18108,Graduate
76570.42055,Graduate
60114.94928,Graduate
64133.53586,Graduate
98360.82859,Graduate
37827.77294,Graduate
100766.4905,Graduate
97879.87832,Graduate
106148.6745,Graduate
88408.45229,Graduate
126358.0598,Graduate
66888.47596,Graduate
85332.78831,Graduate
92269.60403,Graduate
99504.25414,Graduate
91755.52051,Graduate
106912.9783,Graduate
60008.40323,Graduate
84748.28617,Graduate
106299.286,Graduate
52813.85831,Graduate
75603.39479,Graduate
75164.72465,Graduate
85276.32502,Graduate
16915.00623,Graduate
93339.10698,Graduate
104148.8691,Graduate
84948.97484,Graduate
111966.7169,Graduate
56650.03246,Graduate
81018.92563,Graduate
67242.22462,Graduate
76015.37036,Graduate
59110.3872,Graduate
66588.30795,Graduate
66181.10082,Graduate
52713.29034,Graduate
77946.55918,Graduate
96217.03332,Graduate
62120.10639,Graduate
119814.8645,Graduate
88821.65615,Graduate
67422.27752,Graduate
123155.4051,Graduate
40071.31152,Graduate
64466.3945,Graduate
76294.11218,Graduate
81423.71393,Graduate
81744.33189,Graduate
100868.5497,Graduate
72365.33348,Graduate
107239.6377,Graduate
50398.18467,Graduate
96618.0571,Graduate
92468.20284,Graduate
72118.37475,Graduate
114170.7746,Graduate
77136.40914,Graduate
97832.73509,Graduate
76177.45682,Graduate
134767.8332,Graduate
73862.93204,Graduate
66663.12578,Graduate
54335.82407,Graduate
53627.34595,Graduate
85612.82408,Graduate
104436.8762,Graduate
121544.5461,Graduate
73722.73435,Graduate
98635.04931,Graduate
116862.2206,Graduate
53390.238,Graduate
110961.5819,Graduate
102237.0934,Graduate
80793.60296,Graduate
44450.67437,Graduate
75833.88376,Graduate
79666.82493,Graduate
76372.03993,Graduate
85835.01359,Graduate
107770.4354,Graduate
95529.89887,Graduate
72388.56758,Graduate
119853.2883,Graduate
100930.1427,Graduate
122312.7863,Graduate
68605.45405,Graduate
113740.4936,Graduate
76943.80351,Graduate
72868.43363,Graduate
130687.1071,Graduate
77387.5089,Graduate
107571.8268,Graduate
133826.4061,Graduate
37360.69117,Graduate
109099.5611,Graduate
59182.08568,Graduate
100897.2711,Graduate
80778.28489,Graduate
72828.51079,Graduate
101660.1508,Graduate
95041.05738,Graduate
101839.9729,Graduate
51086.26819,Graduate
72788.87008,Graduate
90174.46009,Graduate
43987.46816,Graduate
85669.88241,Graduate
77495.3338,Graduate
84966.48613,Graduate
72828.35274,Graduate
78567.39936,Graduate
105453.956,Graduate
85393.71058,Graduate
91555.26022,Graduate
68209.06232,Graduate
70561.87608,Graduate
118694.2106,Graduate
96357.9171,Graduate
91869.14234,Graduate
127871.3599,Graduate
58060.57778,Graduate
90430.97923,Graduate
126686.1798,Graduate
61967.90781,Graduate
58119.61285,Graduate
111639.4177,Graduate
61504.19549,Graduate
79778.87359,Graduate
95090.9088,Graduate
53033.25958,Graduate
83601.72562,Graduate
114342.5876,Graduate
60476.90009,Graduate
38052.51319,Graduate
114456.068,Graduate
93677.48816,Graduate
76526.4559,Graduate
103996.6654,Graduate
114172.9103,Graduate
86887.70448,Graduate
92717.82633,Graduate
102561.2008,Graduate
54114.43973,Graduate
95995.16575,Graduate
87178.87724,Graduate
97925.98761,Graduate
77992.90416,Graduate
108725.0796,Graduate
103281.0147,Graduate
100366.5723,Graduate
88709.23005,Graduate
54074.92549,Graduate
103454.1776,Graduate
50500.1343,Graduate
52833.30624,Graduate
70837.84152,Graduate
86750.76248,Graduate
116250.5124,Graduate
40934.85755,Graduate
102319.5442,Graduate
80326.46327,Graduate
88089.77829,Graduate
57325.91792,Graduate
85620.43174,Graduate
85070.03344,Graduate
49249.60461,Graduate
88673.2958,Graduate
101975.5671,Graduate
76398.23746,Graduate
86121.07647,Graduate
100365.6394,Graduate
89996.73278,Graduate
108765.9303,Graduate
75509.05371,Graduate
86352.58554,Graduate
79259.34439,Graduate
69647.88292,Graduate
84040.67436,Graduate
103383.17,Graduate
55412.46082,Graduate
30313.0002,Graduate
105920.0051,Graduate
61795.16315,Graduate
49782.65257,Graduate
100580.2192,Graduate
67227.10198,Graduate
86547.41561,Graduate
119799.8224,Graduate
61781.15861,Graduate
29068.65154,Graduate
105054.1877,Graduate
103959.4031,Graduate
48356.03025,Graduate
60414.48882,Graduate
104137.0194,Graduate
68636.02002,Graduate
101531.2192,Graduate
70075.8196,Graduate
106713.4096,Graduate
43599.62793,Graduate
75634.6986,Graduate
82068.8037,Graduate
79916.54494,Graduate
71588.02668,Graduate
95762.00894,Graduate
82836.30098,Graduate
67914.8624,Graduate
52638.6607,Graduate
110551.0984,Graduate
123098.4878,Graduate
53303.71297,Graduate
102242.9445,Graduate
64113.22998,Graduate
98959.39045,Graduate
80262.89385,Graduate
115461.9557,Graduate
57839.00846,Graduate
75424.20253,Graduate
71649.36338,Graduate
75060.07405,Graduate
70260.23979,Graduate
103527.0877,Graduate
111758.1441,Graduate
101313.9067,Graduate
93285.34778,Graduate
42661.06125,Graduate
96784.27616,Graduate
52370.35121,Graduate
85738.57829,Graduate
106449.2813,Graduate
123559.9616,Graduate
126254.4911,Graduate
40598.50815,Graduate
78730.85672,Graduate
49247.70823,Graduate
107788.7394,Graduate
62759.39422,Graduate
89209.14103,Graduate
56506.65857,Graduate
133287.9443,Graduate
50570.96549,Graduate
74603.1404,Graduate
101730.949,Graduate
84822.73415,Graduate
50712.14914,Graduate
76117.19664,Graduate
89386.1968,Graduate
94783.74601,Graduate
70358.29426,Graduate
100747.2888,Graduate
81202.82961,Graduate
122447.5887,Graduate
67078.3851,Graduate
74155.56186,Graduate
92756.68015,Graduate
99027.86542,Graduate
111999.8912,Graduate
51215.7563,Graduate
87930.69614,Graduate
51644.66356,Graduate
97208.51791,Graduate
110445.014,Graduate
70042.09516,Graduate
86649.11201,Graduate
112922.0121,Graduate
94515.57108,Graduate
109777.5318,Graduate
104238.7963,Graduate
86034.4735,Graduate
75714.45371,Graduate
52089.99357,Graduate
87187.2086,Graduate
98932.85139,Graduate
109890.5573,Graduate
81001.6751,Graduate
72858.12782,Graduate
82135.0582,Graduate
69663.10783,Graduate
98525.17802,Graduate
61443.55192,Graduate
70582.70543,Graduate
88562.45526,Graduate
89016.6583,Graduate
71082.40292,Graduate
103133.9126,Graduate
90350.53732,Graduate
101378.7712,Graduate
99600.61455,Graduate
81015.83233,Graduate
86843.09336,Graduate
56620.19321,Graduate
78863.95363,Graduate
79353.14056,Graduate
98293.72564,Graduate
105478.6222,Graduate
47442.54809,Graduate
101236.3376,Graduate
66357.81206,Graduate
97535.88121,Graduate
120110.8145,Graduate
99910.4523,Graduate
54977.16424,Graduate
112910.1619,Graduate
88208.14331,Graduate
69960.59166,Graduate
79182.69014,Graduate
90995.68242,Graduate
62422.84005,Graduate
53965.30753,Graduate
121689.9104,Graduate
83766.53539,Graduate
95267.85796,Graduate
67956.21078,Graduate
104928.3026,Graduate
91894.64342,Graduate
88256.94581,Graduate
73165.18341,Graduate
93981.6411,Graduate
82831.12855,Graduate
51073.66207,Graduate
50413.86965,Graduate
80035.13174,Graduate
70234.5877,Graduate
86095.08149,Graduate
167067.9657,Graduate
85258.81609,Graduate
91627.35205,Graduate
78862.7963,Graduate
69334.27935,Graduate
65837.57713,Graduate
100147.2002,Graduate
69854.19397,Graduate
88161.09436,Graduate
72708.94504,Graduate
114048.5768,Graduate
49990.32972,Graduate
81854.34072,Graduate
59798.7542,Graduate
84022.0263,Graduate
100117.3439,Graduate
78336.80546,Graduate
48560.07324,Graduate
79186.72602,Graduate
108269.0828,Graduate
89016.65069,Graduate
39034.99632,Graduate
109170.3744,Graduate
109044.9911,Graduate
70979.06549,Graduate
82399.30298,Graduate
92802.08426,Graduate
100344.4598,Graduate
68655.26628,Graduate
49745.62047,Graduate
84300.86054,Graduate
89433.051,Graduate
102079.6207,Graduate
64605.68525,Graduate
110918.1259,Graduate
133944.9573,Graduate
74957.88914,Graduate
69316.28018,Graduate
57581.37462,Graduate
46786.13206,Graduate
107133.417,Graduate
65750.00427,Graduate
76082.99577,Graduate
89331.30811,Graduate
106732.4435,Graduate
59055.90532,Graduate
72739.11598,Graduate
84253.51417,Graduate
89668.78753,Graduate
88920.39958,Graduate
73606.16204,Graduate
105103.1185,Graduate
70197.39654,Graduate
50441.70256,Graduate
106458.2024,Graduate
47655.18613,Graduate
65221.96445,Graduate
86450.4481,Graduate
43113.86665,Graduate
76052.90152,Graduate
112249.1389,Graduate
83496.36248,Graduate
95768.05906,Graduate
93994.87531,Graduate
78938.46212,Graduate
131073.7382,Graduate
92598.24606,Graduate
104053.1195,Graduate
127560.371,Graduate
71984.40588,Graduate
91808.33057,Graduate
53822.47814,Graduate
65386.59206,Graduate
71583.00859,Graduate
102268.4471,Graduate
40349.42246,Graduate
48701.68089,Graduate
94274.34954,Graduate
70404.90687,Graduate
93612.83921,Graduate
84129.3443,Graduate
101285.54,Graduate
80821.98157,Graduate
56289.4243,Graduate
84056.288,Graduate
95995.08685,Graduate
63336.06608,Graduate
106717.5447,Graduate
55505.69253,Graduate
97087.47201,Graduate
119764.6243,Graduate
115337.1182,Graduate
109218.4255,Graduate
67830.43527,Graduate
80932.43645,Graduate
58332.07343,Graduate
115157.7254,Graduate
99255.21903,Graduate
103519.2522,Graduate
80700.10573,Graduate
61115.47929,Graduate
77921.51879,Graduate
88053.57788,Graduate
78707.83571,Graduate
119375.0625,Graduate
87127.20944,Graduate
52191.98497,Graduate
90943.01301,Graduate
39268.35586,Graduate
84352.43585,Graduate
122518.0725,Graduate
65000.54562,Graduate
41863.21434,Graduate
102482.9412,Graduate
79341.92102,Graduate
71517.28533,Graduate
116659.6559,Graduate
39428.88247,Graduate
130890.9375,Graduate
92674.362,Graduate
120993.1847,Graduate
30234.20181,Graduate
92323.25365,Graduate
61814.37306,Graduate
81547.99471,Graduate
93034.7439,Graduate
92052.96858,Graduate
97331.29451,Graduate
93203.2149,Graduate
77489.29573,Graduate
74746.59964,Graduate
65266.53289,Graduate
76056.32895,Graduate
90924.37967,Graduate
98258.28706,Graduate
93943.40901,Graduate
79019.38956,Graduate
51843.61615,Graduate
73272.19694,Graduate
48417.36243,Graduate
106603.2321,Graduate
84668.55442,Graduate
27831.76507,Graduate
99480.61207,Graduate
77290.6196,Graduate
112651.6076,Graduate
110066.015,Graduate
66190.7757,Graduate
89485.80894,Graduate
85083.99926,Graduate
70033.13277,Graduate
101341.651,Graduate
75822.9939,Graduate
88426.96156,Graduate
77198.25788,Graduate
82784.70577,Graduate
102549.8665,Graduate
78493.2043,Graduate
90205.47998,Graduate
113975.4692,Graduate
104568.6385,Graduate
96142.01251,Graduate
97618.5826,Graduate
47286.42512,Graduate
87528.02688,Graduate
57163.11869,Graduate
110133.8393,Graduate
36609.17358,Graduate
105432.7901,Graduate
87960.20333,Graduate
81258.39662,Graduate
30150.22164,Graduate
111540.3421,Graduate
73584.92782,Graduate
118294.8693,Graduate
86157.17213,Graduate
94765.86167,Graduate
78460.49434,Graduate
103521.3828,Graduate
100789.5977,Graduate
59873.95309,Graduate
112377.0562,Graduate
112891.6067,Graduate
62816.74245,Graduate
113959.6462,Graduate
117174.4215,Graduate
72846.40938,Graduate
75662.08693,Graduate
81603.22554,Graduate
72981.47938,Graduate
93686.2793,Graduate
79433.72518,Graduate
108405.3393,Graduate
83052.47539,Graduate
59938.73909,Graduate
86962.44086,Graduate
76532.32614,Graduate
82476.3246,Graduate
81328.89881,Graduate
92058.23651,Graduate
68550.99488,Graduate
79936.36171,Graduate
68187.58749,Graduate
63422.71838,Graduate
125370.7847,Graduate
32816.21965,Graduate
85650.64926,Graduate
49536.51368,Graduate
88390.89294,Graduate
79757.12735,Graduate
28018.40752,Graduate
111275.0761,Graduate
74994.14526,Graduate
65514.24455,Graduate
91194.4499,Graduate
74958.27729,Graduate
89437.63124,Graduate
92250.92903,Graduate
106803.4941,Graduate
78200.27926,Graduate
83406.16655,Graduate
116110.6209,Graduate
84223.98993,Graduate
67638.9873,Graduate
87244.40755,Graduate
91469.58465,Graduate
73445.28767,Graduate
117474.3197,Graduate
64295.119,Graduate
89557.42634,Graduate
106821.978,Graduate
96613.28784,Graduate
92760.05287,Graduate
98412.71324,Graduate
67760.51735,Graduate
71742.03567,Graduate
60126.11279,Graduate
101723.7487,Graduate
79163.6625,Graduate
55518.50373,Graduate
75856.52195,Graduate
86533.51635,Graduate
86494.60002,Graduate
91607.89193,Graduate
83652.90185,Graduate
65137.18439,Graduate
89595.42211,Graduate
73232.48209,Graduate
91198.2212,Graduate
74995.36923,Graduate
95470.26926,Graduate
95927.35221,Graduate
77147.11939,Graduate
67268.72887,Graduate
77990.84165,Graduate
77916.85431,Graduate
101374.2702,Graduate
68116.91291,Graduate
85737.13348,Graduate
79834.93385,Graduate
56327.6597,Graduate
83192.38928,Graduate
134715.0667,Graduate
77571.52314,Graduate
63812.58029,Graduate
75370.16721,Graduate
70630.39208,Graduate
64826.84627,Graduate
65880.66981,Graduate
70498.85269,Graduate
63118.98226,Graduate
95151.47147,Graduate
107041.309,Graduate
92291.72063,Graduate
103013.3714,Graduate
49963.90534,Graduate
88085.68441,Graduate
102241.8681,Graduate
95064.36334,Graduate
126996.1707,Graduate
100019.6363,Graduate
79780.90873,Graduate
101094.1527,Graduate
119520.8919,Graduate
88180.89163,Graduate
58392.47116,Graduate
81297.44843,Graduate
69702.84582,Graduate
79671.37801,Graduate
125091.6232,Graduate
103308.0613,Graduate
134661.4454,Graduate
79003.03921,Graduate
125658.7751,Graduate
119838.3622,Graduate
88209.90876,Graduate
97008.86278,Graduate
115150.0663,Graduate
80219.98758,Graduate
52614.61585,Graduate
67590.72855,Graduate
95130.79728,Graduate
98251.67661,Graduate
89598.81197,Graduate
67215.41737,Graduate
41351.48166,Graduate
77458.18168,Graduate
99932.93736,Graduate
72167.79288,Graduate
57859.85798,Graduate
69415.35158,Graduate
123149.3558,Graduate
63953.59574,Graduate
87165.38092,Graduate
128080.5386,Graduate
102989.9304,Graduate
85007.80936,Graduate
69395.25811,Graduate
87361.24683,Graduate
66153.47092,Graduate
105702.4454,Graduate
145974.5892,Graduate
105439.7737,Graduate
89583.18251,Graduate
95237.23545,Graduate
39177.25025,Graduate
101621.0108,Graduate
74534.91248,Graduate
67006.07669,Graduate
92760.32209,Graduate
71665.76403,Graduate
97171.89222,Graduate
44005.8878,Graduate
126115.7616,Graduate
87742.87741,Graduate
82602.98025,Graduate
105805.1833,Graduate
90543.98647,Graduate
47909.61298,Graduate
30809.17291,Graduate
116064.688,Graduate
96515.06587,Graduate
93970.12041,Graduate
83443.63735,Graduate
89933.66307,Graduate
73703.12973,Graduate
55795.30156,Graduate
77362.84712,Graduate
88863.50204,Graduate
53747.00819,Graduate
77356.86019,Graduate
81462.69389,Graduate
59674.44448,Graduate
61350.24116,Graduate
165520.6894,Graduate
39096.36893,Graduate
101223.44,Graduate
71759.15233,Graduate
96402.65321,Graduate
75372.35587,Graduate
69367.45449,Graduate
123980.9921,Graduate
117215.505,Graduate
87273.88712,Graduate
78932.65836,Graduate
108920.4446,Graduate
148573.3105,Graduate
100363.8453,Graduate
71962.55159,Graduate
81624.64024,Graduate
42924.52252,Graduate
107448.2064,Graduate
89366.74811,Graduate
54715.16766,Graduate
66445.67576,Graduate
98125.73964,Graduate
80623.14089,Graduate
78130.68474,Graduate
69369.4002,Graduate
113876.0404,Graduate
100675.6078,Graduate
55529.54861,Graduate
75028.21449,Graduate
54629.80089,Graduate
109471.818,Graduate
113652.9134,Graduate
55892.28356,Graduate
70923.02719,Graduate
90573.72171,Graduate
88360.13579,Graduate
65547.83791,Graduate
79577.90036,Graduate
79541.16558,Graduate
89836.34018,Graduate
81699.8682,Graduate
95833.66532,Graduate
93197.86992,Graduate
84845.99369,Graduate
79599.46094,Graduate
91886.63245,Graduate
86026.60193,Graduate
131582.584,Graduate
98790.61273,Graduate
87025.48986,Graduate
55578.99675,Graduate
101628.8833,Graduate
112832.6812,Graduate
58307.80207,Graduate
94059.85353,Graduate
114024.4912,Graduate
94189.75692,Graduate
78886.60298,Graduate
62762.71384,Graduate
109657.34,Graduate
83849.41093,Graduate
90531.55319,Graduate
67424.30268,Graduate
92878.52579,Graduate
77056.63118,Graduate
73939.36611,Graduate
115245.2654,Graduate
76008.31965,Graduate
93460.61425,Graduate
86697.23837,Graduate
111186.9844,Graduate
72328.86809,Graduate
70495.44834,Graduate
123029.5745,Graduate
60882.65028,Graduate
87970.98778,Graduate
66374.88569,Graduate
87682.1315,Graduate
78319.6728,Graduate
46631.73982,Graduate
101583.0835,Graduate
95366.02438,Graduate
98137.24491,Graduate
5505.658546,Graduate
70179.91242,Graduate
108156.0969,Graduate
95830.75407,Graduate
58304.84903,Graduate
59949.00872,Graduate
97367.28504,Graduate
73508.95487,Graduate
74847.75322,Graduate
59887.2109,Graduate
80852.12841,Graduate
60315.33174,Graduate
69844.16273,Graduate
101877.6229,Graduate
63476.46421,Graduate
81843.7788,Graduate
62786.41976,Graduate
104015.193,Graduate
67499.70287,Graduate
103204.3982,Graduate
37563.19278,Graduate
96344.53889,Graduate
103992.4847,Graduate
53178.15777,Graduate
100265.0436,Graduate
96409.18523,Graduate
106572.0136,Graduate
85212.56692,Graduate
83331.53173,Graduate
59431.8077,Graduate
105113.5891,Graduate
83055.18542,Graduate
84085.53463,Graduate
100331.9319,Graduate
103309.8399,Graduate
102742.4175,Graduate
56132.14612,Graduate
63468.11611,Graduate
104857.5088,Graduate
90990.15659,Graduate
84019.07475,Graduate
55155.60423,Graduate
107588.3234,Graduate
69593.64874,Graduate
91879.21778,Graduate
105961.1316,Graduate
76198.35921,Graduate
116791.7749,Graduate
66017.22125,Graduate
60428.19662,Graduate
86873.56876,Graduate
92407.24467,Graduate
72573.64309,Graduate
92753.99233,Graduate
72059.66008,Graduate
55470.38871,Graduate
93924.35338,Graduate
72628.5112,Graduate
92512.59605,Graduate
51104.08062,Graduate
95996.02994,Graduate
75850.53117,Graduate
57862.73949,Graduate
78337.93209,Graduate
89449.57923,Graduate
156006.8035,Graduate
64689.91996,Graduate
75319.85725,Graduate
64052.28105,Graduate
66046.6268,Graduate
79940.28654,Graduate
104021.606,Graduate
70866.80702,Graduate
81401.45989,Graduate
60281.48263,Graduate
96989.14877,Graduate
79160.40833,Graduate
88133.73037,Graduate
87154.13108,Graduate
102549.0243,Graduate
39052.63741,Graduate
98008.48258,Graduate
74428.29264,Graduate
71378.71416,Graduate
119058.604,Graduate
98396.89522,Graduate
91438.48769,Graduate
121082.122,Graduate
79012.15422,Graduate
60222.37179,Graduate
37904.29557,Graduate
98757.4746,Graduate
38743.63244,Graduate
107485.1632,Graduate
102153.919,Graduate
60074.44579,Graduate
68492.31581,Graduate
100757.2052,Graduate
42339.60805,Graduate
71278.20394,Graduate
88356.96383,Graduate
51621.68218,Graduate
62617.79145,Graduate
46474.63457,Graduate
95938.80242,Graduate
66327.02938,Graduate
71843.56182,Graduate
79850.17576,Graduate
69953.00978,Graduate
59957.54242,Graduate
69312.92317,Graduate
71777.78208,Graduate
105094.2643,Graduate
74363.3653,Graduate
99221.12908,Graduate
101496.1794,Graduate
90158.32625,Graduate
118705.051,Graduate
117562.5933,Graduate
102051.2322,Graduate
82714.84531,Graduate
86143.55539,Graduate
90091.46837,Graduate
52997.91976,Graduate
81234.90839,Graduate
94307.30663,Graduate
112543.4902,Graduate
95491.86895,Graduate
53451.95822,Graduate
107913.2371,Graduate
90695.03164,Graduate
54581.92571,Graduate
106985.8524,Graduate
93757.28695,Graduate
96875.26472,Graduate
62795.26088,Graduate
58083.60483,Graduate
110849.724,Graduate
83225.80741,Graduate
46916.42567,Graduate
100917.1614,Graduate
31820.19156,Graduate
96249.18531,Graduate
67176.15081,Graduate
96688.47263,Graduate
102655.176,Graduate
77135.15823,Graduate
121285.5087,Graduate
97109.74499,Graduate
97540.45742,Graduate
101621.6743,Graduate
71424.92261,Graduate
140994.3318,Graduate
81746.472,Graduate
88574.33351,Graduate
87272.9977,Graduate
108772.0945,Graduate
114459.3688,Graduate
118477.8829,Graduate
89715.52507,Graduate
90092.34661,Graduate
84645.55283,Graduate
87289.92759,Graduate
83211.42707,Graduate
69745.26364,Graduate
111897.7139,Graduate
83341.96724,Graduate
59187.21677,Graduate
128470.942,Graduate
102705.5663,Graduate
115411.6746,Graduate
81474.19652,Graduate
38189.05256,Graduate
42961.55239,Graduate
88692.42921,Graduate
83365.78887,Graduate
38854.3659,Graduate
75726.27555,Graduate
71181.96022,Graduate
68637.28268,Graduate
79350.23435,Graduate
69698.34683,Graduate
101028.9561,Graduate
110766.292,Graduate
119117.1889,Graduate
42806.866,Graduate
79454.24435,Graduate
121999.9426,Graduate
104097.9592,Graduate
97056.48539,Graduate
75553.04954,Graduate
89053.33928,Graduate
83491.10306,Graduate
56432.11305,Graduate
97019.28955,Graduate
84594.5374,Graduate
89373.54834,Graduate
100787.2497,Graduate
100163.7833,Graduate
67589.72105,Graduate
106251.9316,Graduate
102817.4305,Graduate
70972.49921,Graduate
88556.31051,Graduate
100351.0899,Graduate
96167.96938,Graduate
115023.724,Graduate
79956.12143,Graduate
64552.82527,Graduate
53358.85716,Graduate
60211.35799,Graduate
92224.15997,Graduate
30014.66256,Graduate
74349.35116,Graduate
103922.6629,Graduate
75381.32545,Graduate
85933.2196,Graduate
77342.74737,Graduate
106585.2857,Graduate
78534.68927,Graduate
79398.88705,Graduate
103921.3386,Graduate
104849.1581,Graduate
58483.42945,Graduate
59644.85082,Graduate
81998.51844,Graduate
84106.00591,Graduate
100777.7757,Graduate
68861.23392,Graduate
108047.2148,Graduate
74023.92133,Graduate
67330.22494,Graduate
95659.28402,Graduate
94913.70164,Graduate
105904.3495,Graduate
63823.48752,Graduate
84167.58332,Graduate
68225.44973,Graduate
82832.54766,Graduate
121160.8672,Graduate
130753.3557,Graduate
72009.50303,Graduate
53829.03573,Graduate
64990.0841,Graduate
85335.46262,Graduate
90979.67157,Graduate
53816.69068,Graduate
66691.36648,Graduate
28376.41879,Graduate
65283.46561,Graduate
39268.35838,Graduate
121641.8852,Graduate
79585.08925,Graduate
114789.4624,Graduate
103937.278,Graduate
78576.42775,Graduate
73418.4527,Graduate
67169.27393,Graduate
74494.07241,Graduate
92611.36479,Graduate
91103.97892,Graduate
83992.86495,Graduate
101048.8233,Graduate
101990.4852,Graduate
64468.4046,Graduate
70723.67439,Graduate
75268.17908,Graduate
46642.45214,Graduate
94021.98315,Graduate
80969.72312,Graduate
111487.96,Graduate
104530.2124,Graduate
95179.29816,Graduate
69844.95959,Graduate
117706.0957,Graduate
73817.28745,Graduate
37720.57058,Graduate
69208.40209,Graduate
83351.22773,Graduate
110684.8282,Graduate
84421.58328,Graduate
101911.4866,Graduate
88842.96368,Graduate
121999.1738,Graduate
120840.3168,Graduate
86933.01345,Graduate
65753.27455,Graduate
24668.13413,Graduate
74219.0558,Graduate
80788.07111,Graduate
55665.23045,Graduate
56091.32164,Graduate
76984.63603,Graduate
93408.68984,Graduate
67642.54179,Graduate
98985.05123,Graduate
83227.30325,Graduate
57524.49315,Graduate
87545.40786,Graduate
74046.50209,Graduate
59560.06375,Graduate
84089.43841,Graduate
86514.88336,Graduate
75268.84964,Graduate
90824.66686,Graduate
103834.0209,Graduate
110317.9073,Graduate
78306.19655,Graduate
101231.0099,Graduate
62126.21923,Graduate
62923.60242,Graduate
97215.40291,Graduate
85624.32087,Graduate
71014.85366,Graduate
121759.0549,Graduate
94575.41996,Graduate
60555.81795,Graduate
93324.56463,Graduate
81490.8741,Graduate
90792.56162,Graduate
106451.9656,Graduate
90426.33086,Graduate
99449.15079,Graduate
67766.22169,Graduate
76757.64615,Graduate
74318.82581,Graduate
82823.84271,Graduate
48938.05614,Graduate
47319.96797,Graduate
40242.84907,Graduate
52348.67026,Graduate
71142.27175,Graduate
90389.37691,Graduate
56601.17491,Graduate
89441.1916,Graduate
85411.15182,Graduate
82393.49162,Graduate
84779.86781,Graduate
82110.62906,Graduate
106571.5173,Graduate
45911.10537,Graduate
62066.66173,Graduate
76828.65292,Graduate
94858.00798,Graduate
112430.4021,Graduate
38567.17134,Graduate
83033.41133,Graduate
99020.17168,Graduate
73574.71334,Graduate
94092.80937,Graduate
116970.6503,Graduate
45904.55101,Graduate
47115.20169,Graduate
54861.42856,Graduate
110170.3792,Graduate
51261.7989,Graduate
85615.56995,Graduate
63554.25085,Graduate
69570.74314,Graduate
90089.09972,Graduate
87400.75045,Graduate
91266.64172,Graduate
112638.0322,Graduate
81837.84463,Graduate
87269.7859,Graduate
97164.38289,Graduate
108370.018,Graduate
82774.04788,Graduate
76335.11919,Graduate
75848.366,Graduate
100208.0211,Graduate
73068.15268,Graduate
70544.30697,Graduate
67086.83806,Graduate
111101.8654,Graduate
109513.0458,Graduate
123435.3725,Graduate
110748.8667,Graduate
93323.55392,Graduate
126330.0326,Graduate
82804.23952,Graduate
84318.76242,Graduate
100800.4373,Graduate
93151.02326,Graduate
102182.6361,Graduate
71779.95018,Graduate
83386.94853,Graduate
85074.55991,Graduate
89029.47781,Graduate
65454.90636,Graduate
106469.6284,Graduate
73282.80519,Graduate
77212.67955,Graduate
97856.37144,Graduate
72844.53352,Graduate
126903.3456,Graduate
69459.29781,Graduate
61857.06897,Graduate
84437.29634,Graduate
89116.07525,Graduate
78159.35448,Graduate
119581.212,Graduate
107879.3247,Graduate
110160.9336,Graduate
110803.9904,Graduate
124616.2645,Graduate
141673.803,Graduate
99069.48052,Graduate
100997.5797,Graduate
127257.3459,Graduate
126790.9852,Graduate
66406.1202,Graduate
90864.68353,Graduate
106031.5677,Graduate
89195.67198,Graduate
81020.87635,Graduate
72054.82523,Graduate
50829.91347,Graduate
60906.59899,Graduate
76605.74086,Graduate
79980.42185,Graduate
86270.4255,Graduate
98093.55208,Graduate
73658.90446,Graduate
104452.5158,Graduate
108397.1437,Graduate
108148.6829,Graduate
60060.81166,Graduate
55653.06802,Graduate
82754.1101,Graduate
112464.6402,Graduate
93660.09626,Graduate
79238.11382,Graduate
72618.62574,Graduate
117553.3245,Graduate
69946.7612,Graduate
85629.6532,Graduate
48615.24725,Graduate
111023.3652,Graduate
96390.16161,Graduate
93837.60472,Graduate
89195.70642,Graduate
111734.1146,Graduate
79821.10055,Graduate
40686.299,Graduate
80820.4497,Graduate
36177.08502,Graduate
50599.24028,Graduate
74868.0744,Graduate
76136.23473,Graduate
71716.25089,Graduate
62909.49933,Graduate
97312.31029,Graduate
103700.0103,Graduate
84673.28776,Graduate
96235.54757,Graduate
130569.516,Graduate
115857.1071,Graduate
94895.2212,Graduate
101789.4359,Graduate
74642.52948,Graduate
72707.66396,Graduate
85565.91768,Graduate
45235.91968,Graduate
63456.75206,Graduate
94837.58148,Graduate
91581.13713,Graduate
91931.33085,Graduate
85265.22347,Graduate
67924.01404,Graduate
104117.7463,Graduate
62690.44947,Graduate
96028.54903,Graduate
97144.36094,Graduate
109006.8557,Graduate
98505.5195,Graduate
123126.0403,Graduate
31871.36393,Graduate
59170.90191,Graduate
24620.39251,Graduate
99209.45561,Graduate
100543.5142,Graduate
69776.0344,Graduate
79772.83756,Graduate
94166.64515,Graduate
102581.9357,Graduate
106419.2889,Graduate
106730.6279,Graduate
77900.59556,Graduate
70479.06426,Graduate
61069.50302,Graduate
66648.21345,Graduate
48513.49844,Graduate
73660.69031,Graduate
64980.93763,Graduate
99750.2784,Graduate
86857.62513,Graduate
84106.55808,Graduate
110803.9249,Graduate
46228.25553,Graduate
68909.66987,Graduate
87860.41842,Graduate
62360.60973,Graduate
55184.12913,Graduate
128339.8638,Graduate
93835.01468,Graduate
90315.26714,Graduate
59023.20975,Graduate
100849.2484,Graduate
100602.5729,Graduate
81654.12415,Graduate
79314.71696,Graduate
135173.3224,Graduate
90864.99756,Graduate
94842.70457,Graduate
125521.4766,Graduate
89891.54839,Graduate
41513.30298,Graduate
59563.68207,Graduate
57801.43218,Graduate
104086.7622,Graduate
76020.25203,Graduate
106687.9222,Graduate
56080.14605,Graduate
99741.67853,Graduate
74329.24568,Graduate
85157.02226,Graduate
47229.48412,Graduate
117951.6504,Graduate
98637.36274,Graduate
47323.99129,Graduate
76748.70146,Graduate
102611.1274,Graduate
81880.05598,Graduate
115881.9645,Graduate
93671.81555,Graduate
88072.68869,Graduate
86609.8482,Graduate
59098.17658,Graduate
70344.14558,Graduate
105415.7951,Graduate
58333.88624,Graduate
95108.82112,Graduate
74171.32449,Graduate
98187.20116,Graduate
130529.4144,Graduate
92386.73097,Graduate
91206.96308,Graduate
94808.22662,Graduate
92973.25113,Graduate
88104.46368,Graduate
110741.3705,Graduate
58149.14401,Graduate
116292.637,Graduate
127023.0228,Graduate
90914.86304,Graduate
99337.12082,Graduate
93945.79796,Graduate
82050.53521,Graduate
117832.5961,Graduate
63218.27943,Graduate
41628.45206,Graduate
70751.01962,Graduate
124769.9221,Graduate
120329.8407,Graduate
99992.31394,Graduate
59455.31727,Graduate
80485.52365,Graduate
39642.56732,Graduate
99098.61935,Graduate
111122.0696,Graduate
56068.92262,Graduate
93801.15697,Graduate
88177.38853,Graduate
116050.3278,Graduate
106417.3562,Graduate
93572.62698,Graduate
86187.61493,Graduate
105109.7322,Graduate
120312.0069,Graduate
109025.0719,Graduate
91838.7496,Graduate
87440.69927,Graduate
98722.70631,Graduate
73306.63811,Graduate
73544.25952,Graduate
62440.50866,Graduate
132809.2444,Graduate
98835.81168,Graduate
89140.77874,Graduate
76241.79275,Graduate
65143.6561,Graduate
79287.81869,Graduate
103183.9445,Graduate
77920.71309,Graduate
79740.04409,Graduate
56802.85764,Graduate
90299.18322,Graduate
91681.35354,Graduate
107241.6391,Graduate
108573.2977,Graduate
81283.94547,Graduate
87288.27277,Graduate
76796.3386,Graduate
57911.01506,Graduate
84341.5432,Graduate
94056.55289,Graduate
85409.38212,Graduate
78367.8966,Graduate
97038.09063,Graduate
98120.49251,Graduate
103891.4768,Graduate
99276.97324,Graduate
58263.5268,Graduate
74766.24336,Graduate
76372.30854,Graduate
105186.7439,Graduate
67675.60116,Graduate
117064.0998,Graduate
58160.42271,Graduate
104106.4197,Graduate
120181.9041,Graduate
83928.80807,Graduate
99670.27169,Graduate
98385.69651,Graduate
86549.74563,Graduate
79287.58786,Graduate
86863.80157,Graduate
133472.0116,Graduate
87182.07455,Graduate
84039.79597,Graduate
105843.6035,Graduate
94937.17839,Graduate
91882.89855,Graduate
72553.40684,Graduate
56446.18896,Graduate
139741.2787,Graduate
89723.8696,Graduate
86685.56196,Graduate
65647.93387,Graduate
22340.04324,Graduate
70446.28347,Graduate
79635.23006,Graduate
62414.96628,Graduate
72488.36031,Graduate
95862.47173,Graduate
65962.96365,Graduate
101401.8673,Graduate
108271.8504,Graduate
57365.67858,Graduate
68202.94864,Graduate
46080.07269,Graduate
74837.74661,Graduate
78624.78208,Graduate
100091.7241,Graduate
35238.13108,Graduate
92855.28949,Graduate
32860.0068,Graduate
78002.89841,Graduate
105998.4695,Graduate
102272.3325,Graduate
94937.75061,Graduate
57462.6309,Graduate
99252.02513,Graduate
87907.02008,Graduate
70358.28829,Graduate
107641.3066,Graduate
81479.74093,Graduate
134069.947,Graduate
83349.52511,Graduate
25854.78297,Graduate
73847.2057,Graduate
65934.27778,Graduate
67333.76298,Graduate
116158.3958,Graduate
74334.93669,Graduate
52374.41646,Graduate
88710.29552,Graduate
58876.54242,Graduate
67064.5817,Graduate
68958.33582,Graduate
90822.74884,Graduate
29303.62686,Graduate
68327.32116,Graduate
46708.64464,Graduate
65805.19626,Graduate
55482.44143,Graduate
140523.0644,Graduate
62204.93871,Graduate
52873.67959,Graduate
47151.32145,Graduate
97231.48073,Graduate
112668.1491,Graduate
68522.30652,Graduate
94809.30567,Graduate
54953.67038,Graduate
85239.47015,Graduate
114730.4772,Graduate
103608.943,Graduate
55549.95914,Graduate
96119.05113,Graduate
80465.43192,Graduate
102983.3827,Graduate
68960.43232,Graduate
104084.8526,Graduate
62150.35942,Graduate
92919.04257,Graduate
58308.09693,Graduate
72778.82691,Graduate
80863.28497,Graduate
97169.96744,Graduate
93200.96038,Graduate
49894.16654,Graduate
104815.196,Graduate
81243.11963,Graduate
46164.85674,Graduate
41180.07891,Graduate
98999.23747,Graduate
87456.2199,Graduate
103311.096,Graduate
108616.1604,Graduate
117532.3159,Graduate
83030.22082,Graduate
84589.59809,Graduate
74465.3256,Graduate
56207.22793,Graduate
75822.78646,Graduate
89079.59241,Graduate
78981.43299,Graduate
113414.0506,Graduate
71775.95638,Graduate
73920.47955,Graduate
107115.8833,Graduate
107136.6512,Graduate
114327.5213,Graduate
80672.08285,Graduate
119084.8495,Graduate
90481.56945,Graduate
110589.234,Graduate
136817.9517,Graduate
53688.69833,Graduate
59903.84905,Graduate
108777.1562,Graduate
24365.80454,Graduate
103171.6011,Graduate
77212.44636,Graduate
61083.53233,Graduate
116538.405,Graduate
71945.18304,Graduate
121294.8125,Graduate
69097.1205,Graduate
113269.5105,Graduate
101102.2551,Graduate
81940.2263,Graduate
80463.11185,Graduate
65338.37102,Graduate
86183.99398,Graduate
111462.5017,Graduate
63178.90758,Graduate
77770.66745,Graduate
77439.47084,Graduate
67363.14147,Graduate
65666.07503,Graduate
109038.6285,Graduate
94403.65565,Graduate
96993.07336,Graduate
54431.16838,Graduate
151581.813,Graduate
78380.64221,Graduate
83527.11666,Graduate
72414.01116,Graduate
83429.75136,Graduate
73614.09766,Graduate
129293.353,Graduate
79222.76318,Graduate
57363.82785,Graduate
67579.36063,Graduate
64865.65451,Graduate
80683.06266,Graduate
86555.51811,Graduate
80903.98078,Graduate
73520.73164,Graduate
69498.37516,Graduate
104511.5691,Graduate
83693.83685,Graduate
69208.12345,Graduate
60262.2688,Graduate
95294.61345,Graduate
73381.40068,Graduate
82814.56752,Graduate
97755.25754,Graduate
64951.11803,Graduate
106447.1756,Graduate
85322.05966,Graduate
48247.88096,Graduate
109278.7983,Graduate
73919.16207,Graduate
110845.4171,Graduate
101320.7069,Graduate
102134.5857,Graduate
63285.04713,Graduate
91072.32732,Graduate
95295.61331,Graduate
116402.4511,Graduate
65909.29918,Graduate
85430.69188,Graduate
122067.2187,Graduate
95272.68816,Graduate
133516.0377,Graduate
121436.9742,Graduate
69774.45756,Graduate
94980.54547,Graduate
55306.81848,Graduate
108226.0529,Graduate
85420.34947,Graduate
135251.9228,Graduate
58595.88314,Graduate
55092.22202,Graduate
94224.16275,Graduate
100013.2794,Graduate
53451.68346,Graduate
73917.38753,Graduate
79379.14196,Graduate
70489.78866,Graduate
99129.77081,Graduate
107718.5693,Graduate
95932.65103,Graduate
100391.8878,Graduate
88651.77767,Graduate
94162.92814,Graduate
49646.05012,Graduate
83171.76932,Graduate
80493.38743,Graduate
88530.94621,Graduate
94663.14456,Graduate
55821.79308,Graduate
94298.19092,Graduate
60388.92654,Graduate
113534.5672,Graduate
69794.59289,Graduate
107082.1382,Graduate
64038.78413,Graduate
72550.20369,Graduate
72755.01584,Graduate
60107.81945,Graduate
75232.65259,Graduate
89368.71955,Graduate
88710.9588,Graduate
80447.97747,Graduate
95338.67635,Graduate
112082.0182,Graduate
93540.13971,Graduate
131383.3537,Graduate
75991.36495,Graduate
102304.2314,Graduate
34916.95758,Graduate
104235.8272,Graduate
122641.2242,Graduate
93027.51019,Graduate
93833.70717,Graduate
82135.90676,Graduate
87069.59252,Graduate
98347.03968,Graduate
85472.89939,Graduate
87246.75155,Graduate
102316.1521,Graduate
87946.00072,Graduate
86394.25251,Graduate
91260.97285,Graduate
38879.96528,Graduate
105102.3431,Graduate
103642.3841,Graduate
30794.01439,Graduate
88869.90232,Graduate
93103.89952,Graduate
108153.6352,Graduate
72726.76741,Graduate
77050.35267,Graduate
94625.07387,Graduate
64927.28981,Graduate
81567.91206,Graduate
69469.5473,Graduate
70253.61379,Graduate
81616.41428,Graduate
88770.37926,Graduate
103482.1254,Graduate
123420.1868,Graduate
88468.0097,Graduate
93271.46889,Graduate
77518.23436,Graduate
45885.97095,Graduate
88302.82122,Graduate
107076.757,Graduate
108265.5657,Graduate
80799.1353,Graduate
98757.91794,Graduate
80103.99581,Graduate
105208.473,Graduate
66019.93883,Graduate
82844.23368,Graduate
64576.10704,Graduate
69924.29026,Graduate
81619.70028,Graduate
80200.53695,Graduate
100620.1112,Graduate
84775.58403,Graduate
91656.56992,Graduate
72140.75402,Graduate
90357.07415,Graduate
90990.31343,Graduate
107092.2234,Graduate
53322.30091,Graduate
91649.28164,Graduate
116961.0589,Graduate
80145.10672,Graduate
49335.78489,Graduate
86231.99685,Graduate
104342.6466,Graduate
77291.23681,Graduate
87685.41464,Graduate
67714.77538,Graduate
82793.64572,Graduate
115761.1745,Graduate
48433.29214,Graduate
90810.11193,Graduate
103694.6247,Graduate
114983.5157,Graduate
109518.2617,Graduate
42798.88375,Graduate
78360.46585,Graduate
94742.56862,Graduate
45719.63366,Graduate
71524.8692,Graduate
152623.8778,Graduate
87049.75714,Graduate
48449.79562,Graduate
91729.92929,Graduate
69544.20948,Graduate
101494.4472,Graduate
94800.21715,Graduate
135902.2044,Graduate
58840.54517,Graduate
57868.24098,Graduate
100909.8361,Graduate
65729.94436,Graduate
106952.8649,Graduate
36112.13188,Graduate
104334.5436,Graduate
84636.44025,Graduate
125257.1829,Graduate
91629.31344,Graduate
97106.90362,Graduate
25695.52062,Graduate
87509.20457,Graduate
57582.57308,Graduate
85232.89804,Graduate
126746.1964,Graduate
88307.31315,Graduate
75784.42296,Graduate
54421.67251,Graduate
85272.99627,Graduate
58346.99979,Graduate
99551.87421,Graduate
94867.94931,Graduate
88891.24055,Graduate
107732.4166,Graduate
69250.97399,Graduate
92999.46816,Graduate
95802.99839,Graduate
81343.55033,Graduate
33794.17099,Graduate
66800.71825,Graduate
100234.7766,Graduate
62487.73115,Graduate
75460.05891,Graduate
92287.16143,Graduate
75108.76236,Graduate
112607.2966,Graduate
89211.74799,Graduate
93133.63004,Graduate
78060.99188,Graduate
75342.18527,Graduate
69244.27442,Graduate
60622.38669,Graduate
78837.64885,Graduate
71438.67925,Graduate
69802.50404,Graduate
50972.31711,Graduate
62396.87986,Graduate
91027.55794,Graduate
105087.1163,Graduate
108062.6099,Graduate
109476.2401,Graduate
102018.1252,Graduate
111056.315,Graduate
98849.29305,Graduate
51362.27392,Graduate
66176.18351,Graduate
101009.685,Graduate
77468.11707,Graduate
70680.14437,Graduate
82843.3343,Graduate
89879.86262,Graduate
95458.79247,Graduate
82004.72783,Graduate
82272.12328,Graduate
68769.51825,Graduate
95072.04987,Graduate
106738.108,Graduate
92142.32351,Graduate
61067.41052,Graduate
81244.04213,Graduate
99368.5202,Graduate
89205.70668,Graduate
94836.88233,Graduate
97535.55754,Graduate
49291.79223,Graduate
97012.23721,Graduate
75456.27527,Graduate
97295.02711,Graduate
111479.4901,Graduate
126316.2115,Graduate
68504.13618,Graduate
89310.95762,Graduate
69026.53774,Graduate
102914.796,Graduate
88427.38682,Graduate
63312.80179,Graduate
77680.72774,Graduate
117797.2671,Graduate
78509.26721,Graduate
101782.1385,Graduate
62338.58555,Graduate
62876.34879,Graduate
120224.6275,Graduate
103195.7884,Graduate
96658.22291,Graduate
69847.23006,Graduate
102314.6242,Graduate
112692.2534,Graduate
86708.24883,Graduate
74526.82043,Graduate
84915.53864,Graduate
128386.0159,Graduate
34063.12398,Graduate
74370.30554,Graduate
91324.45324,Graduate
110363.8095,Graduate
57973.90348,Graduate
79781.87816,Graduate
72800.75428,Graduate
80994.91482,Graduate
74860.46519,Graduate
68425.29782,Graduate
111118.8402,Graduate
64127.33661,Graduate
101161.6706,Graduate
87205.38012,Graduate
73552.1137,Graduate
111905.8715,Graduate
91029.64567,Graduate
131776.72,Graduate
104736.0179,Graduate
52874.93723,Graduate
90665.70687,Graduate
95289.98727,Graduate
75426.06285,Graduate
57027.9084,Graduate
45913.6963,Graduate
68766.30004,Graduate
42062.36194,Graduate
96353.80704,Graduate
86400.53329,Graduate
33794.25597,Graduate
70205.88478,Graduate
114085.8489,Graduate
96234.18179,Graduate
51748.95173,Graduate
76190.93107,Graduate
78270.14711,Graduate
104747.5288,Graduate
76305.53531,Graduate
25978.77055,Graduate
84311.78926,Graduate
96337.66828,Graduate
69935.58271,Graduate
94534.44052,Graduate
102497.0671,Graduate
83914.46799,Graduate
89051.03263,Graduate
79389.30524,Graduate
66479.03731,Graduate
75913.01846,Graduate
111321.8471,Graduate
68703.77902,Graduate
102755.6921,Graduate
72812.19085,Graduate
83971.02479,Graduate
101410.9239,Graduate
96298.01335,Graduate
66159.14538,Graduate
50573.04139,Graduate
63924.5217,Graduate
101577.1419,Graduate
92174.10287,Graduate
92479.4159,Graduate
56390.60232,Graduate
75074.63508,Graduate
122767.5979,Graduate
53285.26145,Graduate
93239.07839,Graduate
64383.91135,Graduate
74427.56093,Graduate
68494.48012,Graduate
91359.75922,Graduate
71955.27162,Graduate
43402.79166,Graduate
74570.07824,Graduate
77675.25866,Graduate
79085.77147,Graduate
101209.1314,Graduate
48409.91129,Graduate
81892.85681,Graduate
81065.46348,Graduate
49520.98086,Graduate
68986.67249,Graduate
52699.93895,Graduate
100089.4049,Graduate
49739.73234,Graduate
106085.4798,Graduate
92732.67605,Graduate
57357.95154,Graduate
105984.0939,Graduate
116232.0671,Graduate
87469.63764,Graduate
108464.0873,Graduate
118480.0845,Graduate
45036.9046,Graduate
84718.9684,Graduate
127458.8111,Graduate
23775.11428,Graduate
82532.28642,Graduate
84044.29545,Graduate
61532.71428,Graduate
71274.33677,Graduate
65621.35851,Graduate
98348.68284,Graduate
87643.95992,Graduate
104391.8058,Graduate
102002.0899,Graduate
60602.45267,Graduate
82413.83356,Graduate
83103.47078,Graduate
78242.16075,Graduate
56860.882,Graduate
93110.73653,Graduate
64684.21854,Graduate
56498.78763,Graduate
115212.7497,Graduate
47206.18781,Graduate
100014.1723,Graduate
31614.76964,Graduate
87346.96958,Graduate
98414.75698,Graduate
85839.0218,Graduate
120692.5608,Graduate
104042.2085,Graduate
87532.79024,Graduate
77121.6992,Graduate
91596.70976,Graduate
57243.03277,Graduate
104124.8241,Graduate
70646.36325,Graduate
93186.74447,Graduate
38639.93587,Graduate
79667.07216,Graduate
100575.7149,Graduate
91942.05683,Graduate
87667.24952,Graduate
36525.40369,Graduate
103747.9914,Graduate
74884.79092,Graduate
68834.57169,Graduate
45112.22137,Graduate
113109.8928,Graduate
83427.65967,Graduate
38084.35114,Graduate
92133.03958,Graduate
61945.36891,Graduate
87820.51044,Graduate
84743.23402,Graduate
59286.91735,Graduate
58343.21031,Graduate
99789.82135,Graduate
95182.04419,Graduate
91185.79863,Graduate
70638.20146,Graduate
56489.33815,Graduate
61561.11018,Graduate
67740.54839,Graduate
99306.88748,Graduate
72201.76802,Graduate
99364.45099,Graduate
33170.12548,Graduate
60028.03923,Graduate
69607.53688,Graduate
69868.20795,Graduate
64555.59977,Graduate
92643.93961,Graduate
78317.0337,Graduate
126000.6716,Graduate
91267.66859,Graduate
72546.92236,Graduate
89558.12872,Graduate
66577.36495,Graduate
87147.72452,Graduate
83125.71634,Graduate
71518.00263,Graduate
60753.79403,Graduate
87499.9647,Graduate
74924.46048,Graduate
83755.00562,Graduate
78217.9893,Graduate
83912.72184,Graduate
77090.70107,Graduate
67528.48099,Graduate
69205.71475,Graduate
52669.56187,Graduate
115460.4925,Graduate
95302.86671,Graduate
73178.48664,Graduate
88816.51431,Graduate
76350.06365,Graduate
68921.47301,Graduate
82885.71092,Graduate
89909.44728,Graduate
74228.37642,Graduate
64754.97514,Graduate
93013.42029,Graduate
70532.23822,Graduate
76078.16898,Graduate
65604.22927,Graduate
80375.84137,Graduate
88955.19902,Graduate
83028.13575,Graduate
80363.06362,Graduate
78775.85991,Graduate
71205.80159,Graduate
62101.22889,Graduate
71272.70968,Graduate
79947.76427,Graduate
74917.86936,Graduate
122810.5026,Graduate
94181.00166,Graduate
82783.54562,Graduate
44607.0541,Graduate
91167.63192,Graduate
89927.5365,Graduate
92061.20945,Graduate
86513.84564,Graduate
86233.1702,Graduate
60392.06661,Graduate
90361.27114,Graduate
94533.80926,Graduate
70663.30644,Graduate
104935.9668,Graduate
101151.5554,Graduate
46891.64815,Graduate
59943.15421,Graduate
82413.42228,Graduate
54854.44726,Graduate
114592.0406,Graduate
81333.67628,Graduate
68472.88217,Graduate
47802.7184,Graduate
75373.54971,Graduate
95631.6236,Graduate
108666.7319,Graduate
95641.1556,Graduate
95592.48563,Graduate
55300.29311,Graduate
26268.23558,Graduate
102027.458,Graduate
102826.2259,Graduate
96906.58954,Graduate
71763.81744,Graduate
95204.02377,Graduate
55500.19527,Graduate
59481.33024,Graduate
128162.8957,Graduate
74964.449,Graduate
81836.55511,Graduate
71716.12277,Graduate
73314.52192,Graduate
57146.35021,Graduate
121326.5932,Graduate
51184.49063,Graduate
111952.407,Graduate
72427.40601,Graduate
68057.90615,Graduate
100937.8707,Graduate
76462.66799,Graduate
53244.03085,Graduate
119868.6939,Graduate
80344.06797,Graduate
87376.145,Graduate
84989.86563,Graduate
116579.3924,Graduate
105122.4043,Graduate
48677.51382,Graduate
110886.188,Graduate
95250.45602,Graduate
93917.34451,Graduate
64979.76584,Graduate
78222.47579,Graduate
50357.81832,Graduate
86731.67055,Graduate
126685.5041,Graduate
59043.32219,Graduate
88101.83421,Graduate
112396.6752,Graduate
69479.20189,Graduate
65659.40829,Graduate
50561.57561,Graduate
106008.685,Graduate
79365.78186,Graduate
69363.99051,Graduate
71598.69824,Graduate
85104.74655,Graduate
100936.5717,Graduate
77221.20649,Graduate
163564.8705,Graduate
87650.38129,Graduate
75429.02948,Graduate
63265.55351,Graduate
74388.50968,Graduate
92804.1436,Graduate
86268.64908,Graduate
99824.11844,Graduate
105341.6398,Graduate
66682.50911,Graduate
90602.44619,Graduate
42179.04729,Graduate
99069.29513,Graduate
121555.1063,Graduate
37136.92222,Graduate
82221.21146,Graduate
79486.07045,Graduate
84498.88301,Graduate
112436.2676,Graduate
110206.9975,Graduate
79434.56352,Graduate
84811.22391,Graduate
39626.4855,Graduate
89925.82789,Graduate
98903.2191,Graduate
67865.49134,Graduate
87749.89177,Graduate
107227.7854,Graduate
103131.3161,Graduate
56846.66866,Graduate
77389.36676,Graduate
68667.30182,Graduate
48273.55837,Graduate
63835.33885,Graduate
72241.80927,Graduate
53892.44536,Graduate
76471.5106,Graduate
83115.38935,Graduate
73907.85096,Graduate
74836.90758,Graduate
72172.50145,Graduate
52764.95388,Graduate
58872.37332,Graduate
64178.3519,Graduate
72134.55595,Graduate
52881.49891,Graduate
106633.4393,Graduate
68684.43553,Graduate
37898.17264,Graduate
81581.82854,Graduate
56286.11275,Graduate
101682.8881,Graduate
43849.08689,Graduate
90622.53706,Graduate
60715.49195,Graduate
101995.753,Graduate
89262.56311,Graduate
113606.0362,Graduate
81570.62365,Graduate
113362.8639,Graduate
112324.7508,Graduate
93038.67659,Graduate
65305.69048,Graduate
65650.10182,Graduate
87794.43814,Graduate
111597.5293,Graduate
108725.9945,Graduate
93770.87668,Graduate
68426.076,Graduate
87990.69264,Graduate
56657.8177,Graduate
52664.98194,Graduate
52026.86569,Graduate
99982.00682,Graduate
86410.21776,Graduate
86167.75639,Graduate
96483.37998,Graduate
78035.67452,Graduate
69434.46547,Graduate
88556.03824,Graduate
118121.9714,Graduate
79972.91656,Graduate
113741.7532,Graduate
115322.1843,Graduate
76790.94853,Graduate
54690.2957,Graduate
90422.32155,Graduate
84117.24749,Graduate
88102.65388,Graduate
60599.50641,Graduate
87209.23281,Graduate
89139.70296,Graduate
100331.6976,Graduate
73869.9032,Graduate
93170.90193,Graduate
88595.73193,Graduate
34339.95345,Graduate
96181.18379,Graduate
57139.57067,Graduate
105559.624,Graduate
90230.53353,Graduate
77940.4204,Graduate
85548.30432,Graduate
120691.7167,Graduate
117256.9531,Graduate
117471.3042,Graduate
71728.23839,Graduate
88460.8598,Graduate
48581.8904,Graduate
66669.14997,Graduate
71036.53748,Graduate
83035.324,Graduate
59381.62371,Graduate
98785.4996,Graduate
85734.71747,Graduate
57569.05366,Graduate
59477.77561,Graduate
84810.78279,Graduate
55706.957,Graduate
53961.98841,Graduate
114804.7741,Graduate
82098.10353,Graduate
108806.2366,Graduate
71310.38993,Graduate
111039.2093,Graduate
49369.29688,Graduate
95580.54246,Graduate
74218.68527,Graduate
64909.46046,Graduate
58404.45557,Graduate
87039.44133,Graduate
93177.96797,Graduate
53720.19654,Graduate
79888.29145,Graduate
67224.50615,Graduate
103896.4898,Graduate
90956.54971,Graduate
87909.00663,Graduate
71382.61548,Graduate
130272.9271,Graduate
109502.3762,Graduate
68183.11012,Graduate
74158.23302,Graduate
105254.555,Graduate
54878.08467,Graduate
92121.31352,Graduate
74318.4635,Graduate
103045.672,Graduate
137570.3806,Graduate
103548.4064,Graduate
81491.51349,Graduate
72827.60442,Graduate
93941.39108,Graduate
56678.69303,Graduate
75577.81207,Graduate
82863.80498,Graduate
106814.1826,Graduate
95787.87344,Graduate
112757.3541,Graduate
66531.09835,Graduate
76111.03761,Graduate
50784.55427,Graduate
92067.29594,Graduate
65553.03044,Graduate
45149.67087,Graduate
79904.9861,Graduate
74536.47108,Graduate
64108.74658,Graduate
72171.02002,Graduate
109543.7912,Graduate
71694.09094,Graduate
109047.1227,Graduate
95149.32767,Graduate
103949.9156,Graduate
54544.0268,Graduate
86737.10473,Graduate
92840.81542,Graduate
95760.02397,Graduate
117803.499,Graduate
79684.16404,Graduate
98208.34761,Graduate
66458.65152,Graduate
92270.36697,Graduate
68884.51481,Graduate
53004.68006,Graduate
80351.58338,Graduate
80041.61074,Graduate
119554.3821,Graduate
77198.08335,Graduate
78674.54458,Graduate
75328.04649,Graduate
80096.1945,Graduate
73999.67424,Graduate
83443.9443,Graduate
114923.4797,Graduate
90863.08946,Graduate
75269.38256,Graduate
83867.06993,Graduate
59673.74741,Graduate
98663.1647,Graduate
90554.56326,Graduate
55612.75529,Graduate
81049.21299,Graduate
69385.44014,Graduate
90298.38737,Graduate
91879.61705,Graduate
95576.92402,Graduate
101955.0444,Graduate
112601.1969,Graduate
55142.84407,Graduate
91155.44868,Graduate
106917.6888,Graduate
81184.37439,Graduate
81437.29686,Graduate
85228.61111,Graduate
80188.77798,Graduate
70828.64183,Graduate
63587.96316,Graduate
89231.27961,Graduate
90243.89254,Graduate
84860.51111,Graduate
108646.8427,Graduate
54117.17095,Graduate
101417.976,Graduate
53649.70526,Graduate
106965.6677,Graduate
98918.1998,Graduate
81434.24545,Graduate
60461.2097,Graduate
56464.14797,Graduate
57411.1514,Graduate
52426.15203,Graduate
96623.36475,Graduate
98865.33176,Graduate
107869.1157,Graduate
87821.19525,Graduate
94719.35924,Graduate
88759.51935,Graduate
93128.48333,Graduate
113056.2819,Graduate
76462.30889,Graduate
99439.71719,Graduate
89934.53712,Graduate
70042.95405,Graduate
101800.3015,Graduate
67004.78459,Graduate
113299.3521,Graduate
84717.16821,Graduate
62340.58286,Graduate
46163.92198,Graduate
104278.9354,Graduate
58915.78542,Graduate
78995.97323,Graduate
70973.42291,Graduate
93935.15257,Graduate
86886.66354,Graduate
54345.59507,Graduate
94801.89283,Graduate
87342.57718,Graduate
108987.7342,Graduate
98856.65405,Graduate
83237.23569,Graduate
57955.85647,Graduate
73866.2924,Graduate
92569.44864,Graduate
100436.7165,Graduate
88670.58627,Graduate
87981.0223,Graduate
132936.3465,Graduate
78589.61143,Graduate
74391.2269,Graduate
67010.46374,Graduate
48257.94892,Graduate
54713.30918,Graduate
95049.57437,Graduate
91257.62791,Graduate
65293.14578,Graduate
66900.40098,Graduate
129032.323,Graduate
56744.5204,Graduate
82710.42349,Graduate
119488.1481,Graduate
77096.50523,Graduate
45980.91057,Graduate
82229.11752,Graduate
90726.78648,Graduate
98970.31338,Graduate
70567.87887,Graduate
109032.637,Graduate
83126.87039,Graduate
72282.02701,Graduate
85153.90334,Graduate
100634.8793,Graduate
53509.37154,Graduate
101923.9787,Graduate
98846.46894,Graduate
112468.3512,Graduate
89683.54475,Graduate
104637.2812,Graduate
96371.89016,Graduate
72446.87986,Graduate
67528.45572,Graduate
113837.7692,Graduate
100719.1185,Graduate
37176.31084,Graduate
84756.95448,Graduate
67039.51387,Graduate
90192.33162,Graduate
93286.08831,Graduate
107425.8327,Graduate
85728.84682,Graduate
87599.12928,Graduate
94498.11401,Graduate
95444.24772,Graduate
80050.08897,Graduate
67197.57107,Graduate
85498.94251,Graduate
95532.27509,Graduate
45630.68757,Graduate
106681.8829,Graduate
73714.44572,Graduate
72345.70815,Graduate
54593.28788,Graduate
90498.77804,Graduate
20333.05852,Graduate
52855.42216,Graduate
89964.0066,Graduate
89203.08108,Graduate
81241.02973,Graduate
66266.46239,Graduate
108748.5878,Graduate
58446.75146,Graduate
102418.3667,Graduate
100222.2462,Graduate
83367.33723,Graduate
103608.315,Graduate
85621.40177,Graduate
86562.87701,Graduate
104012.622,Graduate
51149.85326,Graduate
118597.9634,Graduate
106032.892,Graduate
130602.1154,Graduate
92415.02956,Graduate
39496.69984,Graduate
108474.0639,Graduate
65316.74436,Graduate
44512.24604,Graduate
63123.67321,Graduate
81971.88427,Graduate
96346.27966,Graduate
59716.12729,Graduate
81031.59806,Graduate
145966.3367,Graduate
126418.6075,Graduate
7391.945441,Graduate
75116.61346,Graduate
132127.5812,Graduate
121411.5686,Graduate
72073.72455,Graduate
25910.01049,Graduate
49746.72847,Graduate
81658.01787,Graduate
69547.53749,Graduate
92463.64205,Graduate
64558.83591,Graduate
25732.49994,Graduate
47730.13379,Graduate
77612.17919,Graduate
80811.05159,Graduate
123761.6356,Graduate
113008.5071,Graduate
60515.816,Graduate
114845.2233,Graduate
52123.82957,Graduate
73597.7296,Graduate
127645.2573,Graduate
70050.36078,Graduate
114420.9915,Graduate
70677.70602,Graduate
65018.21112,Graduate
70790.40767,Graduate
48068.17123,Graduate
118539.6088,Graduate
102347.251,Graduate
66936.21677,Graduate
82527.22979,Graduate
94483.61667,Graduate
104120.36,Graduate
76433.06009,Graduate
81177.239,Graduate
126710.9655,Graduate
78801.78891,Graduate
101713.3536,Graduate
87997.33091,Graduate
101509.9314,Graduate
102784.4215,Graduate
104187.9487,Graduate
68121.01982,Graduate
80273.90783,Graduate
57952.63756,Graduate
76371.14232,Graduate
47458.56192,Graduate
127785.805,Graduate
62706.00157,Graduate
104211.4392,Graduate
110119.4121,Graduate
79905.91774,Graduate
62772.22636,Graduate
54553.02211,Graduate
129456.4917,Graduate
102301.3763,Graduate
93804.76797,Graduate
91617.4791,Graduate
107620.0485,Graduate
89476.22591,Graduate
58806.63967,Graduate
97477.56822,Graduate
53932.94499,Graduate
83544.00249,Graduate
116538.0582,Graduate
75187.16177,Graduate
73201.74055,Graduate
76036.11992,Graduate
52337.54802,Graduate
112969.605,Graduate
117648.2543,Graduate
89030.90056,Graduate
20836.64823,Graduate
110804.3801,Graduate
76598.02837,Graduate
68202.22837,Graduate
70394.75411,Graduate
101255.0742,Graduate
99716.15955,Graduate
54840.69804,Graduate
122014.268,Graduate
38892.43597,Graduate
117879.0951,Graduate
88753.65532,Graduate
55087.94221,Graduate
85707.1289,Graduate
111043.4079,Graduate
74966.04001,Graduate
116981.8208,Graduate
76144.5701,Graduate
58969.74805,Graduate
103490.6591,Graduate
86241.55635,Graduate
43173.57706,Graduate
63491.13503,Graduate
84243.80761,Graduate
91051.07057,Graduate
70552.02386,Graduate
82046.26116,Graduate
103973.323,Graduate
104005.143,Graduate
96578.01368,Graduate
66225.53649,Graduate
77833.97549,Graduate
97475.98063,Graduate
63714.39962,Graduate
118055.7237,Graduate
84593.56443,Graduate
84013.82226,Graduate
69102.11683,Graduate
96033.76568,Graduate
90013.66224,Graduate
70552.73469,Graduate
59532.32705,Graduate
62459.04202,Graduate
82334.01415,Graduate
30998.12689,Graduate
103235.3736,Graduate
67625.12254,Graduate
75139.84404,Graduate
61995.32156,Graduate
49489.11897,Graduate
97857.03153,Graduate
88757.67358,Graduate
78279.72345,Graduate
70196.64117,Graduate
75571.27201,Graduate
42539.10512,Graduate
130017.1839,Graduate
65053.61097,Graduate
77454.71359,Graduate
68727.84931,Graduate
99230.75959,Graduate
93491.05419,Graduate
73751.96204,Graduate
95579.57977,Graduate
77302.79362,Graduate
49232.83319,Graduate
88362.5945,Graduate
40786.48327,Graduate
77644.80609,Graduate
52268.07007,Graduate
96929.46527,Graduate
48155.74901,Graduate
96260.79436,Graduate
99342.59156,Graduate
81707.80659,Graduate
122971.031,Graduate
126544.8657,Graduate
90519.79846,Graduate
89554.19131,Graduate
134713.1149,Graduate
98251.50557,Graduate
63400.11954,Graduate
75573.41391,Graduate
82259.20347,Graduate
96663.02991,Graduate
117948.6168,Graduate
103155.1704,Graduate
55148.76561,Graduate
45285.79556,Graduate
133300.4072,Graduate
106729.5385,Graduate
82552.20753,Graduate
84852.09778,Graduate
93270.51414,Graduate
84810.6374,Graduate
96992.73424,Graduate
67510.91975,Graduate
107849.6936,Graduate
96383.17706,Graduate
73557.38247,Graduate
117367.8025,Graduate
77371.08264,Graduate
79029.42764,Graduate
73854.63796,Graduate
127352.9419,Graduate
98300.11996,Graduate
48675.82026,Graduate
91864.31999,Graduate
91162.58934,Graduate
96901.56955,Graduate
47990.46935,Graduate
106696.5217,Graduate
114345.0486,Graduate
88768.40294,Graduate
56376.10256,Graduate
77676.64702,Graduate
111822.8474,Graduate
72066.45922,Graduate
78038.88454,Graduate
44123.29516,Graduate
67332.63314,Graduate
79892.73734,Graduate
88409.05978,Graduate
41931.97146,Graduate
59235.03724,Graduate
89503.66929,Graduate
68693.40789,Graduate
49750.70494,Graduate
88993.06129,Graduate
120682.9309,Graduate
96203.64035,Graduate
106092.5907,Graduate
79669.76173,Graduate
63084.97227,Graduate
82371.30068,Graduate
102007.5381,Graduate
76541.60709,Graduate
106475.5089,Graduate
88073.70403,Graduate
96970.10851,Graduate
83718.87769,Graduate
88948.90923,Graduate
97352.66807,Graduate
57263.01348,Graduate
71037.21572,Graduate
102008.4904,Graduate
63910.33475,Graduate
78307.71116,Graduate
57278.25277,Graduate
100402.6468,Graduate
101173.6475,Graduate
77589.72488,Graduate
95186.21709,Graduate
94582.5976,Graduate
114483.2686,Graduate
67895.30071,Graduate
75700.08202,Graduate
80298.18645,Graduate
69524.62562,Graduate
80889.14586,Graduate
78408.42784,Graduate
68082.42895,Graduate
80557.79554,Graduate
53564.95267,Graduate
71160.64822,Graduate
111445.4506,Graduate
93780.38679,Graduate
107781.4493,Graduate
112371.5505,Graduate
82312.94404,Graduate
50930.96529,Graduate
72765.63238,Graduate
98394.51607,Graduate
101650.3982,Graduate
106643.3538,Graduate
109334.2846,Graduate
96900.84513,Graduate
88204.92726,Graduate
85386.80482,Graduate
27057.28553,Graduate
132734.9361,Graduate
56150.29107,Graduate
84706.074,Graduate
102496.9955,Graduate
88296.92841,Graduate
85507.31348,Graduate
103885.2152,Graduate
91373.47309,Graduate
79538.81491,Graduate
83342.13752,Graduate
84440.47361,Graduate
79921.65317,Graduate
73468.27993,Graduate
81999.33971,Graduate
84478.79281,Graduate
93521.08462,Graduate
40343.03777,Graduate
77786.25186,Graduate
102935.5801,Graduate
109662.3806,Graduate
86789.15871,Graduate
89199.02016,Graduate
43813.7231,Graduate
46289.97514,Graduate
91876.37461,Graduate
95665.83337,Graduate
49223.58936,Graduate
93168.5605,Graduate
94981.52908,Graduate
103100.9834,Graduate
79896.30087,Graduate
18680.58974,Graduate
75389.12538,Graduate
83238.34128,Graduate
69605.82908,Graduate
76753.1703,Graduate
73651.64602,Graduate
56607.9652,Graduate
102249.5739,Graduate
104340.8633,Graduate
49153.51072,Graduate
92121.69685,Graduate
114139.5588,Graduate
94061.65578,Graduate
54513.37985,Graduate
120316.8513,Graduate
98326.44866,Graduate
49130.67883,Graduate
65333.15649,Graduate
89569.50029,Graduate
104468.2454,Graduate
93078.49353,Graduate
72951.66357,Graduate
112697.5812,Graduate
33637.73203,Graduate
103294.956,Graduate
106182.1561,Graduate
96294.1794,Graduate
97719.11607,Graduate
76131.65125,Graduate
98826.63961,Graduate
87921.5968,Graduate
97763.63821,Graduate
63402.9219,Graduate
44161.32097,Graduate
78561.25705,Graduate
68665.38743,Graduate
127016.8044,Graduate
90588.04715,Graduate
90771.52416,Graduate
109208.6323,Graduate
88804.36808,Graduate
89491.79559,Graduate
118750.9472,Graduate
88772.99814,Graduate
105797.9484,Graduate
111669.8633,Graduate
107999.4104,Graduate
100347.2141,Graduate
103911.7147,Graduate
114160.7047,Graduate
120140.9883,Graduate
87540.94087,Graduate
145944.0207,Graduate
100073.6739,Graduate
93535.49762,Graduate
108219.3589,Graduate
77107.44005,Graduate
77103.61626,Graduate
85080.80166,Graduate
122774.7017,Graduate
73310.14643,Graduate
78820.60106,Graduate
43977.46374,Graduate
74808.50497,Graduate
82624.95753,Graduate
116550.9376,Graduate
99871.99362,Graduate
94732.13437,Graduate
71546.64458,Graduate
99750.48299,Graduate
95481.70949,Graduate
86540.82326,Graduate
79131.51781,Graduate
122865.4095,Graduate
68878.84343,Graduate
69221.65469,Graduate
63632.58577,Graduate
94893.87449,Graduate
84087.1802,Graduate
88483.73809,Graduate
88908.11466,Graduate
44500.02347,Graduate
102065.9599,Graduate
86537.11528,Graduate
85510.46404,Graduate
92639.70907,Graduate
60328.19279,Graduate
89536.27762,Graduate
89770.87945,Graduate
77346.38115,Graduate
73952.67096,Graduate
86783.15492,Graduate
92742.73829,Graduate
89290.14059,Graduate
88574.11652,Graduate
110689.2418,Graduate
74335.29669,Graduate
77114.29907,Graduate
71567.44351,Graduate
127326.6511,Graduate
52265.96897,Graduate
90365.06566,Graduate
67671.25651,Graduate
79700.55181,Graduate
89983.0388,Graduate
58588.30702,Graduate
89941.63301,Graduate
116945.2417,Graduate
116431.518,Graduate
99711.29129,Graduate
40056.1029,Graduate
89323.37365,Graduate
82133.87491,Graduate
108611.3593,Graduate
73938.51082,Graduate
105600.7216,Graduate
95342.0363,Graduate
109149.0147,Graduate
108590.0973,Graduate
72177.99591,Graduate
76598.30522,Graduate
96971.6952,Graduate
97290.25412,Graduate
90077.78485,Graduate
98438.15433,Graduate
101582.9015,Graduate
119887.521,Graduate
95152.24545,Graduate
60861.51193,Graduate
123507.736,Graduate
98534.06238,Graduate
75455.80568,Graduate
64902.7715,Graduate
77991.09786,Graduate
68622.75597,Graduate
43372.62238,Graduate
80331.11129,Graduate
46521.81484,Graduate
61206.03222,Graduate
49202.78372,Graduate
61373.15549,Graduate
98824.58638,Graduate
88006.17493,Graduate
138308.1849,Graduate
122600.6952,Graduate
85320.69277,Graduate
75756.11024,Graduate
83026.22379,Graduate
96085.33744,Graduate
115848.6658,Graduate
105660.6523,Graduate
117513.625,Graduate
93955.17653,Graduate
95507.05576,Graduate
94291.4974,Graduate
106159.0508,Graduate
108700.9437,Graduate
69468.06253,Graduate
94325.59909,Graduate
87007.16948,Graduate
54296.53681,Graduate
89554.0218,Graduate
84250.46268,Graduate
95159.96222,Graduate
71529.87394,Graduate
104340.2236,Graduate
79912.66983,Graduate
85715.7025,Graduate
91892.62884,Graduate
77718.35807,Graduate
133439.9463,Graduate
56029.50631,Graduate
85297.03631,Graduate
35081.50396,Graduate
65105.20718,Graduate
32905.02801,Graduate
58177.84428,Graduate
121846.4839,Graduate
95268.20402,Graduate
122782.2803,Graduate
99616.001,Graduate
61218.23789,Graduate
86362.28379,Graduate
55223.70584,Graduate
98922.0881,Graduate
56433.31064,Graduate
95895.63639,Graduate
67830.81371,Graduate
86992.50606,Graduate
96586.446,Graduate
68891.24765,Graduate
58865.49628,Graduate
88638.10581,Graduate
106871.0065,Graduate
66430.61333,Graduate
77105.42557,Graduate
65794.8978,Graduate
101409.0393,Graduate
65368.40234,Graduate
63360.77773,Graduate
96681.45107,Graduate
62976.96218,Graduate
120922.5517,Graduate
78501.32898,Graduate
130413.401,Graduate
102746.0439,Graduate
75684.19006,Graduate
61667.63684,Graduate
59293.29649,Graduate
118592.5284,Graduate
67038.40792,Graduate
64595.74755,Graduate
94110.24408,Graduate
109488.2109,Graduate
135946.1437,Graduate
90675.82333,Graduate
71128.75097,Graduate
37322.86597,Graduate
13130.11912,Graduate
55180.57456,Graduate
72997.64388,Graduate
116757.4682,Graduate
90510.48815,Graduate
71022.02867,Graduate
86761.20227,Graduate
66035.96397,Graduate
52430.37556,Graduate
89375.87693,Graduate
108310.8321,Graduate
82459.19852,Graduate
111113.5152,Graduate
58652.61902,Graduate
80657.6919,Graduate
70555.87974,Graduate
86078.4929,Graduate
104653.8534,Graduate
48719.27978,Graduate
98955.63071,Graduate
116690.1559,Graduate
74672.89164,Graduate
103774.5189,Graduate
48981.6009,Graduate
59270.46669,Graduate
88269.09067,Graduate
74300.57412,Graduate
72362.38925,Graduate
80390.31213,Graduate
99549.106,Graduate
81205.29055,Graduate
121294.0452,Graduate
96985.91849,Graduate
100759.4759,Graduate
52582.83613,Graduate
53554.84152,Graduate
109091.773,Graduate
79774.44559,Graduate
67688.0912,Graduate
88669.30046,Graduate
84312.97866,Graduate
74559.02577,Graduate
43211.18196,Graduate
45607.41915,Graduate
31933.19139,Graduate
40047.36245,Graduate
53014.24997,Graduate
47427.40925,Graduate
46358.85159,Graduate
72578.12745,Graduate
75848.68039,Graduate
38147.13313,Graduate
90383.41122,Graduate
108207.9796,Graduate
62742.59453,Graduate
95554.46586,Graduate
89178.44801,Graduate
97298.73069,Graduate
92777.6472,Graduate
81635.8283,Graduate
85639.29392,Graduate
88063.29702,Graduate
56044.31952,Graduate
114724.3185,Graduate
55199.31812,Graduate
63542.53177,Graduate
76449.35804,Graduate
101481.7447,Graduate
60106.99232,Graduate
79740.3496,Graduate
68851.43808,Graduate
102458.3789,Graduate
56960.64536,Graduate
85014.75429,Graduate
69153.30405,Graduate
102543.02,Graduate
115602.4083,Graduate
39194.14476,Graduate
89883.47252,Graduate
68904.88514,Graduate
84489.55606,Graduate
58859.79495,Graduate
106265.9171,Graduate
99835.7088,Graduate
57056.43885,Graduate
81390.61667,Graduate
77221.68508,Graduate
84596.47618,Graduate
53855.36527,Graduate
93681.7228,Graduate
24805.80492,Graduate
39060.3142,Graduate
94154.57096,Graduate
85408.51819,Graduate
105528.4199,Graduate
91657.56201,Graduate
84419.94991,Graduate
62146.222,Graduate
135069.7136,Graduate
50208.97424,Graduate
106712.5691,Graduate
81097.99132,Graduate
73020.8723,Graduate
88927.03122,Graduate
90255.11535,Graduate
55580.00531,Graduate
44346.55925,Graduate
67297.49873,Graduate
40145.15698,Graduate
90795.57012,Graduate
92283.53756,Graduate
39782.09623,Graduate
86386.06091,Graduate
74794.14795,Graduate
80468.11023,Graduate
90087.68294,Graduate
72624.73569,Graduate
105287.4376,Graduate
97099.37845,Graduate
114027.4188,Graduate
123083.2094,Graduate
64936.56679,Graduate
105186.0609,Graduate
98183.82129,Graduate
86738.98316,Graduate
43778.21645,Graduate
69102.39221,Graduate
60086.53497,Graduate
73103.39508,Graduate
69277.55959,Graduate
100891.4156,Graduate
113669.4122,Graduate
85575.78427,Graduate
114128.9826,Graduate
69073.54572,Graduate
79310.07371,Graduate
84513.85906,Graduate
52696.59029,Graduate
66596.97633,Graduate
48444.65324,Graduate
77264.46593,Graduate
63953.14147,Graduate
88803.4048,Graduate
68549.49167,Graduate
91515.47688,Graduate
103997.0384,Graduate
73587.80248,Graduate
62883.2581,Graduate
93479.37673,Graduate
69762.58069,Graduate
87742.03902,Graduate
44884.36619,Graduate
96758.9248,Graduate
46199.96266,Graduate
98287.94163,Graduate
70917.6154,Graduate
131947.0516,Graduate
59137.11939,Graduate
98190.56885,Graduate
104379.6907,Graduate
102690.6308,Graduate
113515.8873,Graduate
65390.28766,Graduate
77072.68948,Graduate
71282.41018,Graduate
103976.8051,Graduate
114370.8956,Graduate
52505.91136,Graduate
74691.73594,Graduate
107983.4557,Graduate
88943.12315,Graduate
90945.58789,Graduate
66392.0572,Graduate
44543.48327,Graduate
88725.4754,Graduate
74884.93592,Graduate
50436.85002,Graduate
53065.71852,Graduate
78037.05654,Graduate
107373.498,Graduate
36876.00832,Graduate
71401.99789,Graduate
75188.5465,Graduate
81789.20421,Graduate
79913.47305,Graduate
90750.15085,Graduate
82691.69344,Graduate
97160.68651,Graduate
65938.66763,Graduate
79717.47016,Graduate
87868.18871,Graduate
68219.37088,Graduate
89321.51394,Graduate
40177.94728,Graduate
79033.42836,Graduate
83451.69395,Graduate
79915.16188,Graduate
85287.87657,Graduate
52537.94525,Graduate
85950.09691,Graduate
91352.90296,Graduate
111447.7205,Graduate
97135.40048,Graduate
117397.6074,Graduate
72390.73399,Graduate
97785.80677,Graduate
49445.58714,Graduate
88835.10217,Graduate
93899.39351,Graduate
64007.74495,Graduate
91015.92136,Graduate
92975.81816,Graduate
85214.40281,Graduate
58302.27599,Graduate
111370.8845,Graduate
84518.40289,Graduate
90336.97498,Graduate
136923.0805,Graduate
119045.18,Graduate
105165.3633,Graduate
105657.0841,Graduate
72701.12401,Graduate
94798.74736,Graduate
106172.0028,Graduate
65355.19917,Graduate
97291.89452,Graduate
91398.7938,Graduate
37591.09494,Graduate
127833.9569,Graduate
115408.3838,Graduate
99013.48282,Graduate
99713.13244,Graduate
89668.9341,Graduate
71531.22232,Graduate
98286.64963,Graduate
116274.0802,Graduate
70741.382,Graduate
101342.4519,Graduate
82294.51547,Graduate
73842.47585,Graduate
83013.68582,Graduate
105728.9873,Graduate
89828.22835,Graduate
54667.5448,Graduate
53996.41356,Graduate
105764.7394,Graduate
91472.84759,Graduate
67590.8543,Graduate
73882.01173,Graduate
94982.61813,Graduate
27357.18151,Graduate
65073.24964,Graduate
102017.2404,Graduate
121743.8244,Graduate
100499.0765,Graduate
96063.31076,Graduate
81297.11133,Graduate
93079.20925,Graduate
51979.01913,Graduate
130602.7168,Graduate
80054.01749,Graduate
58820.52677,Graduate
90281.6231,Graduate
41369.68101,Graduate
65751.53514,Graduate
95383.98119,Graduate
80654.95147,Graduate
88728.82372,Graduate
84905.47326,Graduate
130765.8887,Graduate
86304.07707,Graduate
45396.52429,Graduate
53019.70674,Graduate
81676.23555,Graduate
109726.8597,Graduate
72381.05543,Graduate
90161.57743,Graduate
76543.54971,Graduate
88217.49915,Graduate
78779.05427,Graduate
97212.60136,Graduate
72003.36687,Graduate
69653.67651,Graduate
96579.85529,Graduate
70759.03311,Graduate
94837.28161,Graduate
59787.40033,Graduate
73131.67524,Graduate
119189.157,Graduate
79441.4083,Graduate
67204.48611,Graduate
98068.29396,Graduate
90759.04217,Graduate
77465.7807,Graduate
102442.3203,Graduate
109758.0843,Graduate
14625.14017,Graduate
72351.97342,Graduate
104586.8062,Graduate
82498.20828,Graduate
88322.62206,Graduate
80073.50029,Graduate
108230.8867,Graduate
76780.8697,Graduate
76079.92506,Graduate
76614.51466,Graduate
77283.74861,Graduate
72546.98156,Graduate
92442.16734,Graduate
55323.87778,Graduate
111038.2293,Graduate
92514.45621,Graduate
95588.06917,Graduate
72927.64527,Graduate
90904.61117,Graduate
112011.2481,Graduate
78779.76569,Graduate
76041.1086,Graduate
99772.75599,Graduate
113361.3096,Graduate
69224.16951,Graduate
55735.43914,Graduate
76475.89682,Graduate
90580.92366,Graduate
61892.73747,Graduate
87903.38357,Graduate
83510.63817,Graduate
81314.97554,Graduate
122899.2488,Graduate
69930.08621,Graduate
91972.92663,Graduate
45974.4195,Graduate
71319.45998,Graduate
116469.9048,Graduate
107977.1396,Graduate
36354.52215,Graduate
67868.70457,Graduate
62049.98002,Graduate
79298.25784,Graduate
88837.68357,Graduate
88857.16901,Graduate
105748.0262,Graduate
90412.84757,Graduate
73120.13146,Graduate
79501.81357,Graduate
59565.93916,Graduate
132516.3113,Graduate
89797.69159,Graduate
74773.50396,Graduate
83097.01646,Graduate
109958.168,Graduate
135008.2482,Graduate
41335.10046,Graduate
76022.90301,Graduate
101188.7216,Graduate
72392.57746,Graduate
59077.63293,Graduate
118928.272,Graduate
94818.1014,Graduate
23505.92548,Graduate
84457.42297,Graduate
75498.7071,Graduate
73763.06548,Graduate
92376.91507,Graduate
80290.94226,Graduate
93677.21185,Graduate
94345.04263,Graduate
75049.22116,Graduate
102136.6489,Graduate
91644.38769,Graduate
87473.47059,Graduate
61618.0033,Graduate
81889.8016,Graduate
94070.34758,Graduate
125562.6414,Graduate
126445.1884,Graduate
90170.88136,Graduate
33277.9376,Graduate
118272.0187,Graduate
81097.49529,Graduate
102933.6398,Graduate
53352.4732,Graduate
99475.18404,Graduate
89478.27448,Graduate
87156.35862,Graduate
83523.90433,Graduate
58625.49108,Graduate
91502.82967,Graduate
66758.50064,Graduate
59026.9813,Graduate
94385.49443,Graduate
74450.10618,Graduate
68778.51031,Graduate
107280.7877,Graduate
107015.4967,Graduate
98087.26833,Graduate
68627.15363,Graduate
116312.1273,Graduate
119496.0737,Graduate
75152.77488,Graduate
70434.90835,Graduate
147661.2183,Graduate
79964.92116,Graduate
70943.80398,Graduate
117717.3294,Graduate
113318.9855,Graduate
60384.25769,Graduate
88062.77119,Graduate
65360.10249,Graduate
94663.87492,Graduate
99459.15532,Graduate
90337.85826,Graduate
112281.6122,Graduate
92032.64298,Graduate
55481.79302,Graduate
122137.7937,Graduate
79498.38289,Graduate
56019.04813,Graduate
55189.86741,Graduate
49281.36134,Graduate
77369.04621,Graduate
77401.11047,Graduate
91043.01992,Graduate
70413.30048,Graduate
85208.16908,Graduate
93372.62599,Graduate
65078.4582,Graduate
79382.32908,Graduate
109801.9682,Graduate
94058.89741,Graduate
60985.75736,Graduate
97619.9533,Graduate
79686.97266,Graduate
90023.49489,Graduate
69074.76463,Graduate
94273.27718,Graduate
128537.4078,Graduate
102128.8789,Graduate
80712.05411,Graduate
74335.53236,Graduate
68124.98934,Graduate
81757.51081,Graduate
73951.26121,Graduate
86818.26416,Graduate
70249.8623,Graduate
112606.3441,Graduate
58575.74528,Graduate
67438.02988,Graduate
94729.22878,Graduate
76034.04077,Graduate
106856.875,Graduate
95690.43737,Graduate
45437.79824,Graduate
57480.26567,Graduate
83591.78624,Graduate
79264.50809,Graduate
99542.19619,Graduate
90296.82724,Graduate
54064.36688,Graduate
57633.15285,Graduate
118857.1964,Graduate
72556.9666,Graduate
87914.37269,Graduate
81532.79246,Graduate
111005.8179,Graduate
93800.8821,Graduate
85899.72298,Graduate
86042.37492,Graduate
76297.28377,Graduate
120536.7641,Graduate
16300.77484,Graduate
92986.08271,Graduate
61478.01799,Graduate
110701.331,Graduate
54899.89992,Graduate
86329.25858,Graduate
78827.09261,Graduate
93084.03713,Graduate
49571.23676,Graduate
102063.7949,Graduate
94664.41587,Graduate
85087.38916,Graduate
86595.41438,Graduate
82378.67636,Graduate
104890.2403,Graduate
108543.494,Graduate
83073.22902,Graduate
69821.95722,Graduate
70109.25706,Graduate
49831.59003,Graduate
96581.63661,Graduate
112108.1283,Graduate
75542.20807,Graduate
87318.91897,Graduate
72415.89551,Graduate
86718.80816,Graduate
76418.5286,Graduate
89426.08962,Graduate
70426.91012,Graduate
146635.4431,Graduate
79557.83125,Graduate
83075.7439,Graduate
113923.5612,Graduate
58798.87681,Graduate
112843.2954,Graduate
89722.86201,Graduate
64072.18662,Graduate
76306.39181,Graduate
74839.03688,Graduate
143725.2661,Graduate
85040.50857,Graduate
111999.9749,Graduate
69136.607,Graduate
67091.27121,Graduate
79765.79809,Graduate
94493.28401,Graduate
80899.24938,Graduate
85308.02914,Graduate
78463.37826,Graduate
85914.78694,Graduate
103427.0338,Graduate
103474.4387,Graduate
94506.97697,Graduate
101571.6432,Graduate
94992.40803,Graduate
67754.93622,Graduate
109592.4521,Graduate
76443.67862,Graduate
74956.3416,Graduate
46331.45115,Graduate
73766.64697,Graduate
122436.5044,Graduate
117008.4744,Graduate
82455.79382,Graduate
64990.42972,Graduate
73629.624,Graduate
107326.2269,Graduate
114347.8399,Graduate
87662.43754,Graduate
100013.8437,Graduate
130705.2707,Graduate
78279.97857,Graduate
68691.9963,Graduate
80229.53362,Graduate
71325.32309,Graduate
100783.0557,Graduate
52240.77378,Graduate
84282.70212,Graduate
51088.822,Graduate
77035.61254,Graduate
77253.84106,Graduate
80934.04018,Graduate
102772.1268,Graduate
88513.65818,Graduate
56678.97178,Graduate
118901.6307,Graduate
102114.461,Graduate
57640.11291,Graduate
75216.14826,Graduate
68650.52167,Graduate
123365.9664,Graduate
123978.0532,Graduate
104929.0526,Graduate
87356.76698,Graduate
62489.12384,Graduate
87181.55664,Graduate
96250.11909,Graduate
58061.5239,Graduate
93293.45757,Graduate
90022.76496,Graduate
133632.4365,Graduate
62739.29752,Graduate
83433.94105,Graduate
50866.19256,Graduate
87629.11649,Graduate
94441.57863,Graduate
38965.49322,Graduate
98669.23318,Graduate
74499.89986,Graduate
78658.34357,Graduate
101738.9285,Graduate
50790.63839,Graduate
52555.35079,Graduate
49551.54486,Graduate
88164.69293,Graduate
83531.91191,Graduate
124045.9093,Graduate
69106.07068,Graduate
77673.83864,Graduate
109413.8334,Graduate
95306.9543,Graduate
102316.642,Graduate
64713.85961,Graduate
83576.4741,Graduate
86652.82368,Graduate
92733.408,Graduate
46530.43937,Graduate
83156.68438,Graduate
75202.31458,Graduate
92449.55071,Graduate
111578.9017,Graduate
82317.22959,Graduate
119861.6377,Graduate
73417.27613,Graduate
60415.99089,Graduate
103124.4951,Graduate
87334.92269,Graduate
92123.75306,Graduate
98335.3744,Graduate
59793.01522,Graduate
73513.65797,Graduate
101330.5791,Graduate
118291.5694,Graduate
68300.87608,Graduate
74522.4736,Graduate
57965.67987,Graduate
91622.39136,Graduate
61419.58307,Graduate
76253.70006,Graduate
103727.2978,Graduate
62608.66445,Graduate
110350.032,Graduate
96582.91747,Graduate
38307.9766,Graduate
93697.82004,Graduate
84816.43426,Graduate
116769.5811,Graduate
100390.5791,Graduate
87997.44111,Graduate
75197.06414,Graduate
72911.35922,Graduate
72156.60539,Graduate
98013.51913,Graduate
91272.45253,Graduate
81617.43459,Graduate
78796.93058,Graduate
72109.31876,Graduate
67423.78655,Graduate
105949.8339,Graduate
88783.44098,Graduate
95212.66108,Graduate
94834.38138,Graduate
111597.8926,Graduate
71147.58448,Graduate
102066.4672,Graduate
59239.68727,Graduate
88275.77892,Graduate
63849.79521,Graduate
63928.69753,Graduate
87974.49005,Graduate
85187.68536,Graduate
66899.99825,Graduate
84427.23381,Graduate
74232.75138,Graduate
101281.4426,Graduate
109224.847,Graduate
109349.8549,Graduate
83750.15068,Graduate
130548.4979,Graduate
86218.58709,Graduate
88331.5263,Graduate
95817.71044,Graduate
68078.93827,Graduate
46900.60372,Graduate
98828.87431,Graduate
88576.4694,Graduate
94314.48338,Graduate
43163.66476,Graduate
55599.82608,Graduate
52890.00991,Graduate
80591.52805,Graduate
48363.53438,Graduate
100940.2347,Graduate
90917.04638,Graduate
107970.1126,Graduate
120125.6887,Graduate
66095.95215,Graduate
91234.06053,Graduate
84103.53304,Graduate
111016.1416,Graduate
111072.8733,Graduate
75369.82102,Graduate
77237.13828,Graduate
84573.81836,Graduate
110926.8423,Graduate
60486.82154,Graduate
82207.0995,Graduate
34956.78026,Graduate
71634.83261,Graduate
54102.78121,Graduate
75763.60004,Graduate
87543.69023,Graduate
27130.92097,Graduate
121088.7183,Graduate
92691.29872,Graduate
98140.28954,Graduate
83744.66695,Graduate
61135.6873,Graduate
80835.69286,Graduate
124196.9977,Graduate
60446.86658,Graduate
71448.43701,Graduate
115667.3743,Graduate
74334.94336,Graduate
105360.5934,Graduate
101959.4796,Graduate
118760.1632,Graduate
88037.70687,Graduate
59115.99002,Graduate
84633.92556,Graduate
84552.27396,Graduate
66577.86973,Graduate
88279.2063,Graduate
83032.87216,Graduate
112481.9504,Graduate
78592.74476,Graduate
59938.75927,Graduate
78315.24931,Graduate
67326.27085,Graduate
79804.86465,Graduate
89661.15328,Graduate
62829.40532,Graduate
73105.99365,Graduate
69549.30587,Graduate
64475.06569,Graduate
71676.82007,Graduate
59244.14163,Graduate
107686.5118,Graduate
81558.80174,Graduate
80886.89929,Graduate
90367.35914,Graduate
89669.31415,Graduate
82460.65337,Graduate
98316.55025,Graduate
123179.4979,Graduate
77621.75952,Graduate
118308.6346,Graduate
91571.56422,Graduate
98532.82674,Graduate
110575.4343,Graduate
88027.72659,Graduate
84862.16587,Graduate
75288.78445,Graduate
94160.90671,Graduate
77274.89176,Graduate
95426.05197,Graduate
48286.75527,Graduate
114142.8384,Graduate
83392.10528,Graduate
34877.87881,Graduate
112592.7899,Graduate
81932.18417,Graduate
124284.6203,Graduate
103971.8147,Graduate
102575.85,Graduate
73226.32381,Graduate
113337.2943,Graduate
129417.2118,Graduate
85659.78889,Graduate
78051.73544,Graduate
88223.65287,Graduate
101565.5565,Graduate
73515.39267,Graduate
128859.128,Graduate
64056.9737,Graduate
78252.00568,Graduate
67717.32681,Graduate
61144.5306,Graduate
71565.77018,Graduate
123293.0743,Graduate
38302.82638,Graduate
84172.14579,Graduate
69899.05134,Graduate
88168.41201,Graduate
88396.49384,Graduate
51241.25228,Graduate
68352.58041,Graduate
64413.91983,Graduate
95358.26196,Graduate
74080.49673,Graduate
92304.45042,Graduate
92265.45571,Graduate
76623.99538,Graduate
85383.76266,Graduate
76756.85579,Graduate
74531.26693,Graduate
95268.29715,Graduate
73645.58845,Graduate
57257.51163,Graduate
68698.74547,Graduate
101628.6508,Graduate
101403.5247,Graduate
101881.2748,Graduate
47157.78394,Graduate
94860.21677,Graduate
94723.63454,Graduate
96214.64923,Graduate
82155.00409,Graduate
130746.8269,Graduate
99605.4286,Graduate
82586.89424,Graduate
86627.84194,Graduate
82776.78801,Graduate
120117.1135,Graduate
90776.10418,Graduate
74995.17992,Graduate
66459.15512,Graduate
66483.74498,Graduate
79024.05461,Graduate
65442.77958,Graduate
105416.9965,Graduate
89298.86022,Graduate
62358.39024,Graduate
61320.63901,Graduate
101059.8658,Graduate
86645.30872,Graduate
66424.45196,Graduate
90079.03952,Graduate
107686.3929,Graduate
121683.2847,Graduate
116005.5315,Graduate
65220.68028,Graduate
73193.77092,Graduate
88537.3256,Graduate
43937.4722,Graduate
72760.31518,Graduate
59641.76924,Graduate
45636.19992,Graduate
64681.29003,Graduate
62296.57426,Graduate
63622.52155,Graduate
108208.0266,Graduate
91099.04926,Graduate
82932.03707,Graduate
99757.87576,Graduate
87762.35022,Graduate
58420.32056,Graduate
79400.54607,Graduate
109167.4364,Graduate
58229.25355,Graduate
73248.42176,Graduate
35169.76148,Graduate
108478.8443,Graduate
67569.87003,Graduate
64953.27621,Graduate
73761.2822,Graduate
53521.61676,Graduate
42109.01755,Graduate
54771.72469,Graduate
67336.07043,Graduate
137552.6472,Graduate
68269.64192,Graduate
81582.63487,Graduate
73783.99732,Graduate
90359.47557,Graduate
83135.48829,Graduate
94728.48477,Graduate
98166.02738,Graduate
72903.41491,Graduate
85631.49689,Graduate
37888.7423,Graduate
90020.39353,Graduate
107891.5102,Graduate
74917.04361,Graduate
95658.92508,Graduate
103619.5248,Graduate
73197.77363,Graduate
97878.34726,Graduate
98713.11271,Graduate
60537.05687,Graduate
75709.6257,Graduate
90591.90589,Graduate
81533.41555,Graduate
141761.8508,Graduate
37540.85928,Graduate
102270.5721,Graduate
115077.5497,Graduate
83699.76368,Graduate
66663.26449,Graduate
41122.44423,Graduate
70103.39826,Graduate
58316.46553,Graduate
78919.71367,Graduate
64307.87402,Graduate
97604.75122,Graduate
59805.84978,Graduate
82947.20363,Graduate
109312.9688,Graduate
103028.0399,Graduate
98593.79698,Graduate
89196.08612,Graduate
116773.9312,Graduate
86379.73332,Graduate
67612.3453,Graduate
80467.31464,Graduate
81537.30964,Graduate
46523.24168,Graduate
131713.1704,Graduate
31484.04578,Graduate
72995.14248,Graduate
88367.98763,Graduate
79014.13918,Graduate
70615.7737,Graduate
108928.1979,Graduate
95042.54061,Graduate
113018.2998,Graduate
77708.38958,Graduate
97637.61284,Graduate
69724.04879,Graduate
47521.23443,Graduate
116306.781,Graduate
79273.28383,Graduate
69968.56604,Graduate
93420.85175,Graduate
43411.21958,Graduate
78056.39419,Graduate
48745.56092,Graduate
100597.4614,Graduate
85366.61243,Graduate
66874.0154,Graduate
90509.42071,Graduate
54945.30173,Graduate
66428.36301,Graduate
59138.09388,Graduate
109314.6924,Graduate
82068.65722,Graduate
108581.0778,Graduate
67701.09476,Graduate
92362.3835,Graduate
84890.22531,Graduate
63718.37382,Graduate
77924.85541,Graduate
79952.6111,Graduate
125563.3419,Graduate
27665.36181,Graduate
59523.92952,Graduate
84241.78806,Graduate
102314.2379,Graduate
86364.36704,Graduate
86293.56585,Graduate
64224.34038,Graduate
89237.1949,Graduate
60163.59149,Graduate
59918.01235,Graduate
87175.36785,Graduate
99263.71051,Graduate
80958.90186,Graduate
65385.21015,Graduate
75406.80423,Graduate
65957.53098,Graduate
77194.75699,Graduate
83357.38993,Graduate
99594.58867,Graduate
76236.7947,Graduate
109963.4911,Graduate
21385.42988,Graduate
62028.7777,Graduate
72838.75448,Graduate
123339.307,Graduate
59482.90564,Graduate
77810.11297,Graduate
100191.4138,Graduate
66389.62877,Graduate
103486.2558,Graduate
111720.5409,Graduate
91722.5793,Graduate
74727.2147,Graduate
83849.1125,Graduate
79887.11945,Graduate
60974.80181,Graduate
59325.37631,Graduate
62402.90252,Graduate
110003.8082,Graduate
111609.2287,Graduate
83419.48239,Graduate
83362.03018,Graduate
112529.877,Graduate
104193.784,Graduate
138856.3439,Graduate
98694.15892,Graduate
65330.46453,Graduate
127407.3293,Graduate
66008.87375,Graduate
69610.28212,Graduate
109696.6618,Graduate
99233.18036,Graduate
81584.29264,Graduate
79989.69795,Graduate
88744.20028,Graduate
63598.88698,Graduate
88539.15298,Graduate
123375.4748,Graduate
65659.72297,Graduate
121525.0008,Graduate
72020.97042,Graduate
101990.8087,Graduate
75110.8594,Graduate
85066.31817,Graduate
108262.1809,Graduate
82595.93117,Graduate
50104.27776,Graduate
79437.16947,Graduate
73953.08344,Graduate
67648.73275,Graduate
99407.52639,Graduate
73504.71834,Graduate
93127.63554,Graduate
45369.90792,Graduate
87877.70128,Graduate
60583.87099,Graduate
121051.7892,Graduate
89306.36554,Graduate
88076.29388,Graduate
96585.89589,Graduate
66435.72468,Graduate
106403.4167,Graduate
83324.34062,Graduate
110707.2525,Graduate
66473.76355,Graduate
89819.16241,Graduate
69455.83997,Graduate
68743.03256,Graduate
102498.2287,Graduate
59535.36882,Graduate
83344.18059,Graduate
67616.28031,Graduate
57247.07176,Graduate
56002.09463,Graduate
58533.23958,Graduate
83905.87957,Graduate
64796.35242,Graduate
61632.15059,Graduate
84653.11834,Graduate
68936.39713,Graduate
83252.03932,Graduate
75216.39079,Graduate
115565.4228,Graduate
46073.02954,Graduate
55611.88112,Graduate
86295.46745,Graduate
79932.24295,Graduate
126277.8583,Graduate
99246.75168,Graduate
74806.57736,Graduate
98499.69064,Graduate
65248.85905,Graduate
130468.3441,Graduate
85981.68675,Graduate
81017.64442,Graduate
95719.4591,Graduate
98064.10953,Graduate
99594.91513,Graduate
101015.7872,Graduate
92783.81967,Graduate
70350.46812,Graduate
95500.19545,Graduate
77656.85527,Graduate
66499.59931,Graduate
98332.85039,Graduate
81001.20821,Graduate
88513.6751,Graduate
87208.28691,Graduate
83029.20088,Graduate
83174.00578,Graduate
125216.9564,Graduate
74546.14725,Graduate
66679.16543,Graduate
56418.67272,Graduate
48422.61447,Graduate
127518.8457,Graduate
85601.10461,Graduate
79383.17674,Graduate
110624.7659,Graduate
91870.91375,Graduate
91522.09398,Graduate
89084.03109,Graduate
70260.02112,Graduate
100123.711,Graduate
40066.95987,Graduate
78084.59986,Graduate
51139.63932,Graduate
97925.28079,Graduate
71716.72107,Graduate
92207.32225,Graduate
154704.5479,Graduate
130719.6695,Graduate
80082.45452,Graduate
64248.76949,Graduate
84751.23588,Graduate
85750.41512,Graduate
99976.40961,Graduate
72007.16509,Graduate
82899.5132,Graduate
87735.23665,Graduate
74177.36262,Graduate
75159.96653,Graduate
78351.90862,Graduate
124767.1165,Graduate
38851.68629,Graduate
85475.15522,Graduate
64223.43965,Graduate
98169.19733,Graduate
103320.947,Graduate
68555.94898,Graduate
68165.94398,Graduate
104012.4171,Graduate
110580.6695,Graduate
121948.2145,Graduate
86380.72862,Graduate
102340.6447,Graduate
130079.1362,Graduate
84983.02164,Graduate
90809.93523,Graduate
86210.50315,Graduate
69454.95715,Graduate
119038.8277,Graduate
89640.77702,Graduate
94426.01054,Graduate
88702.80739,Graduate
80588.40901,Graduate
79770.48966,Graduate
77759.18947,Graduate
106265.532,Graduate
110231.6687,Graduate
63475.83166,Graduate
128305.914,Graduate
135745.5661,Graduate
67019.09821,Graduate
134478.8217,Graduate
94225.32749,Graduate
109675.0136,Graduate
43141.69435,Graduate
129413.319,Graduate
109464.6411,Graduate
62256.45729,Graduate
98665.55455,Graduate
85613.30795,Graduate
82184.63897,Graduate
94658.72671,Graduate
90329.24038,Graduate
52329.91325,Graduate
84475.31743,Graduate
78111.5448,Graduate
83943.01639,Graduate
66903.85397,Graduate
91068.41822,Graduate
49031.92603,Graduate
69670.04403,Graduate
90407.64163,Graduate
80343.40754,Graduate
104769.8063,Graduate
100356.7958,Graduate
117817.7549,Graduate
109785.6353,Graduate
84813.89493,Graduate
67710.90493,Graduate
74814.12175,Graduate
59803.59267,Graduate
43911.03795,Graduate
48565.97711,Graduate
88529.83447,Graduate
70154.36446,Graduate
59407.22023,Graduate
97861.09511,Graduate
73733.11339,Graduate
129972.1791,Graduate
71623.47548,Graduate
79178.19033,Graduate
140965.2199,Graduate
92664.82589,Graduate
61599.78533,Graduate
101713.1182,Graduate
86722.53508,Graduate
76099.82332,Graduate
89025.47179,Graduate
111611.5795,Graduate
22123.09875,Graduate
93964.97062,Graduate
128665.6289,Graduate
113090.4158,Graduate
104664.0923,Graduate
81986.02239,Graduate
117515.4191,Graduate
65506.42267,Graduate
88885.99912,Graduate
71044.04886,Graduate
121694.9573,Graduate
95264.83848,Graduate
75258.08159,Graduate
51693.36551,Graduate
109195.029,Graduate
92935.67757,Graduate
79446.25936,Graduate
66764.22432,Graduate
129848.9551,Graduate
91107.14135,Graduate
21711.39383,Graduate
31329.0498,Graduate
45401.46143,Graduate
61787.55413,Graduate
51499.0587,Graduate
84684.5546,Graduate
96171.96824,Graduate
68982.30005,Graduate
86437.05332,Graduate
91908.91264,Graduate
88138.70534,Graduate
59227.02597,Graduate
76775.33539,Graduate
97909.80359,Graduate
97133.1084,Graduate
97125.62951,Graduate
80669.15266,Graduate
59469.31043,Graduate
84649.71032,Graduate
92014.8871,Graduate
93822.58524,Graduate
87365.92292,Graduate
58615.75822,Graduate
125019.2749,Graduate
81321.73578,Graduate
90028.25884,Graduate
66119.9959,Graduate
72869.29727,Graduate
62274.98948,Graduate
62463.44981,Graduate
82804.34679,Graduate
84213.84377,Graduate
145873.4258,Graduate
90446.67409,Graduate
82085.01629,Graduate
86501.88141,Graduate
77156.03504,Graduate
72629.64268,Graduate
113126.6933,Graduate
105687.3075,Graduate
119886.8277,Graduate
88565.6801,Graduate
120452.5178,Graduate
104189.4979,Graduate
105154.165,Graduate
63672.98332,Graduate
141274.2994,Graduate
48273.90483,Graduate
76211.32941,Graduate
71616.16852,Graduate
65087.91621,Graduate
51571.51035,Graduate
70863.00376,Graduate
58929.83809,Graduate
72357.40415,Graduate
46667.54065,Graduate
75491.28544,Graduate
41947.87941,Graduate
106239.7173,Graduate
68086.61886,Graduate
33985.00002,Graduate
72676.04987,Graduate
77682.87248,Graduate
56377.27475,Graduate
66123.86186,Graduate
42530.02223,Graduate
47851.76518,Graduate
65341.77737,Graduate
104339.008,Graduate
67623.55529,Graduate
82844.57935,Graduate
119820.7413,Graduate
84879.05901,Graduate
108035.0488,Graduate
80327.82199,Graduate
94296.65727,Graduate
74242.45263,Graduate
108073.9775,Graduate
77353.59278,Graduate
67306.49294,Graduate
92824.86949,Graduate
71810.81433,Graduate
69868.87772,Graduate
89316.72598,Graduate
56696.16132,Graduate
96242.21804,Graduate
65151.12024,Graduate
79873.26688,Graduate
104668.4174,Graduate
54142.89683,Graduate
68681.68404,Graduate
88519.67201,Graduate
78161.55709,Graduate
104666.8152,Graduate
80717.01134,Graduate
101357.8402,Graduate
82062.09999,Graduate
86524.50574,Graduate
71836.40344,Graduate
108522.618,Graduate
68149.18121,Graduate
39635.59736,Graduate
69849.76124,Graduate
81766.42519,Graduate
121659.2043,Graduate
64241.83111,Graduate
108601.3499,Graduate
95249.04993,Graduate
94169.12671,Graduate
71829.34512,Graduate
94738.11288,Graduate
126031.9173,Graduate
84726.04474,Graduate
59015.45277,Graduate
106883.2374,Graduate
92236.19646,Graduate
58176.10429,Graduate
94971.74897,Graduate
44741.61598,Graduate
70145.03627,Graduate
70503.04789,Graduate
104283.5824,Graduate
108141.9726,Graduate
75908.53136,Graduate
69967.71973,Graduate
71679.5378,Graduate
85671.46092,Graduate
95319.04402,Graduate
71753.42484,Graduate
90603.84623,Graduate
98668.81606,Graduate
110122.2287,Graduate
88359.76688,Graduate
102956.3584,Graduate
78938.04999,Graduate
97103.35264,Graduate
92940.18106,Graduate
88727.68104,Graduate
71138.95024,Graduate
85794.35322,Graduate
99937.28601,Graduate
77734.28651,Graduate
80853.62502,Graduate
88809.80214,Graduate
66986.74416,Graduate
123538.2784,Graduate
53559.45456,Graduate
34921.42202,Graduate
97292.84426,Graduate
71579.4964,Graduate
88709.44692,Graduate
80786.90849,Graduate
64732.02671,Graduate
81558.28533,Graduate
108828.8723,Graduate
78700.528,Graduate
128988.3437,Graduate
71820.66,Graduate
46982.57575,Graduate
98816.63176,Graduate
119774.5918,Graduate
80385.26467,Graduate
92343.15001,Graduate
90501.17404,Graduate
89442.35137,Graduate
91109.82361,Graduate
79871.17739,Graduate
47433.53128,Graduate
47810.37506,Graduate
65238.74866,Graduate
91341.31645,Graduate
96252.61054,Graduate
90001.62738,Graduate
101453.7861,Graduate
65819.18117,Graduate
96579.07851,Graduate
98199.34449,Graduate
90155.79025,Graduate
123973.2459,Graduate
77846.26535,Graduate
123627.7774,Graduate
105298.2164,Graduate
86797.52669,Graduate
64700.30181,Graduate
94414.92552,Graduate
88126.44235,Graduate
120857.7309,Graduate
61556.07632,Graduate
35050.92895,Graduate
107776.7487,Graduate
78898.47633,Graduate
110372.1836,Graduate
88059.48617,Graduate
90169.023,Graduate
93152.65534,Graduate
106504.0131,Graduate
130079.0889,Graduate
87749.9421,Graduate
77498.0311,Graduate
80617.09271,Graduate
37270.10425,Graduate
71950.11751,Graduate
69947.73699,Graduate
85807.79144,Graduate
85651.73411,Graduate
54380.10615,Graduate
41418.68695,Graduate
71962.13546,Graduate
63222.92386,Graduate
92985.8176,Graduate
85405.2722,Graduate
84025.40171,Graduate
88995.29877,Graduate
54053.12129,Graduate
78984.26413,Graduate
97023.27403,Graduate
53788.32028,Graduate
106227.673,Graduate
54576.70319,Graduate
65500.77941,Graduate
72615.06461,Graduate
87359.13358,Graduate
84048.48768,Graduate
51766.52483,Graduate
93733.76522,Graduate
72596.10303,Graduate
86501.03409,Graduate
117516.0137,Graduate
103048.0774,Graduate
102176.311,Graduate
93064.57239,Graduate
87577.59549,Graduate
83846.99355,Graduate
90297.81467,Graduate
47328.96061,Graduate
62363.68465,Graduate
93892.09096,Graduate
76106.55691,Graduate
129989.597,Graduate
100836.4624,Graduate
111423.9965,Graduate
73576.404,Graduate
83870.06167,Graduate
133802.0688,Graduate
41623.75594,Graduate
45227.63572,Graduate
106428.2211,Graduate
86848.32692,Graduate
97494.33799,Graduate
69990.61643,Graduate
73000.30534,Graduate
64440.80165,Graduate
74960.66643,Graduate
83509.52273,Graduate
50678.17006,Graduate
95609.69748,Graduate
132999.228,Graduate
77600.98406,Graduate
77161.75917,Graduate
78833.86129,Graduate
80655.73125,Graduate
73365.71252,Graduate
100530.414,Graduate
71295.75326,Graduate
71852.84589,Graduate
74367.20856,Graduate
118421.6402,Graduate
90515.90188,Graduate
75370.49143,Graduate
61449.7603,Graduate
69649.42389,Graduate
99203.84922,Graduate
100707.4989,Graduate
120221.5474,Graduate
83289.17204,Graduate
83595.06757,Graduate
86684.4935,Graduate
84458.48808,Graduate
93203.37964,Graduate
95949.95404,Graduate
34183.59043,Graduate
39862.51445,Graduate
88820.60889,Graduate
86045.13774,Graduate
73771.73357,Graduate
62284.33348,Graduate
119681.2598,Graduate
71605.22906,Graduate
106169.5167,Graduate
30091.33156,Graduate
45905.20297,Graduate
84138.28593,Graduate
71976.64372,Graduate
89822.02547,Graduate
68033.5236,Graduate
92162.23374,Graduate
66645.35798,Graduate
97206.67032,Graduate
31382.85673,Graduate
90294.68173,Graduate
63853.78393,Graduate
69113.17289,Graduate
90865.98377,Graduate
84791.07318,Graduate
95047.05569,Graduate
60981.64013,Graduate
91862.07062,Graduate
41790.26631,Graduate
97134.65887,Graduate
56120.80838,Graduate
79427.93086,Graduate
65539.52273,Graduate
105234.691,Graduate
60140.50484,Graduate
30260.42328,Graduate
95898.79438,Graduate
56820.58056,Graduate
74012.77798,Graduate
68817.93502,Graduate
61865.13352,Graduate
91107.30777,Graduate
62328.97139,Graduate
110161.9117,Graduate
93183.21886,Graduate
65252.41554,Graduate
60632.32221,Graduate
68689.61017,Graduate
113208.2724,Graduate
60721.6653,Graduate
84380.79612,Graduate
131967.6525,Graduate
90492.49726,Graduate
106455.1027,Graduate
101651.2327,Graduate
48909.03751,Graduate
104664.9139,Graduate
51336.52812,Graduate
63153.16261,Graduate
54791.72799,Graduate
81639.46111,Graduate
106566.7996,Graduate
135014.8961,Graduate
97019.6992,Graduate
101005.2898,Graduate
84531.00373,Graduate
50339.40166,Graduate
78868.651,Graduate
127348.5892,Graduate
82226.88818,Graduate
76731.08276,Graduate
91454.18207,Graduate
71232.20757,Graduate
63963.90084,Graduate
78321.83731,Graduate
75117.93385,Graduate
49023.20658,Graduate
110658.6314,Graduate
73700.91128,Graduate
83112.47048,Graduate
65847.34663,Graduate
81607.02997,Graduate
109645.9005,Graduate
117874.0533,Graduate
106232.4826,Graduate
127917.5434,Graduate
74097.32669,Graduate
56674.25473,Graduate
101311.1645,Graduate
70925.08701,Graduate
57266.93115,Graduate
64773.38841,Graduate
64754.79646,Graduate
25716.52025,Graduate
90673.97167,Graduate
63113.9733,Graduate
104226.0629,Graduate
65752.7961,Graduate
102073.8446,Graduate
130175.4537,Graduate
120489.0413,Graduate
105091.9841,Graduate
100625.8962,Graduate
72944.39909,Graduate
90907.83337,Graduate
69144.36729,Graduate
51322.28404,Graduate
71175.09698,Graduate
83973.77651,Graduate
65383.95775,Graduate
96095.45828,Graduate
67585.05831,Graduate
75738.85291,Graduate
80810.52514,Graduate
92737.80238,Graduate
39841.60287,Graduate
102799.2755,Graduate
70901.5993,Graduate
90562.44598,Graduate
81353.76368,Graduate
124375.3146,Graduate
78019.81743,Graduate
78108.35699,Graduate
75507.41152,Graduate
91079.95658,Graduate
74340.26876,Graduate
100084.7943,Graduate
157313.8795,Graduate
55782.87594,Graduate
112445.136,Graduate
81620.86388,Graduate
87822.16469,Graduate
98648.5666,Graduate
119665.5892,Graduate
105652.4974,Graduate
132908.6274,Graduate
68416.36489,Graduate
109982.6414,Graduate
123635.5313,Graduate
74162.16085,Graduate
63917.54891,Graduate
84526.92557,Graduate
111267.8044,Graduate
104122.2326,Graduate
92739.38955,Graduate
79813.5155,Graduate
97501.47008,Graduate
74292.64257,Graduate
70879.11013,Graduate
99319.6879,Graduate
112712.0986,Graduate
65892.50121,Graduate
85970.43616,Graduate
110246.5733,Graduate
62424.89283,Graduate
100228.5679,Graduate
57240.50792,Graduate
54095.62105,Graduate
101836.4017,Graduate
97224.49582,Graduate
91446.53923,Graduate
80541.3027,Graduate
93887.73823,Graduate
67435.71859,Graduate
123568.7003,Graduate
88098.82349,Graduate
77642.98179,Graduate
73030.68979,Graduate
81024.91211,Graduate
84843.19614,Graduate
48558.33093,Graduate
81896.31632,Graduate
119725.4961,Graduate
71140.97749,Graduate
117827.6904,Graduate
58601.37095,Graduate
60791.86767,Graduate
76342.11217,Graduate
118741.0682,Graduate
87942.04566,Graduate
84771.14247,Graduate
117107.3034,Graduate
99715.14403,Graduate
43146.00052,Graduate
89187.36419,Graduate
63800.83274,Graduate
59242.38787,Graduate
87214.82229,Graduate
82988.93609,Graduate
69502.56307,Graduate
88723.73842,Graduate
93920.35262,Graduate
50572.89353,Graduate
98590.08577,Graduate
86358.55132,Graduate
81901.07581,Graduate
63978.9313,Graduate
68314.80205,Graduate
45709.19876,Graduate
105708.7519,Graduate
120834.8615,Graduate
101738.3031,Graduate
100551.127,Graduate
88098.86408,Graduate
99564.2668,Graduate
82558.8691,Graduate
89903.52781,Graduate
94363.38617,Graduate
49564.84886,Graduate
61110.63534,Graduate
72488.4401,Graduate
89897.38637,Graduate
79014.56554,Graduate
101312.771,Graduate
82949.2644,Graduate
56030.03686,Graduate
79061.49037,Graduate
98907.85438,Graduate
89239.52932,Graduate
80923.37945,Graduate
85267.56674,Graduate
75230.33064,Graduate
83063.83223,Graduate
78241.57434,Graduate
71790.3631,Graduate
64825.95407,Graduate
71009.61159,Graduate
61025.42267,Graduate
99841.16687,Graduate
58436.71785,Graduate
125225.9378,Graduate
111932.109,Graduate
24680.41156,Graduate
85703.70404,Graduate
105596.7544,Graduate
82718.28484,Graduate
76711.48817,Graduate
95230.95809,Graduate
102156.2471,Graduate
35753.71553,Graduate
99573.66924,Graduate
102277.7158,Graduate
54073.23195,Graduate
83444.59,Graduate
36163.49905,Graduate
94086.76876,Graduate
60625.47196,Graduate
105780.3334,Graduate
107624.8401,Graduate
97605.7129,Graduate
81122.75398,Graduate
111188.1516,Graduate
114542.1707,Graduate
102229.1451,Graduate
128098.1898,Graduate
90525.57198,Graduate
64697.59791,Graduate
93819.07638,Graduate
104251.6539,Graduate
80156.58377,Graduate
99219.62914,Graduate
75689.23706,Graduate
70185.1897,Graduate
85924.07592,Graduate
83726.54228,Graduate
98225.45624,Graduate
100709.3516,Graduate
54980.68254,Graduate
78915.20976,Graduate
27957.30888,Graduate
68599.67616,Graduate
58777.03404,Graduate
49343.69186,Graduate
116665.1804,Graduate
67821.59287,Graduate
92285.20004,Graduate
87174.62246,Graduate
87936.91161,Graduate
68786.05604,Graduate
65078.29536,Graduate
43975.28077,Graduate
66064.57047,Graduate
94890.24131,Graduate
65422.07226,Graduate
81681.66294,Graduate
99116.84109,Graduate
95608.06089,Graduate
52072.7501,Graduate
117195.1301,Graduate
95514.56506,Graduate
98449.52322,Graduate
77174.55611,Graduate
73467.09626,Graduate
66828.84885,Graduate
83267.78761,Graduate
55458.57633,Graduate
40522.00111,Graduate
66875.68633,Graduate
101851.7901,Graduate
82967.04691,Graduate
83758.40261,Graduate
84751.94875,Graduate
48233.32804,Graduate
112500.3203,Graduate
77595.47044,Graduate
27465.44907,Graduate
77932.06574,Graduate
100646.0526,Graduate
71956.97886,Graduate
77854.2765,Graduate
111348.2901,Graduate
69530.51651,Graduate
99553.81524,Graduate
74123.75795,Graduate
124151.9902,Graduate
112430.0595,Graduate
75353.75888,Graduate
103299.3991,Graduate
102162.8008,Graduate
72603.58336,Graduate
77818.74116,Graduate
105111.2808,Graduate
70952.72394,Graduate
79095.47313,Graduate
102928.5028,Graduate
98368.75778,Graduate
98454.74427,Graduate
105963.9469,Graduate
84620.66451,Graduate
78346.5011,Graduate
96421.21516,Graduate
80445.37993,Graduate
90507.03214,Graduate
47304.91886,Graduate
81299.67866,Graduate
103820.3922,Graduate
92323.57115,Graduate
75337.70622,Graduate
64553.78155,Graduate
89081.83481,Graduate
59406.66903,Graduate
115950.7402,Graduate
84049.19784,Graduate
81740.5873,Graduate
72553.07951,Graduate
66608.24162,Graduate
53289.31322,Graduate
112945.1749,Graduate
89128.63214,Graduate
97504.65716,Graduate
87301.8299,Graduate
90849.00003,Graduate
87296.98638,Graduate
104820.5283,Graduate
92364.75557,Graduate
78183.06018,Graduate
80414.39286,Graduate
80557.01379,Graduate
104663.3331,Graduate
95602.16014,Graduate
106084.5205,Graduate
98302.02499,Graduate
94225.35417,Graduate
130607.2154,Graduate
94966.84494,Graduate
137727.2575,Graduate
52849.77954,Graduate
55454.70565,Graduate
116610.4691,Graduate
113941.9018,Graduate
93568.59673,Graduate
66337.17044,Graduate
65963.2596,Graduate
67068.45138,Graduate
78950.69652,Graduate
122529.5955,Graduate
50011.62904,Graduate
69094.48829,Graduate
65636.32094,Graduate
60471.3505,Graduate
93677.12764,Graduate
94310.53048,Graduate
68439.97893,Graduate
83682.93608,Graduate
63368.97333,Graduate
74805.25597,Graduate
102784.9345,Graduate
65087.23005,Graduate
99177.45918,Graduate
96063.36291,Graduate
83788.9488,Graduate
61516.89299,Graduate
66105.02785,Graduate
92454.60537,Graduate
60802.47759,Graduate
85686.451,Graduate
109939.1388,Graduate
117951.4347,Graduate
112026.2433,Graduate
65355.73181,Graduate
53802.16826,Graduate
78788.83318,Graduate
59847.6977,Graduate
123956.2126,Graduate
68180.64157,Graduate
54055.5393,Graduate
73764.98018,Graduate
105899.5713,Graduate
45528.08495,Graduate
120340.6155,Graduate
58548.68754,Graduate
106935.5261,Graduate
68386.68622,Graduate
70648.66473,Graduate
89330.96467,Graduate
65371.30855,Graduate
75579.39757,Graduate
76635.78655,Graduate
84828.2827,Graduate
56088.9777,Graduate
113694.059,Graduate
119257.9319,Graduate
86272.64429,Graduate
88311.94311,Graduate
67984.99772,Graduate
67943.66154,Graduate
100519.7624,Graduate
82974.8171,Graduate
91046.06381,Graduate
93956.90866,Graduate
78531.01493,Graduate
118815.5022,Graduate
100830.1184,Graduate
90083.97392,Graduate
50259.75057,Graduate
119523.6562,Graduate
88594.90586,Graduate
94531.31295,Graduate
93119.9904,Graduate
100534.7018,Graduate
49787.01314,Graduate
83236.7489,Graduate
33337.09425,Graduate
61309.38757,Graduate
79365.70097,Graduate
120457.5739,Graduate
65730.87331,Graduate
75400.26757,Graduate
95635.37336,Graduate
114215.0807,Graduate
79785.25798,Graduate
89320.22092,Graduate
73746.55541,Graduate
84871.61224,Graduate
64937.26491,Graduate
70664.63345,Graduate
100985.8439,Graduate
99898.42063,Graduate
95906.08191,Graduate
93603.93688,Graduate
87431.25731,Graduate
70118.2373,Graduate
120205.3845,Graduate
103786.2236,Graduate
68924.25881,Graduate
94807.97667,Graduate
40176.45561,Graduate
126961.9524,Graduate
97383.07174,Graduate
117406.3411,Graduate
79508.44663,Graduate
76419.18955,Graduate
97594.98457,Graduate
104725.3967,Graduate
92812.14954,Graduate
69809.49352,Graduate
59676.69266,Graduate
95060.46627,Graduate
91322.40658,Graduate
83480.49908,Graduate
46733.64293,Graduate
98999.70267,Graduate
50852.96637,Graduate
64485.36177,Graduate
47850.55559,Graduate
124218.7298,Graduate
94293.24729,Graduate
68270.54578,Graduate
69315.34477,Graduate
80284.15999,Graduate
115712.2496,Graduate
76851.24316,Graduate
85921.72526,Graduate
73432.71049,Graduate
79853.81726,Graduate
69847.39761,Graduate
84237.17151,Graduate
41047.18193,Graduate
73480.72568,Graduate
98201.19425,Graduate
63594.90065,Graduate
70229.87872,Graduate
84242.36942,Graduate
106776.8765,Graduate
11666.12573,Graduate
97225.30614,Graduate
135678.4367,Graduate
96141.80359,Graduate
80245.24139,Graduate
38783.57256,Graduate
86015.93272,Graduate
82149.58781,Graduate
64212.00281,Graduate
87620.28807,Graduate
96334.36422,Graduate
64261.52394,Graduate
77265.37235,Graduate
86231.98884,Graduate
84393.76054,Graduate
99347.15774,Graduate
75157.0915,Graduate
113661.6048,Graduate
81046.1097,Graduate
97420.48797,Graduate
105896.5211,Graduate
83380.03145,Graduate
100516.5848,Graduate
104730.8432,Graduate
116147.5849,Graduate
90764.90574,Graduate
106764.4913,Graduate
86310.78716,Graduate
103513.3051,Graduate
126037.8047,Graduate
59795.00709,Graduate
64706.37149,Graduate
95367.56331,Graduate
61192.73603,Graduate
102499.6018,Graduate
69884.63397,Graduate
99173.75705,Graduate
50369.03664,Graduate
80733.98849,Graduate
68572.50366,Graduate
37164.32499,Graduate
122649.7556,Graduate
46990.76293,Graduate
100732.82,Graduate
59918.92785,Graduate
92963.77874,Graduate
134442.0619,Graduate
90765.26063,Graduate
88578.66522,Graduate
97365.6949,Graduate
131179.8888,Graduate
82189.91056,Graduate
94366.60121,Graduate
88126.63914,Graduate
81164.90624,Graduate
92952.40431,Graduate
114849.6959,Graduate
84991.44037,Graduate
99580.79769,Graduate
64750.7851,Graduate
82247.39852,Graduate
115362.0611,Graduate
75582.81494,Graduate
101110.1822,Graduate
91178.72539,Graduate
72069.87169,Graduate
135597.1649,Graduate
116671.4209,Graduate
80596.38706,Graduate
74098.77422,Graduate
105688.6376,Graduate
112259.4476,Graduate
119520.8252,Graduate
100924.2168,Graduate
53721.17925,Graduate
120663.9282,Graduate
88287.73582,Graduate
106964.1406,Graduate
116380.5568,Graduate
77040.35161,Graduate
115538.1581,Graduate
74880.59732,Graduate
84102.90126,Graduate
99255.50198,Graduate
91435.39791,Graduate
120758.0199,Graduate
105251.8738,Graduate
91440.19453,Graduate
122727.3043,Graduate
68634.30505,Graduate
90474.72999,Graduate
77099.30033,Graduate
89043.53764,Graduate
60455.5173,Graduate
41007.12336,Graduate
102105.9664,Graduate
72613.46542,Graduate
28274.23917,Graduate
92988.02216,Graduate
82596.56515,Graduate
72652.90507,Graduate
77829.94867,Graduate
83110.34229,Graduate
107426.5587,Graduate
70736.61312,Graduate
65911.66556,Graduate
100566.8556,Graduate
60127.46639,Graduate
57978.48714,Graduate
126367.2313,Graduate
37546.15013,Graduate
53084.53923,Graduate
58095.58748,Graduate
79927.14148,Graduate
100059.3755,Graduate
84381.02249,Graduate
78962.68762,Graduate
117085.9586,Graduate
77905.96051,Graduate
86483.7819,Graduate
72987.91715,Graduate
81370.19549,Graduate
131424.0994,Graduate
34251.5755,Graduate
33272.51669,Graduate
67863.54886,Graduate
72344.4286,Graduate
94013.61742,Graduate
91728.24159,Graduate
89664.42669,Graduate
90985.9965,Graduate
81645.07483,Graduate
76107.61639,Graduate
76706.25843,Graduate
79478.81774,Graduate
92544.12409,Graduate
55248.22774,Graduate
77268.33578,Graduate
118364.1792,Graduate
74337.69826,Graduate
116331.9038,Graduate
76185.01935,Graduate
114147.6858,Graduate
49260.32627,Graduate
102142.931,Graduate
94765.15701,Graduate
76745.57298,Graduate
54396.08489,Graduate
105878.8158,Graduate
104791.983,Graduate
115098.7488,Graduate
93521.59414,Graduate
81101.24148,Graduate
141075.3535,Graduate
74777.36732,Graduate
117817.0913,Graduate
99256.30123,Graduate
115818.9069,Graduate
81216.32411,Graduate
115168.4822,Graduate
61999.72986,Graduate
67757.59999,Graduate
81919.08828,Graduate
80233.43382,Graduate
87566.52225,Graduate
55890.84564,Graduate
92027.52759,Graduate
76536.22849,Graduate
80733.18853,Graduate
132623.5464,Graduate
99804.84308,Graduate
84552.52261,Graduate
114961.3832,Graduate
84788.84708,Graduate
69254.18414,Graduate
96703.26357,Graduate
79674.01243,Graduate
80073.07676,Graduate
76020.17383,Graduate
91746.60747,Graduate
84429.13295,Graduate
78808.04534,Graduate
90235.52078,Graduate
111052.0679,Graduate
93269.5175,Graduate
118856.7011,Graduate
96386.18451,Graduate
100037.2616,Graduate
74524.54516,Graduate
82702.30499,Graduate
94966.83677,Graduate
109489.4545,Graduate
84793.61238,Graduate
55932.56391,Graduate
90755.34679,Graduate
97041.99795,Graduate
73883.69154,Graduate
111465.8378,Graduate
89402.29011,Graduate
83731.8294,Graduate
91473.23021,Graduate
72860.96051,Graduate
112438.9397,Graduate
119428.3064,Graduate
130983.9619,Graduate
89184.26501,Graduate
94850.10999,Graduate
143904.3252,Graduate
103996.5604,Graduate
84558.86747,Graduate
106189.28,Graduate
92699.08082,Graduate
94344.02248,Graduate
77900.86692,Graduate
52948.33954,Graduate
127150.8508,Graduate
83786.59689,Graduate
78401.26883,Graduate
99567.5178,Graduate
105804.2509,Graduate
94089.46977,Graduate
80949.37993,Graduate
56526.15032,Graduate
58737.71001,Graduate
136570.3382,Graduate
70511.7388,Graduate
65062.68819,Graduate
97619.57169,Graduate
47750.05948,Graduate
95051.33349,Graduate
98471.52877,Graduate
103882.7771,Graduate
36425.24025,Graduate
105847.0502,Graduate
65166.71018,Graduate
100971.0997,Graduate
18237.40582,Graduate
106393.8567,Graduate
87503.19989,Graduate
62785.83012,Graduate
117233.4636,Graduate
80092.44193,Graduate
73883.51623,Graduate
67221.12233,Graduate
93788.86451,Graduate
99100.5909,Graduate
113079.4744,Graduate
89015.79512,Graduate
44995.47053,Graduate
79801.98851,Graduate
61125.78865,Graduate
108956.2926,Graduate
110267.8746,Graduate
134125.8252,Graduate
29001.44964,Graduate
48118.70384,Graduate
89823.76381,Graduate
50821.57011,Graduate
142003.3755,Graduate
101518.3032,Graduate
70759.96248,Graduate
77663.79749,Graduate
90446.1508,Graduate
70986.16799,Graduate
91537.80208,Graduate
62023.45745,Graduate
76600.28982,Graduate
84643.3599,Graduate
105065.5703,Graduate
94078.07481,Graduate
122855.1867,Graduate
81805.77462,Graduate
81508.99815,Graduate
72063.3985,Graduate
85643.73217,Graduate
58328.38934,Graduate
84712.69859,Graduate
28900.02074,Graduate
78736.01787,Graduate
91332.62314,Graduate
119750.3336,Graduate
63007.21607,Graduate
37510.61257,Graduate
82028.54973,Graduate
126187.4066,Graduate
73780.22073,Graduate
105424.3356,Graduate
56413.36309,Graduate
67502.97686,Graduate
108999.4033,Graduate
109370.737,Graduate
45935.16648,Graduate
100351.4782,Graduate
80104.70911,Graduate
99458.23267,Graduate
91939.43551,Graduate
49271.77519,Graduate
51012.98344,Graduate
125891.4449,Graduate
83291.10992,Graduate
101011.6207,Graduate
66139.11751,Graduate
81000.06289,Graduate
28288.3473,Graduate
66591.9702,Graduate
61886.2082,Graduate
125631.3262,Graduate
122495.9888,Graduate
38900.19121,Graduate
81196.16981,Graduate
78856.44598,Graduate
88358.33739,Graduate
31122.53289,Graduate
32219.70981,Graduate
113050.9568,Graduate
85757.84608,Graduate
82019.25273,Graduate
95223.05118,Graduate
107984.3568,Graduate
82575.16213,Graduate
53724.39795,Graduate
81259.82098,Graduate
94879.45487,Graduate
134549.4717,Graduate
68085.45384,Graduate
97175.38489,Graduate
59505.12513,Graduate
76501.90879,Graduate
92413.74113,Graduate
83043.87766,Graduate
53595.60831,Graduate
90062.76778,Graduate
62314.25949,Graduate
95126.15122,Graduate
65505.05774,Graduate
120307.6925,Graduate
99947.27356,Graduate
91314.49676,Graduate
107201.7433,Graduate
107416.5419,Graduate
67067.64443,Graduate
96109.10377,Graduate
110243.1618,Graduate
44360.97398,Graduate
68381.55053,Graduate
59357.41183,Graduate
107243.3607,Graduate
81624.75616,Graduate
84290.11821,Graduate
95769.88624,Graduate
68319.08549,Graduate
95639.96403,Graduate
90863.18778,Graduate
71800.34562,Graduate
66402.7779,Graduate
134410.7101,Graduate
81936.83664,Graduate
82745.50933,Graduate
88572.91426,Graduate
111408.1134,Graduate
63274.91269,Graduate
110586.4895,Graduate
105222.6926,Graduate
109723.7686,Graduate
100851.0188,Graduate
92968.05411,Graduate
69064.22317,Graduate
100480.3773,Graduate
47844.66164,Graduate
90664.4632,Graduate
93570.459,Graduate
121517.6595,Graduate
106027.2795,Graduate
54460.50769,Graduate
55406.71301,Graduate
114953.7513,Graduate
66131.95609,Graduate
72301.53884,Graduate
121607.33,Graduate
68402.36196,Graduate
86178.3326,Graduate
53012.01116,Graduate
79847.00736,Graduate
56823.28788,Graduate
83906.00195,Graduate
95174.53883,Graduate
104818.1643,Graduate
94808.6603,Graduate
72083.32203,Graduate
93509.02966,Graduate
106046.9534,Graduate
131751.1931,Graduate
97225.38831,Graduate
85446.67427,Graduate
88396.80404,Graduate
117210.8737,Graduate
81195.29062,Graduate
91161.05566,Graduate
86184.57287,Graduate
86443.76431,Graduate
118263.2954,Graduate
98118.04132,Graduate
102991.2859,Graduate
71452.11103,Graduate
74164.78473,Graduate
107069.825,Graduate
83494.42543,Graduate
106220.6218,Graduate
64312.10717,Graduate
58425.37302,Graduate
80874.97115,Graduate
94332.46771,Graduate
73491.29151,Graduate
65583.69901,Graduate
80414.99305,Graduate
86200.06893,Graduate
68172.85982,Graduate
82868.74575,Graduate
107233.6881,Graduate
93474.03405,Graduate
105093.9334,Graduate
86546.19774,Graduate
77921.23673,Graduate
111559.4818,Graduate
73893.58128,Graduate
64463.67655,Graduate
64656.41552,Graduate
72323.1597,Graduate
106805.5823,Graduate
77233.48478,Graduate
38901.95576,Graduate
87001.98286,Graduate
61168.11095,Graduate
58578.7746,Graduate
75757.36302,Graduate
93431.58565,Graduate
67229.68372,Graduate
37320.21646,Graduate
49436.26516,Graduate
91403.8177,Graduate
89242.19509,Graduate
83011.95601,Graduate
92942.73158,Graduate
74227.44499,Graduate
52200.06275,Graduate
92299.66483,Graduate
73341.275,Graduate
62520.95508,Graduate
121910.8688,Graduate
101902.3803,Graduate
102965.376,Graduate
49173.92659,Graduate
69004.41541,Graduate
127483.2728,Graduate
86022.59065,Graduate
68240.53157,Graduate
107633.5921,Graduate
116729.095,Graduate
83358.50384,Graduate
75457.60693,Graduate
77957.59577,Graduate
69285.80093,Graduate
41830.37646,Graduate
98011.69294,Graduate
109547.1666,Graduate
53125.40754,Graduate
110824.0945,Graduate
103676.7516,Graduate
59469.99103,Graduate
107805.3775,Graduate
65574.04311,Graduate
80454.21013,Graduate
78198.26866,Graduate
95987.83096,Graduate
59238.35581,Graduate
98587.85425,Graduate
85969.25668,Graduate
91112.02959,Graduate
110077.6839,Graduate
76202.50222,Graduate
118847.6586,Graduate
102991.4396,Graduate
87960.5385,Graduate
85263.70575,Graduate
79030.2644,Graduate
85209.2789,Graduate
87683.89633,Graduate
101428.4524,Graduate
62431.45277,Graduate
62395.62895,Graduate
95678.26426,Graduate
103236.9181,Graduate
53158.99977,Graduate
53428.46386,Graduate
132543.8401,Graduate
91433.60057,Graduate
103295.2273,Graduate
65027.02178,Graduate
78229.97829,Graduate
82705.43214,Graduate
79715.60677,Graduate
67617.77865,Graduate
152486.7253,Graduate
75328.87699,Graduate
69872.99753,Graduate
115001.5186,Graduate
91071.43368,Graduate
87779.92452,Graduate
56368.57811,Graduate
83696.80876,Graduate
113493.5066,Graduate
80635.98855,Graduate
100353.8848,Graduate
88629.853,Graduate
89535.0156,Graduate
98061.90393,Graduate
88148.71384,Graduate
80190.58847,Graduate
86318.43277,Graduate
62456.29357,Graduate
89595.26789,Graduate
83442.04726,Graduate
92942.2751,Graduate
79845.27581,Graduate
106182.6281,Graduate
77969.72371,Graduate
93615.56176,Graduate
106637.7059,Graduate
46532.76516,Graduate
66463.73211,Graduate
84087.58582,Graduate
95258.19272,Graduate
95171.96981,Graduate
70949.2127,Graduate
71369.23601,Graduate
82518.29867,Graduate
97460.79544,Graduate
58234.44149,Graduate
67499.86099,Graduate
76723.49861,Graduate
72368.10328,Graduate
113156.0083,Graduate
130902.588,Graduate
50207.42457,Graduate
101294.6771,Graduate
115235.8655,Graduate
116583.5377,Graduate
69623.00585,Graduate
96652.75347,Graduate
66285.09466,Graduate
99809.35741,Graduate
67784.34198,Graduate
91018.21382,Graduate
101373.9769,Graduate
71954.00011,Graduate
76625.183,Graduate
65076.71906,Graduate
105463.3169,Graduate
51064.6964,Graduate
70042.64571,Graduate
102129.1863,Graduate
68568.96363,Graduate
59015.87212,Graduate
60895.00532,Graduate
75463.71447,Graduate
88753.1159,Graduate
90611.55249,Graduate
87804.20231,Graduate
81363.7217,Graduate
62468.17971,Graduate
76816.09771,Graduate
122721.7171,Graduate
35593.85133,Graduate
96765.58062,Graduate
84646.72981,Graduate
84349.26887,Graduate
85109.48372,Graduate
68406.21437,Graduate
126734.0232,Graduate
113494.0207,Graduate
97335.45392,Graduate
85600.40684,Graduate
126493.4617,Graduate
87967.2956,Graduate
92642.81494,Graduate
63001.69885,Graduate
77126.94427,Graduate
70663.23335,Graduate
115981.2387,Graduate
74591.33375,Graduate
84578.58862,Graduate
90009.08218,Graduate
99706.73418,Graduate
74260.06482,Graduate
54547.14182,Graduate
98612.3697,Graduate
36272.37347,Graduate
97110.86182,Graduate
65877.44853,Graduate
103184.5844,Graduate
103098.993,Graduate
74167.14464,Graduate
108113.4501,Graduate
71990.41236,Graduate
86164.85319,Graduate
133954.7706,Graduate
70472.4665,Graduate
73930.59065,Graduate
71908.22539,Graduate
135250.5313,Graduate
85670.18998,Graduate
89704.51161,Graduate
48288.36306,Graduate
108493.5838,Graduate
97292.32267,Graduate
60963.42241,Graduate
60596.42174,Graduate
90833.62118,Graduate
90668.80318,Graduate
110879.6668,Graduate
88559.09726,Graduate
65256.70806,Graduate
112032.2671,Graduate
114347.8048,Graduate
130062.9286,Graduate
98806.88804,Graduate
96803.41675,Graduate
83544.05781,Graduate
67733.68841,Graduate
94623.01975,Graduate
99151.95831,Graduate
96222.20568,Graduate
112008.6472,Graduate
84877.9677,Graduate
117186.1373,Graduate
64478.83641,Graduate
75335.16232,Graduate
86959.75618,Graduate
56590.93743,Graduate
90768.46676,Graduate
84346.84432,Graduate
72539.4672,Graduate
115134.2299,Graduate
59027.65783,Graduate
82749.22402,Graduate
110930.1021,Graduate
62328.04274,Graduate
79267.09293,Graduate
105142.9403,Graduate
29416.72394,Graduate
136480.4431,Graduate
135880.3404,Graduate
80623.20732,Graduate
75950.85662,Graduate
43299.67825,Graduate
85937.56375,Graduate
70620.87328,Graduate
86383.44082,Graduate
102122.5594,Graduate
101396.7875,Graduate
80122.95882,Graduate
71347.43493,Graduate
78568.38306,Graduate
96915.95809,Graduate
47550.5387,Graduate
64685.61457,Graduate
61475.91855,Graduate
